rank,graph_id,vertices,faces,triangles,min_x,min_y,min_z,max_x,max_y,max_z,material_face_counts
0,635,24140,47608,47608,0.0034997938200831413,-0.10182953625917435,0.00146484375,0.2010803520679474,0.1516723483800888,0.3205718994140625,"{""0"": 47608}"
1,982,15498,30282,30282,0.230438232421875,-0.06957240402698517,0.5066661834716797,0.355072021484375,0.13757328689098358,0.791717529296875,"{""0"": 30282}"
2,224,14724,28922,28922,-0.2368164211511612,-0.02084730938076973,0.779205322265625,-0.03299333527684212,0.2335052490234375,0.9549560546875,"{""0"": 28922}"
3,737,12271,23974,23974,0.09859466552734375,-0.12021632492542267,0.737640380859375,0.2625732421875,0.14041142165660858,0.909454345703125,"{""0"": 23974}"
4,498,10505,20474,20474,-0.08745577186346054,0.002413056790828705,0.75286865234375,0.03751370310783386,0.31591796875,0.941741943359375,"{""0"": 20474}"
5,85,9719,18887,18887,-0.30206298828125,0.0705718845129013,0.5872726440429688,-0.1922454982995987,0.2700195014476776,0.82049560546875,"{""0"": 18887}"
6,452,9562,18732,18732,-0.12267298251390457,-0.32757568359375,0.225311279296875,0.06669622659683228,-0.11752321571111679,0.38616943359375,"{""0"": 18732}"
7,183,9331,18204,18204,-0.250244140625,-0.1184387132525444,0.781158447265625,-0.050811767578125,0.06531523168087006,0.93603515625,"{""0"": 18204}"
8,597,8785,17192,17192,-0.02044481784105301,-0.311553955078125,0.22552490234375,0.18493656814098358,-0.10161589831113815,0.41351318359375,"{""0"": 17192}"
9,463,8460,16462,16462,-0.11401363462209702,-0.08644869178533554,0.0,0.06135179102420807,0.1872711032629013,0.179595947265625,"{""0"": 16462}"
10,562,7746,14983,14983,-0.0411338172852993,-0.37451171875,0.3674468994140625,0.18066410720348358,-0.1943969428539276,0.5427474975585938,"{""0"": 14983}"
11,373,7481,14587,14587,-0.1732330173254013,-0.01343921385705471,0.011749267578125,-0.06328581273555756,0.1654662787914276,0.297607421875,"{""0"": 14587}"
12,476,7265,14097,14097,-0.10105129331350327,-0.1637268215417862,0.156890869140625,0.1472473442554474,-0.02052878402173519,0.3170013427734375,"{""0"": 14097}"
13,669,7212,14017,14017,0.03007315658032894,0.019718201830983162,0.7816162109375,0.2092285007238388,0.2021179497241974,0.93206787109375,"{""0"": 14017}"
14,347,7080,13806,13806,-0.1881866157054901,-0.264129638671875,0.795166015625,0.028308888897299767,-0.159423828125,0.911590576171875,"{""0"": 13806}"
15,403,6966,13417,13417,-0.1595459282398224,0.2220916599035263,0.2786102294921875,0.035968758165836334,0.317779541015625,0.5144939422607422,"{""0"": 13417}"
16,282,6785,13079,13079,-0.2118072211742401,-0.2571106255054474,0.2769317626953125,-0.09346004575490952,-0.0020122788846492767,0.4462089538574219,"{""0"": 13079}"
17,664,6522,12592,12592,0.026729552075266838,0.2183075249195099,0.5982131958007812,0.1884002387523651,0.331634521484375,0.77191162109375,"{""0"": 12592}"
18,464,6137,11944,11944,-0.11334987729787827,-0.1032104641199112,0.001190185546875,0.03189472854137421,-0.00233438634313643,0.194000244140625,"{""0"": 11944}"
19,759,6101,11804,11804,0.11439517885446548,-0.1824493110179901,0.261199951171875,0.2278900444507599,0.02382279746234417,0.4470710754394531,"{""0"": 11804}"
20,28,6060,11704,11704,-0.33514404296875,0.03231809288263321,0.5887680053710938,-0.2149963527917862,0.14372248947620392,0.819793701171875,"{""0"": 11704}"
21,268,5871,11391,11391,-0.2170410007238388,-0.1681823581457138,0.796600341796875,0.017074603587388992,-0.06652070581912994,0.91729736328125,"{""0"": 11391}"
22,686,5853,11384,11384,0.04864123463630676,-0.2456359565258026,0.779205322265625,0.2348938137292862,-0.10707087814807892,0.881561279296875,"{""0"": 11384}"
23,757,5874,11369,11369,0.11027529835700989,-0.2615050971508026,0.6717681884765625,0.262176513671875,-0.11638636887073517,0.81756591796875,"{""0"": 11369}"
24,925,5719,11093,11093,0.2066650688648224,-0.19956965744495392,0.5468635559082031,0.282379150390625,-0.03443141654133797,0.6991729736328125,"{""0"": 11093}"
25,215,5620,10776,10776,-0.2372131198644638,-0.239959716796875,0.698394775390625,-0.1342620551586151,-0.07965853065252304,0.846771240234375,"{""0"": 10776}"
26,346,5496,10606,10606,-0.1880492866039276,-0.317169189453125,0.5346488952636719,-0.019130654633045197,-0.1928100883960724,0.6625823974609375,"{""0"": 10606}"
27,222,5351,10310,10310,-0.2362365424633026,-0.29486083984375,0.7045135498046875,-0.047378506511449814,-0.1863098293542862,0.8355712890625,"{""0"": 10310}"
28,422,5331,10269,10269,-0.14431758224964142,-0.35888671875,0.3636474609375,-0.026088660582900047,-0.2415313869714737,0.5485000610351562,"{""0"": 10269}"
29,335,4910,9499,9499,-0.1920013725757599,0.2771300971508026,0.44144436717033386,-0.07021334767341614,0.3359375,0.632354736328125,"{""0"": 9499}"
30,395,4836,9343,9343,-0.1613159030675888,0.06620022654533386,0.0621337890625,-0.03921889513731003,0.1878814399242401,0.257232666015625,"{""0"": 9343}"
31,643,4279,8265,8265,0.010136591270565987,0.217559814453125,0.3298187255859375,0.1558074802160263,0.2999267578125,0.500645637512207,"{""0"": 8265}"
32,1073,4267,8263,8263,0.296966552734375,0.11499027907848358,0.37792205810546875,0.33746337890625,0.2606506645679474,0.5533294677734375,"{""0"": 8263}"
33,683,4238,8148,8148,0.04663090035319328,-0.3150024116039276,0.645050048828125,0.15220646560192108,-0.2532348334789276,0.765899658203125,"{""0"": 8148}"
34,501,4144,8012,8012,-0.08462527394294739,0.318023681640625,0.452880859375,0.03770825266838074,0.362579345703125,0.6371002197265625,"{""0"": 8012}"
35,36,3980,7662,7662,-0.32647705078125,-0.0030598933808505535,0.5332565307617188,-0.277069091796875,0.11618800461292267,0.683380126953125,"{""0"": 7662}"
36,596,3907,7509,7509,-0.020374245941638947,-0.324188232421875,0.59722900390625,0.13177494704723358,-0.264251708984375,0.762176513671875,"{""0"": 7509}"
37,118,3814,7350,7350,-0.28424072265625,-0.026342421770095825,0.43822479248046875,-0.1916808933019638,0.08543392270803452,0.5189933776855469,"{""0"": 7350}"
38,283,3789,7302,7302,-0.2120819389820099,0.2344665378332138,0.6090087890625,-0.1419678032398224,0.3307799994945526,0.75079345703125,"{""0"": 7302}"
39,529,3806,7285,7285,-0.06473536789417267,-0.32513427734375,0.6988677978515625,0.00712970644235611,-0.27099609375,0.822601318359375,"{""0"": 7285}"
40,551,3748,7228,7228,-0.04968637228012085,-0.374786376953125,0.3544464111328125,0.060737669467926025,-0.2962646484375,0.4695320129394531,"{""0"": 7228}"
41,214,3732,7172,7172,-0.2374725639820099,0.1440276950597763,0.695587158203125,-0.1375885307788849,0.2713317573070526,0.81689453125,"{""0"": 7172}"
42,647,3726,7111,7111,0.013699543662369251,-0.1264343112707138,0.87945556640625,0.0723114013671875,0.06414034962654114,0.959747314453125,"{""0"": 7111}"
43,137,3589,6889,6889,-0.274169921875,0.03966899961233139,0.2848968505859375,-0.1924438327550888,0.11312861740589142,0.4597187042236328,"{""0"": 6889}"
44,754,3525,6789,6789,0.11280827969312668,-0.187225341796875,0.2418365627527237,0.22372440993785858,-0.1476745307445526,0.42938998341560364,"{""0"": 6789}"
45,725,3490,6738,6738,0.08870696276426315,0.1767730712890625,0.2509307861328125,0.1807098239660263,0.2587585747241974,0.4561882019042969,"{""0"": 6738}"
46,717,3457,6637,6637,0.0793762281537056,-0.1342925727367401,0.818572998046875,0.2163543850183487,-0.043975796550512314,0.909393310546875,"{""0"": 6637}"
47,18,3416,6553,6553,-0.3411865234375,-0.11866762489080429,0.49536848068237305,-0.2484741061925888,-0.004461809527128935,0.7437744140625,"{""0"": 6553}"
48,488,3403,6510,6510,-0.09207156300544739,0.26171875,0.6243133544921875,0.031396832317113876,0.331878662109375,0.768768310546875,"{""0"": 6510}"
49,393,3374,6450,6450,-0.16093440353870392,-0.310516357421875,0.6554412841796875,-0.04448314383625984,-0.2642212212085724,0.810699462890625,"{""0"": 6450}"
50,709,3321,6404,6404,0.07620999962091446,0.27532958984375,0.308563232421875,0.1376190036535263,0.316986083984375,0.5154094696044922,"{""0"": 6404}"
51,135,3309,6358,6358,-0.274993896484375,0.2190398871898651,0.49352380633354187,-0.1877594292163849,0.3132018744945526,0.6170501708984375,"{""0"": 6358}"
52,11,3272,6350,6350,-0.35772705078125,0.17636103928089142,0.38120266795158386,-0.3245849609375,0.3022155463695526,0.5114917755126953,"{""0"": 6350}"
53,170,3296,6281,6281,-0.25299072265625,-0.06205371022224426,0.34210205078125,-0.1534270942211151,0.04431530088186264,0.4872255325317383,"{""0"": 6281}"
54,684,3247,6231,6231,0.04600910097360611,-0.303802490234375,0.7399444580078125,0.14811711013317108,-0.2409972846508026,0.8109130859375,"{""0"": 6231}"
55,1029,3265,6224,6224,0.26873779296875,0.10395818203687668,0.5457725524902344,0.32928466796875,0.1948242485523224,0.6675872802734375,"{""0"": 6224}"
56,588,3230,6164,6164,-0.027637427672743797,-0.32086181640625,0.5188522338867188,0.10546880215406418,-0.2794189453125,0.6297760009765625,"{""0"": 6164}"
57,672,3196,6148,6148,0.03356548771262169,0.1293029934167862,0.729827880859375,0.10517117381095886,0.288482666015625,0.904449462890625,"{""0"": 6148}"
58,712,3232,6144,6144,0.0774993821978569,0.01545813586562872,0.80096435546875,0.1676635444164276,0.2548218071460724,0.9228515625,"{""0"": 6144}"
59,174,3177,6042,6042,-0.251739501953125,-0.1331634372472763,0.7952880859375,-0.033447254449129105,-0.017038365826010704,0.944122314453125,"{""0"": 6042}"
60,182,3152,5961,5961,-0.2488555610179901,-0.2132568508386612,0.5139274597167969,-0.1821136176586151,-0.11985781043767929,0.7097320556640625,"{""0"": 5961}"
61,405,3072,5902,5902,-0.15721125900745392,-0.297271728515625,0.76654052734375,-0.05014416202902794,-0.2557067573070526,0.87091064453125,"{""0"": 5902}"
62,1016,3091,5891,5891,0.25738525390625,-0.09568019211292267,0.6122894287109375,0.327728271484375,0.0013592750765383244,0.7568359375,"{""0"": 5891}"
63,777,2975,5701,5701,0.1327972114086151,0.16549687087535858,0.6666717529296875,0.2254638522863388,0.2592773735523224,0.795135498046875,"{""0"": 5701}"
64,459,3005,5679,5679,-0.11668391525745392,-0.348388671875,0.6003494262695312,-0.04420465975999832,-0.2867431640625,0.7257080078125,"{""0"": 5679}"
65,96,2947,5633,5633,-0.294586181640625,-0.11495973914861679,0.5889892578125,-0.2122649997472763,0.008097616955637932,0.729156494140625,"{""0"": 5633}"
66,696,2942,5599,5599,0.059009578078985214,-0.2113036811351776,0.7149200439453125,0.25701904296875,-0.13352961838245392,0.854705810546875,"{""0"": 5599}"
67,660,2936,5579,5579,0.023494720458984375,-0.05693432688713074,0.885467529296875,0.1429138034582138,0.06590273976325989,0.931671142578125,"{""0"": 5579}"
68,873,2904,5542,5542,0.17683415114879608,-0.2875365912914276,0.5917510986328125,0.328094482421875,-0.09526056796312332,0.6666412353515625,"{""0"": 5542}"
69,724,2837,5364,5364,0.08720403164625168,-0.306610107421875,0.546875,0.18081669509410858,-0.2324981540441513,0.6566619873046875,"{""0"": 5364}"
70,527,2789,5349,5349,-0.0671081691980362,-0.03207395598292351,0.921142578125,0.0271606408059597,0.0952606350183487,0.95819091796875,"{""0"": 5349}"
71,357,2802,5343,5343,-0.1856384426355362,0.1891784518957138,0.28717041015625,-0.1001129224896431,0.2607421576976776,0.417388916015625,"{""0"": 5343}"
72,913,2794,5328,5328,0.2012634575366974,-0.1250915229320526,0.4412117004394531,0.2646484375,-0.028169600293040276,0.5430755615234375,"{""0"": 5328}"
73,649,2847,5325,5325,0.015996962785720825,-0.2353973239660263,0.809600830078125,0.06831362098455429,-0.1714935153722763,0.90985107421875,"{""0"": 5325}"
74,221,2780,5324,5324,-0.2363433986902237,-0.018014896661043167,0.837158203125,-0.05970001593232155,0.1274413913488388,0.944610595703125,"{""0"": 5324}"
75,872,2780,5312,5312,0.1763305366039276,0.2047882378101349,0.44136810302734375,0.256988525390625,0.3452148735523224,0.5957717895507812,"{""0"": 5312}"
76,1018,2792,5292,5292,0.259246826171875,0.018421219661831856,0.52972412109375,0.35015869140625,0.10278324782848358,0.783203125,"{""0"": 5292}"
77,500,2752,5217,5217,-0.08795925974845886,-0.3070068359375,0.8114013671875,0.0213032029569149,-0.1982726901769638,0.857391357421875,"{""0"": 5217}"
78,922,2704,5181,5181,0.2028655856847763,0.08064274489879608,0.6878509521484375,0.28173828125,0.18840031325817108,0.79986572265625,"{""0"": 5181}"
79,985,2666,5097,5097,0.2326507866382599,-0.13203425705432892,0.6005401611328125,0.31915283203125,-0.05187983810901642,0.715667724609375,"{""0"": 5097}"
80,421,2636,5033,5033,-0.1450958549976349,0.2917785346508026,0.334991455078125,-0.045482657849788666,0.347747802734375,0.5120429992675781,"{""0"": 5033}"
81,563,2588,4973,4973,-0.04007342457771301,0.1381836086511612,0.808380126953125,-0.0003909260267391801,0.303009033203125,0.94329833984375,"{""0"": 4973}"
82,151,2582,4926,4926,-0.261077880859375,-0.1349334716796875,0.756500244140625,-0.09360502660274506,-0.06310274451971054,0.90289306640625,"{""0"": 4926}"
83,614,2575,4910,4910,-0.012644801288843155,0.30828857421875,0.3391571044921875,0.06162640452384949,0.33154296875,0.63250732421875,"{""0"": 4910}"
84,748,2603,4881,4881,0.1083526760339737,0.01706506311893463,0.187896728515625,0.2062835842370987,0.11882782727479935,0.302520751953125,"{""0"": 4881}"
85,2,2535,4864,4864,-0.384124755859375,0.00748250400647521,0.6339569091796875,-0.27008056640625,0.19837947189807892,0.7346038818359375,"{""0"": 4864}"
86,838,2544,4864,4864,0.16233830153942108,-0.2666930854320526,0.5338401794433594,0.24284367263317108,-0.1817931830883026,0.6768646240234375,"{""0"": 4864}"
87,404,2530,4851,4851,-0.15748591721057892,-0.320953369140625,0.64862060546875,-0.04991145804524422,-0.3019409477710724,0.7808837890625,"{""0"": 4851}"
88,468,2528,4842,4842,-0.10707850009202957,-0.337249755859375,0.6168365478515625,-0.04297251999378204,-0.2928466796875,0.755767822265625,"{""0"": 4842}"
89,856,2536,4831,4831,0.17021183669567108,-0.2231902927160263,0.4093170166015625,0.2174682915210724,-0.11193081736564636,0.5545196533203125,"{""0"": 4831}"
90,716,2499,4804,4804,0.07875821739435196,0.2761841118335724,0.42331695556640625,0.1492004096508026,0.316864013671875,0.6175994873046875,"{""0"": 4804}"
91,967,2488,4738,4738,0.2226714938879013,0.12030033767223358,0.5774154663085938,0.2933349609375,0.21290592849254608,0.729339599609375,"{""0"": 4738}"
92,198,2518,4712,4712,-0.2430267184972763,-0.08337405323982239,0.47519779205322266,-0.2252807468175888,-0.022472411394119263,0.6121597290039062,"{""0"": 4712}"
93,988,2461,4665,4665,0.2364349365234375,0.10659030079841614,0.38494873046875,0.315582275390625,0.1788788139820099,0.509368896484375,"{""0"": 4665}"
94,941,2451,4637,4637,0.2108612209558487,0.019472142681479454,0.2434082180261612,0.2821044921875,0.09834292531013489,0.3915863037109375,"{""0"": 4637}"
95,975,2404,4577,4577,0.22529606521129608,-0.1984862983226776,0.5029745101928711,0.34197998046875,-0.026920272037386894,0.5450439453125,"{""0"": 4577}"
96,509,2424,4570,4570,-0.08026885241270065,-0.1285858005285263,0.9061279296875,0.024583816528320312,-0.02243231050670147,0.939727783203125,"{""0"": 4570}"
97,590,2341,4500,4500,-0.027719488367438316,0.11464691162109375,0.158966064453125,0.06204606220126152,0.1649017184972763,0.267669677734375,"{""0"": 4500}"
98,13,2379,4468,4468,-0.347015380859375,0.11335749924182892,0.4781131446361542,-0.311065673828125,0.20356746017932892,0.5714797973632812,"{""0"": 4468}"
99,640,2336,4466,4466,0.006273786537349224,-0.3037109375,0.773193359375,0.05472186580300331,-0.2060241550207138,0.850830078125,"{""0"": 4466}"
100,830,2332,4452,4452,0.1572723388671875,-0.02425571344792843,0.815460205078125,0.250274658203125,0.14527897536754608,0.907470703125,"{""0"": 4452}"
101,78,2309,4385,4385,-0.3050537109375,-0.049922965466976166,0.7024688720703125,-0.2361907958984375,0.02223775163292885,0.7945556640625,"{""0"": 4385}"
102,426,2267,4356,4356,-0.1416930854320526,-0.09649660438299179,0.22509765625,-0.08930965512990952,0.014387103728950024,0.3199310302734375,"{""0"": 4356}"
103,695,2288,4350,4350,0.05543137341737747,-0.10833737999200821,0.88592529296875,0.18914794921875,0.016756098717451096,0.9185791015625,"{""0"": 4350}"
104,738,2310,4337,4337,0.09918976575136185,0.07927705347537994,0.2683258056640625,0.1965637356042862,0.1596832424402237,0.326568603515625,"{""0"": 4337}"
105,445,2250,4309,4309,-0.1322021335363388,-0.061512015759944916,0.124053955078125,-0.09233852475881577,0.03198239207267761,0.2681884765625,"{""0"": 4309}"
106,197,2267,4286,4286,-0.2431182563304901,-0.1734161674976349,0.433258056640625,-0.1927947700023651,-0.09946444630622864,0.580963134765625,"{""0"": 4286}"
107,715,2153,4124,4124,0.07785031199455261,0.1444549858570099,0.76824951171875,0.1558685004711151,0.2376556694507599,0.879119873046875,"{""0"": 4124}"
108,331,2167,4109,4109,-0.1934509426355362,0.2519836127758026,0.3014678955078125,-0.12149812281131744,0.2874450385570526,0.5291862487792969,"{""0"": 4109}"
109,506,2181,4082,4082,-0.08312226086854935,0.1973113864660263,0.2786102294921875,0.0011556666577234864,0.2479095309972763,0.37406158447265625,"{""0"": 4082}"
110,936,2150,4042,4042,0.2091216742992401,0.1916961967945099,0.5704193115234375,0.27081298828125,0.24137882888317108,0.7100982666015625,"{""0"": 4042}"
111,383,2139,4036,4036,-0.16847224533557892,-0.2980041801929474,0.6776885986328125,-0.10771175473928452,-0.2611084282398224,0.800048828125,"{""0"": 4036}"
112,658,2097,3968,3968,0.02120400033891201,-0.1314696967601776,0.879669189453125,0.09441377222537994,-0.06457517296075821,0.965362548828125,"{""0"": 3968}"
113,196,2086,3946,3946,-0.2441253811120987,0.1981506049633026,0.3210601508617401,-0.1733703762292862,0.2639770209789276,0.4659061133861542,"{""0"": 3946}"
114,1086,2037,3877,3877,0.305084228515625,-0.043781232088804245,0.5244979858398438,0.399658203125,0.08216863125562668,0.630218505859375,"{""0"": 3877}"
115,770,2046,3872,3872,0.12886051833629608,-0.2860717475414276,0.6588134765625,0.20240788161754608,-0.24580378830432892,0.789794921875,"{""0"": 3872}"
116,996,2022,3835,3835,0.2449798434972763,0.13616947829723358,0.6728363037109375,0.27496337890625,0.24536137282848358,0.821380615234375,"{""0"": 3835}"
117,945,1990,3788,3788,0.2145386040210724,-0.1930694282054901,0.5105209350585938,0.284820556640625,-0.07927700132131577,0.6279449462890625,"{""0"": 3788}"
118,526,1987,3778,3778,-0.0664520338177681,-0.08659360557794571,0.94927978515625,0.025943759828805923,0.037788402289152145,0.98046875,"{""0"": 3778}"
119,370,1975,3777,3777,-0.1759033203125,0.1414489448070526,0.251953125,-0.12335205078125,0.1951446384191513,0.3414001166820526,"{""0"": 3777}"
120,334,1971,3743,3743,-0.19168086349964142,-0.2778625786304474,0.5502433776855469,-0.15658564865589142,-0.2183990776538849,0.6771240234375,"{""0"": 3743}"
121,585,1923,3659,3659,-0.02796175517141819,0.01346590556204319,0.93524169921875,0.035842880606651306,0.1533813625574112,0.963409423828125,"{""0"": 3659}"
122,1023,1906,3616,3616,0.2659912109375,0.10311894118785858,0.5615081787109375,0.314117431640625,0.17648319900035858,0.7291107177734375,"{""0"": 3616}"
123,465,1901,3586,3586,-0.1137847900390625,0.1384734809398651,0.206298828125,-0.026330944150686264,0.1981963962316513,0.324005126953125,"{""0"": 3586}"
124,935,1907,3562,3562,0.2091674953699112,-0.016454672440886497,0.3141326904296875,0.274993896484375,0.041633639484643936,0.4408226013183594,"{""0"": 3562}"
125,396,1902,3559,3559,-0.1605224311351776,-0.2236175537109375,0.777313232421875,0.02141573652625084,-0.2073364108800888,0.863067626953125,"{""0"": 3559}"
126,353,1866,3555,3555,-0.1865386813879013,-0.011226681061089039,0.259185791015625,-0.12387846410274506,0.07849881798028946,0.4105377197265625,"{""0"": 3555}"
127,195,1872,3552,3552,-0.2435760200023651,-0.16290287673473358,0.303863525390625,-0.17207331955432892,-0.08353427052497864,0.4635028839111328,"{""0"": 3552}"
128,609,1856,3523,3523,-0.013495391234755516,-0.3641357421875,0.6529998779296875,0.03835300728678703,-0.29718017578125,0.780853271484375,"{""0"": 3523}"
129,141,1861,3504,3504,-0.26953125,0.2332000434398651,0.4303435981273651,-0.1906585842370987,0.2778930366039276,0.5323486328125,"{""0"": 3504}"
130,414,1833,3497,3497,-0.1522826999425888,0.06844327598810196,0.217620849609375,-0.0829162523150444,0.1263732612133026,0.305450439453125,"{""0"": 3497}"
131,50,1830,3460,3460,-0.318634033203125,-0.03684236854314804,0.647003173828125,-0.2449188083410263,0.06547542661428452,0.745513916015625,"{""0"": 3460}"
132,73,1825,3454,3454,-0.30657958984375,0.11990353465080261,0.5694961547851562,-0.278076171875,0.19821162521839142,0.6809844970703125,"{""0"": 3454}"
133,179,1814,3430,3430,-0.2496185153722763,-0.12067415565252304,0.4578285217285156,-0.2336120456457138,-0.07063295692205429,0.6640625,"{""0"": 3430}"
134,75,1829,3419,3419,-0.307647705078125,0.16557307541370392,0.4767865836620331,-0.266937255859375,0.2344665229320526,0.5912322998046875,"{""0"": 3419}"
135,857,1785,3401,3401,0.1699218899011612,-0.08419032394886017,0.803680419921875,0.2472076416015625,-0.025228453800082207,0.874603271484375,"{""0"": 3401}"
136,1091,1782,3394,3394,0.311859130859375,0.07837680727243423,0.34271240234375,0.33587646484375,0.14442448318004608,0.4620952606201172,"{""0"": 3394}"
137,512,1777,3368,3368,-0.0782470554113388,-0.1714019626379013,0.88714599609375,0.03369523584842682,-0.1438751071691513,0.91802978515625,"{""0"": 3368}"
138,154,1762,3360,3360,-0.259490966796875,-0.06581118702888489,0.4696235656738281,-0.2166289985179901,0.009567229077219963,0.5513954162597656,"{""0"": 3360}"
139,427,1766,3352,3352,-0.1426086723804474,0.219024658203125,0.681121826171875,-0.08208468556404114,0.2999267578125,0.796600341796875,"{""0"": 3352}"
140,1108,1779,3351,3351,0.335845947265625,0.04447560012340546,0.41948699951171875,0.376739501953125,0.18655399978160858,0.5249481201171875,"{""0"": 3351}"
141,544,1772,3341,3341,-0.054561641067266464,0.299591064453125,0.3581085205078125,-0.001786018954589963,0.3221435546875,0.4850916862487793,"{""0"": 3341}"
142,832,1757,3340,3340,0.1583709418773651,0.2471161186695099,0.6144866943359375,0.2076415717601776,0.3120422661304474,0.7133941650390625,"{""0"": 3340}"
143,168,1756,3322,3322,-0.254638671875,-0.148834228515625,0.74005126953125,-0.1650848239660263,-0.11432649940252304,0.84112548828125,"{""0"": 3322}"
144,290,1732,3314,3314,-0.2088164985179901,-0.08450321108102798,0.20513916015625,-0.1367339789867401,-0.06320193409919739,0.3449554443359375,"{""0"": 3314}"
145,933,1761,3312,3312,0.20944218337535858,-0.24275203049182892,0.5921401977539062,0.302337646484375,-0.12262721359729767,0.6790924072265625,"{""0"": 3312}"
146,558,1729,3274,3274,-0.04668811336159706,0.255340576171875,0.6917724609375,0.03566357120871544,0.299072265625,0.7811279296875,"{""0"": 3274}"
147,854,1729,3272,3272,0.168121337890625,0.1870422661304474,0.375946044921875,0.2420806735754013,0.2473450005054474,0.493009090423584,"{""0"": 3272}"
148,1090,1726,3260,3260,0.31103515625,0.04874424263834953,0.41553497314453125,0.33551025390625,0.13201908767223358,0.5328559875488281,"{""0"": 3260}"
149,204,1723,3257,3257,-0.2418823093175888,-0.04896166920661926,0.3318328857421875,-0.2198180854320526,0.0007998558576218784,0.48360538482666016,"{""0"": 3257}"
150,853,1733,3235,3235,0.1677704006433487,0.05570222809910774,0.277862548828125,0.258331298828125,0.1402588188648224,0.38153839111328125,"{""0"": 3235}"
151,68,1720,3225,3225,-0.308502197265625,0.18096919357776642,0.41565701365470886,-0.2406463772058487,0.2455291450023651,0.5216217041015625,"{""0"": 3225}"
152,129,1691,3207,3207,-0.277679443359375,0.1670684516429901,0.3306274116039276,-0.1962127685546875,0.2226867377758026,0.4289970099925995,"{""0"": 3207}"
153,965,1691,3196,3196,0.2234039455652237,-0.0022709083277732134,0.3994598388671875,0.285919189453125,0.03682330623269081,0.495485782623291,"{""0"": 3196}"
154,5,1656,3167,3167,-0.382965087890625,0.023834191262722015,0.5331344604492188,-0.306121826171875,0.08987421542406082,0.5965805053710938,"{""0"": 3167}"
155,706,1702,3160,3160,0.07176972180604935,0.132781982421875,0.25341796875,0.130462646484375,0.2006683498620987,0.3394012451171875,"{""0"": 3160}"
156,286,1702,3154,3154,-0.2098540961742401,-0.12339785695075989,0.2497100830078125,-0.15003962814807892,-0.08084872364997864,0.4413108825683594,"{""0"": 3154}"
157,837,1664,3150,3150,0.1612548530101776,0.2473144829273224,0.67138671875,0.1926269233226776,0.3078613579273224,0.807281494140625,"{""0"": 3150}"
158,790,1679,3139,3139,0.1407928317785263,0.2467804253101349,0.4416923522949219,0.2086944431066513,0.2783508598804474,0.6040878295898438,"{""0"": 3139}"
159,690,1666,3129,3129,0.051342032849788666,-0.1937408149242401,0.83599853515625,0.1223449856042862,-0.12172696739435196,0.8956298828125,"{""0"": 3129}"
160,956,1641,3116,3116,0.2165679782629013,0.1992492973804474,0.38250732421875,0.265472412109375,0.2402038872241974,0.5775604248046875,"{""0"": 3116}"
161,158,1631,3094,3094,-0.257171630859375,-0.1764068752527237,0.6185455322265625,-0.2204437106847763,-0.10510256141424179,0.730682373046875,"{""0"": 3094}"
162,409,1619,3091,3091,-0.1551513671875,0.10911557823419571,0.208038330078125,-0.0796203538775444,0.1729125678539276,0.3087005615234375,"{""0"": 3091}"
163,978,1621,3054,3054,0.2269745022058487,-0.08786007761955261,0.5059013366699219,0.28973388671875,-0.024240456521511078,0.5621337890625,"{""0"": 3054}"
164,21,1614,3014,3014,-0.340057373046875,0.08145900815725327,0.5458869934082031,-0.29119873046875,0.16827388107776642,0.624664306640625,"{""0"": 3014}"
165,275,1581,3007,3007,-0.2146911472082138,0.005784957204014063,0.3077239990234375,-0.1696319431066513,0.057365383952856064,0.412353515625,"{""0"": 3007}"
166,846,1585,3006,3006,0.16233830153942108,-0.2381133884191513,0.4591121971607208,0.21278385818004608,-0.1780395209789276,0.5690765380859375,"{""0"": 3006}"
167,677,1594,3005,3005,0.035854317247867584,0.27850341796875,0.4364662170410156,0.10269162058830261,0.3214111328125,0.60150146484375,"{""0"": 3005}"
168,580,1610,2998,2998,-0.03263091668486595,0.1351928561925888,0.18511962890625,0.05530930310487747,0.1875762790441513,0.296234130859375,"{""0"": 2998}"
169,908,1584,2989,2989,0.1990814357995987,0.028812428936362267,0.20550537109375,0.2379913479089737,0.06122209504246712,0.3112335205078125,"{""0"": 2989}"
170,67,1589,2964,2964,-0.307952880859375,0.09383387863636017,0.304595947265625,-0.255523681640625,0.12328334897756577,0.45079803466796875,"{""0"": 2964}"
171,910,1576,2944,2944,0.20021061599254608,-0.2038726508617401,0.40991973876953125,0.22744755446910858,-0.1475066840648651,0.538970947265625,"{""0"": 2944}"
172,90,1563,2927,2927,-0.298187255859375,-0.2200622707605362,0.64263916015625,-0.2171935737133026,-0.14204411208629608,0.715301513671875,"{""0"": 2927}"
173,514,1537,2925,2925,-0.07620242238044739,0.310028076171875,0.42444610595703125,-0.0017304685898125172,0.332427978515625,0.562744140625,"{""0"": 2925}"
174,674,1542,2903,2903,0.03415680304169655,0.151397705078125,0.2580718994140625,0.0826873704791069,0.19842529296875,0.330810546875,"{""0"": 2903}"
175,540,1534,2901,2901,-0.05759047344326973,-0.1921386569738388,0.885650634765625,0.031465549021959305,-0.1277313083410263,0.943603515625,"{""0"": 2901}"
176,1106,1550,2893,2893,0.326416015625,0.04598240554332733,0.41948699951171875,0.372772216796875,0.18655399978160858,0.5255088806152344,"{""0"": 2893}"
177,339,1546,2889,2889,-0.1907500922679901,-0.2781372368335724,0.6742401123046875,-0.10710903257131577,-0.2098236232995987,0.78179931640625,"{""0"": 2889}"
178,900,1539,2884,2884,0.1951751559972763,0.14761357009410858,0.6563262939453125,0.2478027194738388,0.2278595268726349,0.79339599609375,"{""0"": 2884}"
179,319,1535,2878,2878,-0.198516845703125,0.15263362228870392,0.238525390625,-0.159881591796875,0.19953913986682892,0.3402099311351776,"{""0"": 2878}"
180,1116,1509,2862,2862,0.356292724609375,0.0350533090531826,0.5324745178222656,0.385650634765625,0.10971836745738983,0.636932373046875,"{""0"": 2862}"
181,940,1518,2859,2859,0.2111053764820099,-0.1562957465648651,0.5266151428222656,0.2419586479663849,-0.07933804392814636,0.5900344848632812,"{""0"": 2859}"
182,467,1485,2833,2833,-0.11177065968513489,0.1844940185546875,0.767822265625,-0.06447604298591614,0.261962890625,0.858856201171875,"{""0"": 2833}"
183,218,1492,2832,2832,-0.23614497482776642,-0.3098450005054474,0.60205078125,-0.14581294357776642,-0.2209015190601349,0.6546630859375,"{""0"": 2832}"
184,891,1504,2826,2826,0.1865539848804474,-0.16882319748401642,0.706146240234375,0.2677001953125,-0.08741755783557892,0.805633544921875,"{""0"": 2826}"
185,831,1506,2795,2795,0.1574096828699112,-0.051841720938682556,0.294219970703125,0.2014313042163849,0.024047864601016045,0.37673187255859375,"{""0"": 2795}"
186,758,1464,2745,2745,0.11372380703687668,-0.2803649604320526,0.40615084767341614,0.18350224196910858,-0.2310638129711151,0.5262680053710938,"{""0"": 2745}"
187,530,1462,2743,2743,-0.062469519674777985,0.2998046875,0.651824951171875,-0.005990547128021717,0.3802490234375,0.76544189453125,"{""0"": 2743}"
188,907,1454,2741,2741,0.1970672607421875,0.10884096473455429,0.29888916015625,0.262420654296875,0.1652374565601349,0.39774322509765625,"{""0"": 2741}"
189,739,1447,2739,2739,0.09950260818004608,-0.3127441108226776,0.6849822998046875,0.16925053298473358,-0.29168701171875,0.785400390625,"{""0"": 2739}"
190,343,1476,2723,2723,-0.1904144287109375,0.09206387400627136,0.2500152587890625,-0.1434783786535263,0.1598815619945526,0.3276519775390625,"{""0"": 2723}"
191,349,1440,2714,2714,-0.1871032863855362,0.2473754733800888,0.30108642578125,-0.1209564357995987,0.2874450385570526,0.434047669172287,"{""0"": 2714}"
192,787,1435,2713,2713,0.1394195854663849,-0.03479384630918503,0.215728759765625,0.2017212063074112,0.020614640787243843,0.3013763427734375,"{""0"": 2713}"
193,550,1426,2695,2695,-0.05010981485247612,-0.36737060546875,0.625091552734375,-0.02058977261185646,-0.315093994140625,0.731597900390625,"{""0"": 2695}"
194,1043,1431,2682,2682,0.27484130859375,0.047279391437768936,0.3635711669921875,0.31268310546875,0.10454562306404114,0.4510650634765625,"{""0"": 2682}"
195,662,1423,2658,2658,0.02397921122610569,-0.1952819675207138,0.842803955078125,0.06109239533543587,-0.1369018256664276,0.900909423828125,"{""0"": 2658}"
196,825,1404,2637,2637,0.15632633864879608,-0.2548522651195526,0.5307197570800781,0.20036320388317108,-0.2136382758617401,0.64776611328125,"{""0"": 2637}"
197,731,1388,2631,2631,0.09526829421520233,-0.308258056640625,0.6798248291015625,0.16935734450817108,-0.2825622260570526,0.762176513671875,"{""0"": 2631}"
198,148,1404,2630,2630,-0.262664794921875,-0.05705263838171959,0.5286674499511719,-0.2329101413488388,0.020364727824926376,0.5753860473632812,"{""0"": 2630}"
199,826,1381,2585,2585,0.15618900954723358,-0.2114715576171875,0.2815399169921875,0.21015934646129608,-0.1735229194164276,0.41451263427734375,"{""0"": 2585}"
200,242,1400,2574,2574,-0.2278442233800888,0.05087658390402794,0.260162353515625,-0.1790923923254013,0.10561367869377136,0.328125,"{""0"": 2574}"
201,177,1349,2547,2547,-0.24993892014026642,-0.1866913139820099,0.45623016357421875,-0.2335357367992401,-0.1297302544116974,0.55377197265625,"{""0"": 2547}"
202,26,1339,2523,2523,-0.337493896484375,0.15968318283557892,0.4087218940258026,-0.303375244140625,0.21865840256214142,0.5699005126953125,"{""0"": 2523}"
203,313,1350,2519,2519,-0.1994781345129013,0.014846771024167538,0.24688720703125,-0.1567382514476776,0.06304928660392761,0.326690673828125,"{""0"": 2519}"
204,887,1342,2518,2518,0.1855163872241974,-0.10208126902580261,0.40423583984375,0.2409668266773224,-0.04116818681359291,0.4624042510986328,"{""0"": 2518}"
205,699,1337,2512,2512,0.05980679392814636,0.303009033203125,0.4983968734741211,0.09986874461174011,0.352203369140625,0.633514404296875,"{""0"": 2512}"
206,248,1332,2498,2498,-0.2252044975757599,0.2319030612707138,0.62225341796875,-0.1881561577320099,0.3040160834789276,0.73931884765625,"{""0"": 2498}"
207,209,1321,2488,2488,-0.2411956638097763,0.017320601269602776,0.38837432861328125,-0.2024230808019638,0.07973477244377136,0.43939208984375,"{""0"": 2488}"
208,34,1314,2465,2465,-0.327880859375,-0.04222872480750084,0.574127197265625,-0.266204833984375,0.03506084531545639,0.63604736328125,"{""0"": 2465}"
209,973,1293,2464,2464,0.2250976711511612,-0.06494900584220886,0.47511768341064453,0.276580810546875,-0.007732831872999668,0.5397491455078125,"{""0"": 2464}"
210,12,1310,2460,2460,-0.3482666015625,0.061134304851293564,0.5706253051757812,-0.30963134765625,0.09258266538381577,0.6903839111328125,"{""0"": 2460}"
211,108,1312,2445,2445,-0.289794921875,-0.008262651972472668,0.714508056640625,-0.2315673828125,0.05426785722374916,0.804718017578125,"{""0"": 2445}"
212,324,1324,2441,2441,-0.1941680610179901,-0.2600097954273224,0.6174774169921875,-0.15899653732776642,-0.2115478813648224,0.680328369140625,"{""0"": 2441}"
213,121,1274,2385,2385,-0.282012939453125,-0.045162227004766464,0.5469207763671875,-0.2389526218175888,0.03557201847434044,0.6111221313476562,"{""0"": 2385}"
214,600,1267,2382,2382,-0.018159907311201096,0.369171142578125,0.565643310546875,0.056350670754909515,0.385284423828125,0.6564483642578125,"{""0"": 2382}"
215,889,1256,2363,2363,0.1859740912914276,0.2364044487476349,0.4547271728515625,0.2240905612707138,0.3120727837085724,0.5534515380859375,"{""0"": 2363}"
216,882,1263,2362,2362,0.1836089789867401,0.23284916579723358,0.5950164794921875,0.2173919379711151,0.3056946098804474,0.678131103515625,"{""0"": 2362}"
217,99,1241,2360,2360,-0.292724609375,-0.1544952690601349,0.5707626342773438,-0.2381438910961151,-0.07923129945993423,0.635650634765625,"{""0"": 2360}"
218,807,1260,2359,2359,0.1489105224609375,0.1407776027917862,0.2803802490234375,0.207000732421875,0.1846771538257599,0.368865966796875,"{""0"": 2359}"
219,816,1242,2352,2352,0.15277099609375,0.1339263916015625,0.2436370700597763,0.1930694580078125,0.1742706298828125,0.3397674560546875,"{""0"": 2352}"
220,62,1259,2350,2350,-0.311126708984375,0.19769282639026642,0.445888489484787,-0.30328369140625,0.24702449142932892,0.5854568481445312,"{""0"": 2350}"
221,223,1268,2349,2349,-0.2349548041820526,-0.06769564747810364,0.3192596435546875,-0.2189178168773651,-0.002057589590549469,0.4777545928955078,"{""0"": 2349}"
222,899,1247,2326,2326,0.19306950271129608,-0.1895141303539276,0.42130279541015625,0.2194366753101349,-0.1398162543773651,0.5535964965820312,"{""0"": 2326}"
223,744,1216,2316,2316,0.10526275634765625,0.1752777099609375,0.25091552734375,0.1320648193359375,0.2103424072265625,0.3368988037109375,"{""0"": 2316}"
224,630,1222,2290,2290,0.0008948257891461253,-0.30670166015625,0.7584228515625,0.05558398738503456,-0.2428436130285263,0.806304931640625,"{""0"": 2290}"
225,229,1225,2284,2284,-0.2307433784008026,-0.1272430717945099,0.3016815185546875,-0.18281550705432892,-0.08358005434274673,0.452911376953125,"{""0"": 2284}"
226,1101,1205,2282,2282,0.320220947265625,0.014170688576996326,0.41335296630859375,0.370849609375,0.08483128994703293,0.5013675689697266,"{""0"": 2282}"
227,361,1243,2281,2281,-0.1828460544347763,0.055892910808324814,0.17926025390625,-0.1400756686925888,0.09378811717033386,0.289764404296875,"{""0"": 2281}"
228,1034,1215,2274,2274,0.273468017578125,0.18493656814098358,0.40874481201171875,0.2911376953125,0.2193146049976349,0.5699539184570312,"{""0"": 2274}"
229,1001,1243,2272,2272,0.2494964450597763,0.17750553786754608,0.5770416259765625,0.293060302734375,0.2299804985523224,0.662139892578125,"{""0"": 2272}"
230,155,1216,2270,2270,-0.258636474609375,0.09748073667287827,0.2780303955078125,-0.2308807373046875,0.14715571701526642,0.3608856201171875,"{""0"": 2270}"
231,545,1232,2263,2263,-0.05260080844163895,-0.3336181640625,0.5914688110351562,-0.014368961565196514,-0.298065185546875,0.7061767578125,"{""0"": 2263}"
232,165,1204,2256,2256,-0.255615234375,0.2498931586742401,0.3785400092601776,-0.2179870754480362,0.3199767768383026,0.45763394236564636,"{""0"": 2256}"
233,681,1224,2256,2256,0.04092403128743172,0.32696533203125,0.63519287109375,0.10546108335256577,0.34429931640625,0.753662109375,"{""0"": 2256}"
234,1055,1208,2255,2255,0.28143310546875,0.02166370488703251,0.381072998046875,0.32122802734375,0.054016150534152985,0.5001449584960938,"{""0"": 2255}"
235,820,1208,2239,2239,0.1530456840991974,-0.2623290717601776,0.6753082275390625,0.21656803786754608,-0.23635859787464142,0.777618408203125,"{""0"": 2239}"
236,992,1227,2238,2238,0.2395935207605362,-0.029462778940796852,0.422271728515625,0.29669189453125,0.022705115377902985,0.49912166595458984,"{""0"": 2238}"
237,1024,1212,2238,2238,0.265899658203125,0.14534001052379608,0.48021793365478516,0.31378173828125,0.2023315727710724,0.566741943359375,"{""0"": 2238}"
238,1099,1173,2217,2217,0.31884765625,-0.017431208863854408,0.625,0.369171142578125,0.0433235727250576,0.67901611328125,"{""0"": 2217}"
239,160,1181,2213,2213,-0.256988525390625,0.12103267759084702,0.29632568359375,-0.2122802734375,0.1731261909008026,0.37487030029296875,"{""0"": 2213}"
240,71,1171,2210,2210,-0.3072509765625,0.16705317795276642,0.3635253608226776,-0.272705078125,0.20417781174182892,0.46763989329338074,"{""0"": 2210}"
241,97,1175,2210,2210,-0.2943115234375,0.2488403022289276,0.47415921092033386,-0.2474670708179474,0.3198241889476776,0.57598876953125,"{""0"": 2210}"
242,845,1178,2206,2206,0.16445927321910858,-0.2749328315258026,0.5855331420898438,0.22926335036754608,-0.2236785590648651,0.661285400390625,"{""0"": 2206}"
243,496,1134,2137,2137,-0.08851618319749832,-0.3385009765625,0.4987516403198242,-0.0436210110783577,-0.2994384765625,0.6090164184570312,"{""0"": 2137}"
244,484,1159,2134,2134,-0.09381105750799179,0.0881652981042862,0.873626708984375,-0.032409682869911194,0.179840087890625,0.926361083984375,"{""0"": 2134}"
245,979,1142,2132,2132,0.2277068942785263,0.1715240776538849,0.3865203857421875,0.2822265625,0.2173767387866974,0.502467155456543,"{""0"": 2132}"
246,610,1135,2127,2127,-0.014839120209217072,-0.34625244140625,0.5980072021484375,0.015672728419303894,-0.3094482421875,0.753448486328125,"{""0"": 2127}"
247,217,1128,2123,2123,-0.2372284084558487,0.2420043647289276,0.3423614203929901,-0.2150421291589737,0.2691650092601776,0.46353718638420105,"{""0"": 2123}"
248,937,1136,2118,2118,0.2099151909351349,-0.1969451606273651,0.5011119842529297,0.22738651931285858,-0.1444701850414276,0.6423797607421875,"{""0"": 2118}"
249,207,1130,2105,2105,-0.2395782172679901,-0.1748504936695099,0.4367790222167969,-0.2043914496898651,-0.1378937065601349,0.5315666198730469,"{""0"": 2105}"
250,23,1109,2104,2104,-0.338958740234375,-0.15931706130504608,0.6119918823242188,-0.28521728515625,-0.09754184633493423,0.6603546142578125,"{""0"": 2104}"
251,320,1138,2080,2080,-0.1974487006664276,-0.2281646877527237,0.48954319953918457,-0.16215510666370392,-0.1652984917163849,0.578704833984375,"{""0"": 2080}"
252,822,1119,2076,2076,0.1561584621667862,0.1074829250574112,0.2612762451171875,0.203704833984375,0.1520386040210724,0.352569580078125,"{""0"": 2076}"
253,931,1087,2066,2066,0.2088470458984375,0.09767916053533554,0.2497253566980362,0.2334900051355362,0.1290893852710724,0.3423309326171875,"{""0"": 2066}"
254,43,1113,2061,2061,-0.320343017578125,0.08382412046194077,0.4713229835033417,-0.2891845703125,0.12054439634084702,0.5015048980712891,"{""0"": 2061}"
255,142,1080,2048,2048,-0.268585205078125,0.021116221323609352,0.37676239013671875,-0.2420043796300888,0.06586451828479767,0.4282341003417969,"{""0"": 2048}"
256,517,1097,2040,2040,-0.07234951853752136,-0.2671813666820526,0.8436279296875,0.019535094499588013,-0.2222595065832138,0.8709716796875,"{""0"": 2040}"
257,294,1090,2039,2039,-0.2079620063304901,-0.2221832275390625,0.753448486328125,-0.1395873725414276,-0.1993560940027237,0.837554931640625,"{""0"": 2039}"
258,785,1073,2021,2021,0.13926701247692108,-0.3113708198070526,0.5483131408691406,0.15611271560192108,-0.2901916205883026,0.6533203125,"{""0"": 2021}"
259,805,1079,2020,2020,0.14778141677379608,-0.2757568061351776,0.550201416015625,0.17045597732067108,-0.2555236518383026,0.6593780517578125,"{""0"": 2020}"
260,842,1065,2018,2018,0.16255192458629608,-0.1320037841796875,0.2708740234375,0.2125244438648224,-0.12133023887872696,0.368408203125,"{""0"": 2018}"
261,1004,1080,2016,2016,0.25048828125,-0.0295924823731184,0.422271728515625,0.2774658203125,0.014123949222266674,0.4574089050292969,"{""0"": 2016}"
262,269,1088,2001,2001,-0.2173309177160263,0.08509059995412827,0.2752685546875,-0.1844634860754013,0.1470336616039276,0.3271484375,"{""0"": 2001}"
263,1062,1088,1990,1990,0.286834716796875,-0.006244140211492777,0.4925699234008789,0.33184814453125,0.03734592720866203,0.5546035766601562,"{""0"": 1990}"
264,122,1059,1981,1981,-0.282562255859375,0.11369320005178452,0.3321533203125,-0.252960205078125,0.1678313910961151,0.4107207953929901,"{""0"": 1981}"
265,167,1058,1974,1974,-0.2552490234375,0.2382964789867401,0.3163451850414276,-0.2104797512292862,0.2680053412914276,0.45185086131095886,"{""0"": 1974}"
266,377,1062,1973,1973,-0.1727599948644638,0.09068295359611511,0.211761474609375,-0.1331634372472763,0.11938473582267761,0.28692626953125,"{""0"": 1973}"
267,187,1049,1971,1971,-0.2470550388097763,-0.006707699503749609,0.429443359375,-0.1894683688879013,0.04549786448478699,0.462738037109375,"{""0"": 1971}"
268,592,1050,1953,1953,-0.025606192648410797,0.3089599609375,0.637359619140625,0.009364091791212559,0.343475341796875,0.74359130859375,"{""0"": 1953}"
269,91,1046,1947,1947,-0.298095703125,-0.04060366749763489,0.5691375732421875,-0.2667236328125,0.031227078288793564,0.6396484375,"{""0"": 1947}"
270,80,1035,1941,1941,-0.30438232421875,0.03766629472374916,0.5171070098876953,-0.2353362888097763,0.08424373716115952,0.5443267822265625,"{""0"": 1941}"
271,478,1028,1939,1939,-0.09708401560783386,-0.2289886474609375,0.87103271484375,0.008774783462285995,-0.2144470065832138,0.901275634765625,"{""0"": 1939}"
272,241,1026,1934,1934,-0.2278442233800888,-0.0006236176704987884,0.2617340087890625,-0.1807708442211151,0.07391353696584702,0.3090972900390625,"{""0"": 1934}"
273,1092,1029,1932,1932,0.3125,-0.06472010910511017,0.5683746337890625,0.3599853515625,0.0027716667391359806,0.6349334716796875,"{""0"": 1932}"
274,720,1032,1929,1929,0.08439639955759048,-0.2689819037914276,0.765960693359375,0.1674194633960724,-0.2530517578125,0.824615478515625,"{""0"": 1929}"
275,980,1025,1899,1899,0.2285156548023224,-0.18658442795276642,0.6141128540039062,0.27667236328125,-0.1284179389476776,0.6932373046875,"{""0"": 1899}"
276,330,1018,1881,1881,-0.1941222995519638,0.039089176803827286,0.2650604248046875,-0.1315765231847763,0.07648465782403946,0.3805084228515625,"{""0"": 1881}"
277,708,1042,1881,1881,0.07212071865797043,-0.315185546875,0.5279464721679688,0.14527897536754608,-0.2477264255285263,0.5677642822265625,"{""0"": 1881}"
278,612,1006,1879,1879,-0.012752479873597622,-0.34429931640625,0.5072994232177734,0.02978712134063244,-0.32366943359375,0.599853515625,"{""0"": 1879}"
279,852,1012,1873,1873,0.1691894680261612,-0.04645536094903946,0.35455322265625,0.2026062160730362,0.010567681863904,0.41455841064453125,"{""0"": 1873}"
280,163,1010,1872,1872,-0.256439208984375,-0.09426118433475494,0.74322509765625,-0.1921386569738388,-0.04090120643377304,0.81793212890625,"{""0"": 1872}"
281,603,1021,1869,1869,-0.016698839142918587,0.1679229587316513,0.2694854736328125,0.04592132195830345,0.2047271579504013,0.3204345703125,"{""0"": 1869}"
282,407,982,1844,1844,-0.15629573166370392,-0.304290771484375,0.47335243225097656,-0.07386011630296707,-0.2509460747241974,0.5106563568115234,"{""0"": 1844}"
283,763,997,1843,1843,0.12014007568359375,0.1512298583984375,0.283721923828125,0.200469970703125,0.2077637016773224,0.402313232421875,"{""0"": 1843}"
284,1020,1004,1841,1841,0.263946533203125,-0.03350825980305672,0.4853038787841797,0.2991943359375,0.013442078605294228,0.558380126953125,"{""0"": 1841}"
285,981,981,1840,1840,0.2285308986902237,0.056713126599788666,0.2410736232995987,0.281890869140625,0.09685519337654114,0.323211669921875,"{""0"": 1840}"
286,991,983,1821,1821,0.2374420166015625,-0.04922480881214142,0.77874755859375,0.28466796875,0.0008221766329370439,0.82452392578125,"{""0"": 1821}"
287,794,965,1818,1818,0.1426543891429901,0.2616272270679474,0.5186271667480469,0.1771087348461151,0.2898254692554474,0.612396240234375,"{""0"": 1818}"
288,803,966,1818,1818,0.1476288139820099,-0.06705473363399506,0.2551727294921875,0.2048797905445099,-0.009770376607775688,0.287200927734375,"{""0"": 1818}"
289,69,987,1807,1807,-0.307281494140625,0.1421050727367401,0.37763211131095886,-0.276214599609375,0.18453975021839142,0.4685783088207245,"{""0"": 1807}"
290,314,977,1807,1807,-0.2009124755859375,0.16656489670276642,0.238525390625,-0.1622467041015625,0.20111079514026642,0.3388976752758026,"{""0"": 1807}"
291,444,955,1775,1775,-0.1344299614429474,0.2720946967601776,0.619964599609375,-0.08458712697029114,0.320068359375,0.7080078125,"{""0"": 1775}"
292,1109,940,1756,1756,0.341766357421875,0.05220799893140793,0.636322021484375,0.35748291015625,0.09532933682203293,0.7061920166015625,"{""0"": 1756}"
293,929,925,1734,1734,0.207000732421875,0.1613922417163849,0.301055908203125,0.244903564453125,0.1852875053882599,0.3973846435546875,"{""0"": 1734}"
294,87,944,1731,1731,-0.3011474609375,0.07025142759084702,0.35284423828125,-0.251953125,0.11837001889944077,0.42981716990470886,"{""0"": 1731}"
295,689,923,1730,1730,0.05152129754424095,0.1966400146484375,0.2687225341796875,0.10001372545957565,0.2293090969324112,0.35736083984375,"{""0"": 1730}"
296,745,956,1729,1729,0.10497285425662994,0.07181549072265625,0.186767578125,0.1505737453699112,0.1149139404296875,0.2492218017578125,"{""0"": 1729}"
297,971,931,1728,1728,0.2234802395105362,0.009285951033234596,0.306182861328125,0.276519775390625,0.05869678035378456,0.39642333984375,"{""0"": 1728}"
298,443,921,1720,1720,-0.13569636642932892,-0.30462646484375,0.5294532775878906,-0.11130518466234207,-0.2789612114429474,0.635711669921875,"{""0"": 1720}"
299,367,935,1714,1714,-0.17866511642932892,-0.2896728813648224,0.66583251953125,-0.14430232346057892,-0.2442779690027237,0.7400054931640625,"{""0"": 1714}"
300,1010,915,1709,1709,0.255126953125,-0.022548647597432137,0.3399200439453125,0.286529541015625,0.04529956355690956,0.3990020751953125,"{""0"": 1709}"
301,315,919,1707,1707,-0.1990203559398651,-0.11949160695075989,0.2493896484375,-0.15138240158557892,-0.08856204152107239,0.3191070556640625,"{""0"": 1707}"
302,262,930,1706,1706,-0.2194366455078125,0.12366481870412827,0.2614593505859375,-0.19189453125,0.1633758246898651,0.3292083740234375,"{""0"": 1706}"
303,425,917,1701,1701,-0.14244073629379272,-0.336212158203125,0.5715713500976562,-0.09001154452562332,-0.3195190727710724,0.6270904541015625,"{""0"": 1701}"
304,64,909,1699,1699,-0.309906005859375,0.14567561447620392,0.2854613959789276,-0.291046142578125,0.17486566305160522,0.3581085205078125,"{""0"": 1699}"
305,210,918,1698,1698,-0.2401122897863388,0.07520290464162827,0.2597808837890625,-0.2082214206457138,0.12297054380178452,0.3449249267578125,"{""0"": 1698}"
306,327,904,1697,1697,-0.1942596435546875,0.1858977973461151,0.3216094672679901,-0.164031982421875,0.2258147895336151,0.37225341796875,"{""0"": 1697}"
307,769,910,1683,1683,0.12886051833629608,-0.2899474799633026,0.65704345703125,0.16996769607067108,-0.2689513862133026,0.74713134765625,"{""0"": 1683}"
308,472,902,1666,1666,-0.10341645032167435,0.2094421088695526,0.2873382568359375,-0.06743622571229935,0.2271118015050888,0.3532257080078125,"{""0"": 1666}"
309,774,907,1665,1665,0.13258366286754608,-0.1905975341796875,0.2678070068359375,0.18750004470348358,-0.1563262641429901,0.34710693359375,"{""0"": 1665}"
310,438,902,1652,1652,-0.1391601413488388,0.09323117882013321,0.19085693359375,-0.09110259264707565,0.1454772651195526,0.2539825439453125,"{""0"": 1652}"
311,923,871,1647,1647,0.2035827487707138,0.2179565727710724,0.30731201171875,0.2438201755285263,0.2397003471851349,0.39764404296875,"{""0"": 1647}"
312,688,896,1639,1639,0.05036164075136185,0.1203155443072319,0.1868896484375,0.09862519055604935,0.15557861328125,0.24176025390625,"{""0"": 1639}"
313,86,892,1632,1632,-0.302093505859375,0.20954890549182892,0.5438156127929688,-0.270294189453125,0.2610473334789276,0.6003494262695312,"{""0"": 1632}"
314,876,886,1623,1623,0.17927555739879608,-0.2397460639476776,0.4751634895801544,0.22282414138317108,-0.1979980170726776,0.586700439453125,"{""0"": 1623}"
315,293,884,1621,1621,-0.2083587348461151,-0.2001343071460724,0.45475006103515625,-0.17997737228870392,-0.1696014702320099,0.5191383361816406,"{""0"": 1621}"
316,778,880,1621,1621,0.1335907131433487,0.04304886609315872,0.18023681640625,0.1619415432214737,0.07465363293886185,0.269073486328125,"{""0"": 1621}"
317,417,871,1616,1616,-0.1509551703929901,-0.2291717529296875,0.82958984375,-0.08193203806877136,-0.2176666259765625,0.878875732421875,"{""0"": 1616}"
318,893,896,1611,1611,0.1879425346851349,-0.053913094103336334,0.39067840576171875,0.2450256496667862,-0.0006999097531661391,0.4403076171875,"{""0"": 1611}"
319,120,858,1599,1599,-0.283233642578125,0.2072143256664276,0.3943786323070526,-0.277069091796875,0.2264098823070526,0.4923231303691864,"{""0"": 1599}"
320,451,855,1589,1589,-0.12561030685901642,-0.30419921875,0.63702392578125,-0.08251185715198517,-0.276947021484375,0.7095184326171875,"{""0"": 1589}"
321,911,867,1586,1586,0.2003479152917862,0.04000856727361679,0.2764739990234375,0.2351837307214737,0.08868410438299179,0.347076416015625,"{""0"": 1586}"
322,442,854,1584,1584,-0.1372833251953125,0.1975402534008026,0.2498473972082138,-0.1050415113568306,0.2494353950023651,0.3231353759765625,"{""0"": 1584}"
323,461,857,1581,1581,-0.1145324856042862,0.2249297946691513,0.32952880859375,-0.06334687769412994,0.2581787109375,0.3894195556640625,"{""0"": 1581}"
324,656,837,1572,1572,0.020719585940241814,-0.337982177734375,0.4633961021900177,0.06797796487808228,-0.310791015625,0.5211524963378906,"{""0"": 1572}"
325,243,851,1568,1568,-0.2260131984949112,0.2510070502758026,0.2981261909008026,-0.1935272365808487,0.2694091498851776,0.3517150580883026,"{""0"": 1568}"
326,814,852,1568,1568,0.1521301418542862,0.01671411097049713,0.189605712890625,0.1889648735523224,0.04712296649813652,0.2822265625,"{""0"": 1568}"
327,691,849,1561,1561,0.05108261853456497,0.10713959485292435,0.230865478515625,0.11969757825136185,0.1551361083984375,0.2764892578125,"{""0"": 1561}"
328,260,828,1546,1546,-0.2205962836742401,-0.09621433168649673,0.38494110107421875,-0.1995086371898651,-0.05173876881599426,0.4711170196533203,"{""0"": 1546}"
329,201,827,1543,1543,-0.2429504245519638,0.07404323667287827,0.207794189453125,-0.2016754001379013,0.10817714780569077,0.2877960205078125,"{""0"": 1543}"
330,641,816,1534,1534,0.007384769152849913,0.2276916354894638,0.278839111328125,0.035354603081941605,0.25164794921875,0.3525238037109375,"{""0"": 1534}"
331,35,817,1527,1527,-0.326385498046875,0.0029318041633814573,0.695343017578125,-0.28277587890625,0.05945202335715294,0.739654541015625,"{""0"": 1527}"
332,977,825,1522,1522,0.2260284721851349,-0.07035062462091446,0.38707733154296875,0.25372314453125,-0.021228760480880737,0.4369964599609375,"{""0"": 1522}"
333,828,816,1513,1513,0.15751652419567108,-0.2503051459789276,0.38414764404296875,0.18348698318004608,-0.2210082709789276,0.4872002899646759,"{""0"": 1513}"
334,1003,813,1513,1513,0.251129150390625,0.2456817924976349,0.47141456604003906,0.285186767578125,0.3148804008960724,0.5336952209472656,"{""0"": 1513}"
335,989,818,1512,1512,0.2364502251148224,-0.05246732011437416,0.37705230712890625,0.26397705078125,-0.012102095410227776,0.41983795166015625,"{""0"": 1512}"
336,128,849,1510,1510,-0.279022216796875,0.07612606883049011,0.4171905517578125,-0.23052978515625,0.10382839292287827,0.4605388641357422,"{""0"": 1510}"
337,88,811,1509,1509,-0.299835205078125,0.12838740646839142,0.316925048828125,-0.281951904296875,0.16860957443714142,0.40836331248283386,"{""0"": 1509}"
338,1063,819,1493,1493,0.287109375,0.11441043764352798,0.3639068603515625,0.31695556640625,0.14910893142223358,0.4492645263671875,"{""0"": 1493}"
339,352,800,1491,1491,-0.18678279221057892,-0.2433624416589737,0.39272308349609375,-0.13679499924182892,-0.1886596977710724,0.501255989074707,"{""0"": 1491}"
340,381,823,1490,1490,-0.1699524223804474,0.2628173530101776,0.61968994140625,-0.11961367726325989,0.3187255561351776,0.7183837890625,"{""0"": 1490}"
341,869,809,1488,1488,0.1744842678308487,-0.004365906585007906,0.2785491943359375,0.2172699123620987,0.014306087978184223,0.3441009521484375,"{""0"": 1488}"
342,615,793,1483,1483,-0.01220130268484354,0.1419372409582138,0.181182861328125,0.022445686161518097,0.1741027683019638,0.235443115234375,"{""0"": 1483}"
343,903,806,1480,1480,0.196014404296875,0.1640777885913849,0.301055908203125,0.2376251220703125,0.2033996880054474,0.3960723876953125,"{""0"": 1480}"
344,555,800,1473,1473,-0.04761122539639473,0.1319122165441513,0.17559814453125,-0.0008610411314293742,0.1581878513097763,0.2688140869140625,"{""0"": 1473}"
345,679,799,1466,1466,0.039817776530981064,0.3216552734375,0.535003662109375,0.07270809262990952,0.348297119140625,0.6356048583984375,"{""0"": 1466}"
346,44,797,1461,1461,-0.31982421875,0.08149715512990952,0.5056562423706055,-0.287689208984375,0.10611721128225327,0.5411033630371094,"{""0"": 1461}"
347,700,788,1459,1459,0.06006237864494324,0.32904052734375,0.4781160354614258,0.10550686717033386,0.354522705078125,0.6014938354492188,"{""0"": 1459}"
348,310,812,1457,1457,-0.2009429633617401,-0.2096252739429474,0.4075469970703125,-0.16905207931995392,-0.1491089165210724,0.4968099594116211,"{""0"": 1457}"
349,499,795,1452,1452,-0.08586116880178452,-0.302032470703125,0.800506591796875,-0.022781334817409515,-0.2693786323070526,0.842193603515625,"{""0"": 1452}"
350,556,784,1451,1451,-0.04719925299286842,0.1701507419347763,0.2566375732421875,-0.0322112999856472,0.2032928317785263,0.3118743896484375,"{""0"": 1451}"
351,502,786,1450,1450,-0.08332818746566772,-0.33843994140625,0.453948974609375,-0.03990930691361427,-0.3131103515625,0.5245399475097656,"{""0"": 1450}"
352,1100,786,1448,1448,0.3197021484375,0.10358433425426483,0.4504432678222656,0.333099365234375,0.12681584060192108,0.5396766662597656,"{""0"": 1448}"
353,386,794,1443,1443,-0.16709895431995392,-0.2676697075366974,0.51751708984375,-0.08352656662464142,-0.2126617580652237,0.5473823547363281,"{""0"": 1443}"
354,1074,784,1426,1426,0.298187255859375,0.023767510429024696,0.40937042236328125,0.321319580078125,0.07603458315134048,0.5122184753417969,"{""0"": 1426}"
355,1094,762,1426,1426,0.313385009765625,0.01941686123609543,0.69305419921875,0.350341796875,0.06636052578687668,0.753936767578125,"{""0"": 1426}"
356,74,790,1421,1421,-0.30694580078125,0.05080791935324669,0.4781493842601776,-0.24560546875,0.09397121518850327,0.533599853515625,"{""0"": 1421}"
357,318,766,1419,1419,-0.1976775974035263,-0.007823020219802856,0.289215087890625,-0.1573486030101776,0.044029202312231064,0.3323211669921875,"{""0"": 1419}"
358,342,777,1418,1418,-0.18930049240589142,-0.2711792290210724,0.6790924072265625,-0.15399165451526642,-0.2548218071460724,0.771759033203125,"{""0"": 1418}"
359,589,768,1416,1416,-0.02755924127995968,-0.3046875,0.790740966796875,0.013677631504833698,-0.253326416015625,0.8319091796875,"{""0"": 1416}"
360,912,766,1414,1414,0.20101933181285858,-0.1315154731273651,0.3498382568359375,0.2273102104663849,-0.11697384715080261,0.44237518310546875,"{""0"": 1414}"
361,37,770,1405,1405,-0.325714111328125,0.13529963791370392,0.3895415961742401,-0.309600830078125,0.16104121506214142,0.4821281135082245,"{""0"": 1405}"
362,162,770,1405,1405,-0.255279541015625,-0.1793213039636612,0.623291015625,-0.2253112494945526,-0.09236147254705429,0.70703125,"{""0"": 1405}"
363,203,773,1405,1405,-0.2412261664867401,-0.11007693409919739,0.45233154296875,-0.2272033393383026,-0.05533602833747864,0.570220947265625,"{""0"": 1405}"
364,376,759,1402,1402,-0.17163081467151642,-0.2456360012292862,0.47727012634277344,-0.14056392014026642,-0.2113037407398224,0.5268325805664062,"{""0"": 1402}"
365,619,754,1390,1390,-0.009805717505514622,0.294525146484375,0.7540283203125,0.03995891287922859,0.327667236328125,0.81640625,"{""0"": 1390}"
366,1051,756,1389,1389,0.2799072265625,0.08642581105232239,0.28961181640625,0.301422119140625,0.1289978325366974,0.3828125,"{""0"": 1389}"
367,1105,756,1388,1388,0.32708740234375,-0.030414534732699394,0.5212593078613281,0.34783935546875,-0.012289951555430889,0.5930023193359375,"{""0"": 1388}"
368,939,727,1360,1360,0.2109832763671875,0.11279299110174179,0.23675537109375,0.2420501708984375,0.1486358791589737,0.3425445556640625,"{""0"": 1360}"
369,105,744,1352,1352,-0.291046142578125,0.07537837326526642,0.3410797119140625,-0.258209228515625,0.12637324631214142,0.4045867621898651,"{""0"": 1352}"
370,515,749,1344,1344,-0.0736541673541069,0.1294250190258026,0.19439697265625,-0.03839873522520065,0.1656036227941513,0.2441864013671875,"{""0"": 1344}"
371,213,737,1339,1339,-0.2367553412914276,-0.10930636525154114,0.3791656494140625,-0.2205352485179901,-0.049995455890893936,0.469940185546875,"{""0"": 1339}"
372,687,725,1335,1335,0.04935840144753456,-0.260101318359375,0.793365478515625,0.09101871401071548,-0.2240600436925888,0.8245849609375,"{""0"": 1335}"
373,245,736,1334,1334,-0.2247314155101776,-0.1839142143726349,0.5070075988769531,-0.1916961371898651,-0.1616516411304474,0.56268310546875,"{""0"": 1334}"
374,140,728,1333,1333,-0.270751953125,-0.08533480018377304,0.6875,-0.2334136813879013,-0.013447788543999195,0.75433349609375,"{""0"": 1333}"
375,924,737,1328,1328,0.2052154839038849,-0.059520695358514786,0.42641448974609375,0.262542724609375,-0.026042906567454338,0.47890567779541016,"{""0"": 1328}"
376,38,731,1321,1321,-0.323516845703125,0.10657497495412827,0.4832153022289276,-0.29376220703125,0.15904231369495392,0.5481376647949219,"{""0"": 1321}"
377,481,721,1318,1318,-0.09490963071584702,-0.08399965614080429,0.15887451171875,-0.06549831479787827,-0.033046748489141464,0.22735595703125,"{""0"": 1318}"
378,387,727,1306,1306,-0.16662593185901642,-0.1304321587085724,0.223358154296875,-0.12496943771839142,-0.10961154103279114,0.2773895263671875,"{""0"": 1306}"
379,277,705,1303,1303,-0.21377559006214142,-0.2039795070886612,0.3795166015625,-0.16786189377307892,-0.1685791313648224,0.42633819580078125,"{""0"": 1303}"
380,230,699,1298,1298,-0.2301482856273651,-0.09734348207712173,0.344268798828125,-0.1975555121898651,-0.07051090151071548,0.43065643310546875,"{""0"": 1298}"
381,70,696,1282,1282,-0.30706787109375,0.12812800705432892,0.3507843017578125,-0.294830322265625,0.16595454514026642,0.41017910838127136,"{""0"": 1282}"
382,602,688,1282,1282,-0.0153540950268507,-0.385284423828125,0.4680843651294708,0.029787128791213036,-0.36834716796875,0.5295562744140625,"{""0"": 1282}"
383,798,708,1282,1282,0.1455688625574112,0.0115404287353158,0.251556396484375,0.1845398098230362,0.04097367078065872,0.321807861328125,"{""0"": 1282}"
384,436,688,1272,1272,-0.1394501030445099,0.3438110053539276,0.54217529296875,-0.10243991762399673,0.37841796875,0.6021499633789062,"{""0"": 1272}"
385,860,702,1267,1267,0.17272953689098358,-0.2075957953929901,0.3198547661304474,0.21859745681285858,-0.1936034858226776,0.4085845947265625,"{""0"": 1267}"
386,84,681,1242,1242,-0.302276611328125,0.09661861509084702,0.442867249250412,-0.256591796875,0.11624904721975327,0.49175891280174255,"{""0"": 1242}"
387,542,688,1240,1240,-0.055801428854465485,0.287353515625,0.6802215576171875,-0.022394221276044846,0.36102294921875,0.756072998046875,"{""0"": 1240}"
388,599,690,1238,1238,-0.019393904134631157,-0.1657104343175888,0.869293212890625,0.035362258553504944,-0.12249753624200821,0.913421630859375,"{""0"": 1238}"
389,24,667,1237,1237,-0.33935546875,0.17350764572620392,0.38437649607658386,-0.3072509765625,0.21128840744495392,0.47278591990470886,"{""0"": 1237}"
390,901,673,1232,1232,0.1964264214038849,-0.02123449556529522,0.2687225341796875,0.2400207668542862,0.01885034888982773,0.331268310546875,"{""0"": 1232}"
391,149,662,1229,1229,-0.262969970703125,0.2299499362707138,0.6003265380859375,-0.2463989555835724,0.2508849799633026,0.676849365234375,"{""0"": 1229}"
392,564,685,1229,1229,-0.03955454006791115,-0.36114501953125,0.5807723999023438,-0.01692003570497036,-0.322113037109375,0.66522216796875,"{""0"": 1229}"
393,132,664,1224,1224,-0.275482177734375,0.058219872415065765,0.376708984375,-0.253509521484375,0.07987209409475327,0.42319488525390625,"{""0"": 1224}"
394,1015,658,1211,1211,0.2564697265625,0.1289978176355362,0.3118743896484375,0.28997802734375,0.14877323806285858,0.36614990234375,"{""0"": 1211}"
395,100,651,1192,1192,-0.29364013671875,-0.08230593800544739,0.5569915771484375,-0.259735107421875,-0.04522326961159706,0.615753173828125,"{""0"": 1192}"
396,280,653,1190,1190,-0.2127380669116974,0.2969360053539276,0.4402465522289276,-0.1579895317554474,0.3632507026195526,0.4929666221141815,"{""0"": 1190}"
397,477,658,1177,1177,-0.09874726086854935,0.2102813422679901,0.3182373046875,-0.06389618664979935,0.2392730563879013,0.360137939453125,"{""0"": 1177}"
398,723,632,1176,1176,0.08477017283439636,0.3375244438648224,0.46961021423339844,0.1339873969554901,0.35284423828125,0.5152988433837891,"{""0"": 1176}"
399,1033,628,1167,1167,0.272552490234375,0.22346501052379608,0.5058193206787109,0.291839599609375,0.2788391411304474,0.5625534057617188,"{""0"": 1167}"
400,171,630,1165,1165,-0.252685546875,0.2071227878332138,0.6654815673828125,-0.2264404594898224,0.2382659763097763,0.7337646484375,"{""0"": 1165}"
401,702,629,1164,1164,0.06342315673828125,0.1933746337890625,0.2687225341796875,0.09810637682676315,0.2099304348230362,0.346343994140625,"{""0"": 1164}"
402,858,632,1159,1159,0.1711578667163849,-0.001966225914657116,0.2418518215417862,0.2097015529870987,0.014413850381970406,0.2969512939453125,"{""0"": 1159}"
403,8,626,1157,1157,-0.368133544921875,0.14324946701526642,0.4648227393627167,-0.331268310546875,0.18925471603870392,0.5091342926025391,"{""0"": 1157}"
404,302,627,1154,1154,-0.2033843696117401,-0.2331390678882599,0.5664596557617188,-0.17282100021839142,-0.1861572563648224,0.6238861083984375,"{""0"": 1154}"
405,119,632,1152,1152,-0.284332275390625,0.12378688901662827,0.2480621188879013,-0.237579345703125,0.15733332931995392,0.2995147705078125,"{""0"": 1152}"
406,849,624,1151,1151,0.1674499213695526,0.2955322563648224,0.5666046142578125,0.1891936957836151,0.3468323051929474,0.6210174560546875,"{""0"": 1151}"
407,125,638,1147,1147,-0.2821044921875,0.06724544614553452,0.41705322265625,-0.25408935546875,0.09114070981740952,0.4628772437572479,"{""0"": 1147}"
408,107,631,1143,1143,-0.290771484375,0.0007505694520659745,0.5019035339355469,-0.2488555759191513,0.04478069767355919,0.5558013916015625,"{""0"": 1143}"
409,131,616,1133,1133,-0.2766112685203552,-0.2077026516199112,0.672882080078125,-0.2324981391429901,-0.1611938625574112,0.7175445556640625,"{""0"": 1133}"
410,9,619,1132,1132,-0.364654541015625,0.19635005295276642,0.3571166694164276,-0.3359375,0.22731013596057892,0.4265594184398651,"{""0"": 1132}"
411,866,618,1132,1132,0.1740264743566513,0.2314300835132599,0.432373046875,0.2274932712316513,0.2557983696460724,0.5222434997558594,"{""0"": 1132}"
412,206,611,1130,1130,-0.2415466457605362,0.2672118842601776,0.46906086802482605,-0.2086944878101349,0.3182372748851776,0.5198593139648438,"{""0"": 1130}"
413,693,638,1129,1129,0.05440140888094902,0.1047668531537056,0.20025634765625,0.0894165188074112,0.136474609375,0.2506561279296875,"{""0"": 1129}"
414,1114,602,1112,1112,0.356109619140625,0.10637669265270233,0.4842696189880371,0.3695068359375,0.14987187087535858,0.5352249145507812,"{""0"": 1112}"
415,620,615,1110,1110,-0.008853863924741745,-0.3326416015625,0.71795654296875,0.028598828241229057,-0.289794921875,0.774169921875,"{""0"": 1110}"
416,537,595,1095,1095,-0.0577048659324646,-0.3662109375,0.5065517425537109,-0.032791078090667725,-0.35394287109375,0.5702438354492188,"{""0"": 1095}"
417,138,598,1092,1092,-0.27301025390625,0.031982384622097015,0.40103912353515625,-0.2332305759191513,0.08541866391897202,0.44795989990234375,"{""0"": 1092}"
418,632,594,1090,1090,0.0008723646169528365,0.2289733737707138,0.2791748046875,0.03130339831113815,0.2579345703125,0.3491668701171875,"{""0"": 1090}"
419,926,596,1088,1088,0.2071228325366974,-0.2128905951976776,0.6119918823242188,0.2210083305835724,-0.1744689643383026,0.6702880859375,"{""0"": 1088}"
420,369,609,1086,1086,-0.1759796440601349,0.3071593940258026,0.5884628295898438,-0.1351929008960724,0.3470763862133026,0.6378631591796875,"{""0"": 1086}"
421,49,589,1079,1079,-0.317474365234375,-0.05881885066628456,0.5208930969238281,-0.286376953125,-0.029695549979805946,0.5693893432617188,"{""0"": 1079}"
422,89,587,1077,1077,-0.298736572265625,0.2295074164867401,0.5177097320556641,-0.275146484375,0.2834777534008026,0.5758438110351562,"{""0"": 1077}"
423,363,576,1077,1077,-0.181793212890625,0.1434783637523651,0.2537078857421875,-0.1515960693359375,0.15747065842151642,0.3119354248046875,"{""0"": 1077}"
424,306,586,1075,1075,-0.2011413425207138,0.05663677304983139,0.210601806640625,-0.1808318942785263,0.08192440867424011,0.27874755859375,"{""0"": 1075}"
425,984,585,1074,1074,0.2325897365808487,0.08306887000799179,0.2918548583984375,0.273223876953125,0.11828616261482239,0.3908233642578125,"{""0"": 1074}"
426,775,582,1073,1073,0.1323699802160263,0.2734375298023224,0.3731231689453125,0.1548309177160263,0.2816467583179474,0.4328041076660156,"{""0"": 1073}"
427,920,584,1073,1073,0.2030639499425888,0.2205047905445099,0.3091583251953125,0.2366943210363388,0.2411194145679474,0.4332923889160156,"{""0"": 1073}"
428,998,581,1071,1071,0.2459106296300888,0.2205810844898224,0.5906219482421875,0.25146484375,0.2421417534351349,0.657135009765625,"{""0"": 1071}"
429,312,586,1067,1067,-0.19929499924182892,-0.2552490532398224,0.5441322326660156,-0.13900752365589142,-0.2272949367761612,0.5570449829101562,"{""0"": 1067}"
430,278,592,1060,1060,-0.2132873237133026,-0.1285248100757599,0.3489837646484375,-0.1955260932445526,-0.11803439259529114,0.4458122253417969,"{""0"": 1060}"
431,116,571,1055,1055,-0.28582763671875,-0.02012445591390133,0.754791259765625,-0.2480316162109375,0.01012418046593666,0.79827880859375,"{""0"": 1055}"
432,176,569,1055,1055,-0.2513427734375,0.03616710379719734,0.3273773193359375,-0.2336578220129013,0.05692669376730919,0.40460968017578125,"{""0"": 1055}"
433,41,577,1054,1054,-0.320892333984375,0.1531371772289276,0.6246490478515625,-0.286773681640625,0.17230220139026642,0.680999755859375,"{""0"": 1054}"
434,914,573,1052,1052,0.2015533745288849,-0.02558896690607071,0.351593017578125,0.2248687893152237,0.0060396441258490086,0.42336273193359375,"{""0"": 1052}"
435,246,579,1050,1050,-0.22418212890625,0.12228389829397202,0.227020263671875,-0.20037841796875,0.17559809982776642,0.3010711669921875,"{""0"": 1050}"
436,270,572,1045,1045,-0.21707148849964142,-0.2143402397632599,0.5412254333496094,-0.17456050217151642,-0.1917419731616974,0.554473876953125,"{""0"": 1045}"
437,627,569,1045,1045,-0.001724746311083436,0.11295320838689804,0.90411376953125,0.014395694248378277,0.1785583645105362,0.92779541015625,"{""0"": 1045}"
438,642,582,1037,1037,0.010143260471522808,0.05017092078924179,0.9072265625,0.03525923192501068,0.12466432899236679,0.933624267578125,"{""0"": 1037}"
439,930,560,1034,1034,0.2081298530101776,0.23179630935192108,0.6342926025390625,0.2222594916820526,0.2695923149585724,0.6788330078125,"{""0"": 1034}"
440,958,567,1030,1030,0.22012333571910858,-0.2038879096508026,0.4481392204761505,0.23091129958629608,-0.1780852973461151,0.548309326171875,"{""0"": 1030}"
441,139,561,1029,1029,-0.27105712890625,0.09722896665334702,0.3264617919921875,-0.2436065524816513,0.11901850998401642,0.3953094184398651,"{""0"": 1029}"
442,505,567,1029,1029,-0.08322906494140625,0.1711578071117401,0.2524566650390625,-0.0533447265625,0.2010345160961151,0.3193206787109375,"{""0"": 1029}"
443,966,561,1028,1028,0.2232208400964737,0.03292848914861679,0.2958526611328125,0.2481079250574112,0.04972841963171959,0.3449859619140625,"{""0"": 1028}"
444,388,558,1025,1025,-0.1659850776195526,-0.03769686445593834,0.2821807861328125,-0.1300811469554901,-0.002232104307040572,0.300079345703125,"{""0"": 1025}"
445,1076,566,1016,1016,0.300079345703125,0.17282108962535858,0.509063720703125,0.312103271484375,0.20065312087535858,0.5646133422851562,"{""0"": 1016}"
446,1111,554,1016,1016,0.341766357421875,0.09905247390270233,0.4738750457763672,0.347015380859375,0.12504582107067108,0.5329360961914062,"{""0"": 1016}"
447,143,565,1014,1014,-0.2681884765625,-0.09778597205877304,0.6031875610351562,-0.2456817477941513,-0.07516482472419739,0.63958740234375,"{""0"": 1014}"
448,61,556,1009,1009,-0.31146240234375,0.11652370542287827,0.37882229685783386,-0.28814697265625,0.14590449631214142,0.43466946482658386,"{""0"": 1009}"
449,834,547,1006,1006,0.16079716384410858,-0.2646789252758026,0.47580626606941223,0.16934208571910858,-0.2517699897289276,0.5509796142578125,"{""0"": 1006}"
450,296,560,1004,1004,-0.206024169921875,0.1753997504711151,0.2885894477367401,-0.1766357421875,0.2015685737133026,0.3450774848461151,"{""0"": 1004}"
451,431,551,1004,1004,-0.141204833984375,0.1736602485179901,0.277618408203125,-0.098876953125,0.2006377875804901,0.3277587890625,"{""0"": 1004}"
452,611,555,1003,1003,-0.013382856734097004,-0.37554931640625,0.594757080078125,0.0043845768086612225,-0.358245849609375,0.6672821044921875,"{""0"": 1003}"
453,292,544,989,989,-0.2078399360179901,-0.2070770561695099,0.5038843154907227,-0.18386836349964142,-0.1798401176929474,0.55108642578125,"{""0"": 989}"
454,850,542,980,980,0.1674499213695526,0.3033142387866974,0.5666046142578125,0.1928863227367401,0.3471985161304474,0.6248626708984375,"{""0"": 980}"
455,169,532,970,970,-0.25274658203125,-0.10655977576971054,0.635772705078125,-0.2298583835363388,-0.08450319617986679,0.687286376953125,"{""0"": 970}"
456,156,542,969,969,-0.25885009765625,-0.08228304237127304,0.5731582641601562,-0.2340545505285263,-0.02993205189704895,0.6359405517578125,"{""0"": 969}"
457,111,534,967,967,-0.288665771484375,0.1553344428539276,0.315887451171875,-0.265289306640625,0.1783446967601776,0.38481900095939636,"{""0"": 967}"
458,322,535,966,966,-0.1955108493566513,0.09551998972892761,0.220794677734375,-0.1817016452550888,0.10808559507131577,0.2899322509765625,"{""0"": 966}"
459,1068,528,966,966,0.2918701171875,0.09342960268259048,0.3640899658203125,0.313385009765625,0.12538151443004608,0.449981689453125,"{""0"": 966}"
460,328,527,963,963,-0.19367976486682892,-0.2860412895679474,0.57891845703125,-0.14251704514026642,-0.2579651176929474,0.60986328125,"{""0"": 963}"
461,485,520,960,960,-0.09172815829515457,-0.31988525390625,0.5002670288085938,-0.0528373196721077,-0.29339599609375,0.5629959106445312,"{""0"": 960}"
462,1071,524,960,960,0.294342041015625,-0.03150935098528862,0.655487060546875,0.3328857421875,0.009092381224036217,0.7046661376953125,"{""0"": 960}"
463,291,529,953,953,-0.2084197700023651,-0.2018432915210724,0.55987548828125,-0.1932220160961151,-0.1783600151538849,0.612945556640625,"{""0"": 953}"
464,1025,524,952,952,0.267486572265625,0.09954838454723358,0.6407928466796875,0.28521728515625,0.14369207620620728,0.7112579345703125,"{""0"": 952}"
465,93,533,951,951,-0.29620361328125,0.07877346128225327,0.42900848388671875,-0.274993896484375,0.09966274350881577,0.4784068763256073,"{""0"": 951}"
466,938,518,950,950,0.2096710503101349,-0.2129516303539276,0.5766830444335938,0.22605900466442108,-0.2079162299633026,0.654571533203125,"{""0"": 950}"
467,456,516,948,948,-0.11576838791370392,-0.1724090874195099,0.20477294921875,-0.08547205477952957,-0.1362304985523224,0.23016357421875,"{""0"": 948}"
468,458,515,945,945,-0.11440277099609375,0.1629333198070526,0.2443695068359375,-0.0909271240234375,0.1796111762523651,0.284820556640625,"{""0"": 945}"
469,601,514,943,943,-0.01764676347374916,-0.2205810397863388,0.87103271484375,0.024236705154180527,-0.2062988132238388,0.900146484375,"{""0"": 943}"
470,130,516,940,940,-0.2777099609375,0.019044842571020126,0.5053844451904297,-0.2347564548254013,0.04578777775168419,0.5347671508789062,"{""0"": 940}"
471,225,513,937,937,-0.2339782416820526,-0.2027740627527237,0.7162017822265625,-0.1999969184398651,-0.1837768703699112,0.761749267578125,"{""0"": 937}"
472,955,521,935,935,0.2174072563648224,-0.1519317328929901,0.43102267384529114,0.2306671440601349,-0.11925503611564636,0.5140838623046875,"{""0"": 935}"
473,1030,527,935,935,0.271942138671875,0.02109721675515175,0.39305877685546875,0.302215576171875,0.045677222311496735,0.4676513671875,"{""0"": 935}"
474,894,531,934,934,0.1884002834558487,0.024230970069766045,0.2416992336511612,0.2267303615808487,0.035602591931819916,0.2990875244140625,"{""0"": 934}"
475,226,521,930,930,-0.2323150336742401,-0.07497408986091614,0.348785400390625,-0.2168578803539276,-0.04107288271188736,0.4409637451171875,"{""0"": 930}"
476,351,514,930,930,-0.18583674728870392,-0.2288513332605362,0.41120147705078125,-0.15834040939807892,-0.1928100883960724,0.44482421875,"{""0"": 930}"
477,419,518,930,930,-0.14796443283557892,-0.304168701171875,0.5801620483398438,-0.10682673752307892,-0.2846069633960724,0.6435089111328125,"{""0"": 930}"
478,490,510,929,929,-0.09137725085020065,0.1254577338695526,0.189666748046875,-0.06967925280332565,0.1571349799633026,0.254302978515625,"{""0"": 929}"
479,579,514,929,929,-0.0312003493309021,-0.38018798828125,0.5093288421630859,-0.0007246098248288035,-0.3597412109375,0.56878662109375,"{""0"": 929}"
480,802,505,927,927,0.1468658596277237,0.03911973163485527,0.18023681640625,0.1652832180261612,0.07411957532167435,0.228912353515625,"{""0"": 927}"
481,60,519,925,925,-0.311309814453125,0.09252925962209702,0.46585842967033386,-0.29376220703125,0.11264797300100327,0.5327720642089844,"{""0"": 925}"
482,428,506,925,925,-0.14099116623401642,-0.2970581352710724,0.48767685890197754,-0.11305994540452957,-0.2590637505054474,0.5389556884765625,"{""0"": 925}"
483,598,521,925,925,-0.018924660980701447,-0.3438720703125,0.5936737060546875,-0.0031082078348845243,-0.31268310546875,0.651336669921875,"{""0"": 925}"
484,508,523,924,924,-0.08113101124763489,0.258148193359375,0.7496337890625,-0.026290927082300186,0.29315185546875,0.7828369140625,"{""0"": 924}"
485,511,501,920,920,-0.07633204013109207,-0.344573974609375,0.517303466796875,-0.06112665310502052,-0.3203125,0.5755462646484375,"{""0"": 920}"
486,604,509,915,915,-0.015295030549168587,0.1894225925207138,0.27496337890625,0.0325775071978569,0.22491455078125,0.337158203125,"{""0"": 915}"
487,751,506,915,915,0.10901642590761185,0.1419219970703125,0.2547454833984375,0.1480865478515625,0.1599731594324112,0.3222503662109375,"{""0"": 915}"
488,420,504,912,912,-0.14553828537464142,-0.1445770561695099,0.223541259765625,-0.11159510910511017,-0.11985018104314804,0.2566375732421875,"{""0"": 912}"
489,513,519,907,907,-0.07686614990234375,-0.03065870888531208,0.9283447265625,-0.016698837280273438,-0.0015525678172707558,0.943359375,"{""0"": 907}"
490,1061,499,907,907,0.285675048828125,0.08625033497810364,0.3025360107421875,0.299774169921875,0.12100222706794739,0.378173828125,"{""0"": 907}"
491,95,491,902,902,-0.29522705078125,0.21208186447620392,0.44922253489494324,-0.288909912109375,0.23558039963245392,0.5118293762207031,"{""0"": 902}"
492,871,503,901,901,0.17695622146129608,-0.2388763129711151,0.4681873619556427,0.19592289626598358,-0.2166747748851776,0.5564117431640625,"{""0"": 901}"
493,389,494,900,900,-0.1652527153491974,0.3308105170726776,0.5730133056640625,-0.1269378960132599,0.3650512397289276,0.6230621337890625,"{""0"": 900}"
494,969,490,888,888,0.2248688042163849,-0.1999969184398651,0.5213356018066406,0.2583618760108948,-0.1575622260570526,0.5611648559570312,"{""0"": 888}"
495,228,489,883,883,-0.2317657172679901,-0.2402801662683487,0.7034149169921875,-0.1833953559398651,-0.2080078274011612,0.740570068359375,"{""0"": 883}"
496,152,484,881,881,-0.261474609375,0.12319181859493256,0.80206298828125,-0.2331390529870987,0.1616363376379013,0.8404541015625,"{""0"": 881}"
497,1057,491,880,880,0.282562255859375,0.02132800593972206,0.377532958984375,0.30303955078125,0.06057361140847206,0.4407615661621094,"{""0"": 880}"
498,433,481,878,878,-0.14048762619495392,-0.2970581352710724,0.48767685890197754,-0.11222834140062332,-0.2590637505054474,0.5455741882324219,"{""0"": 878}"
499,115,481,876,876,-0.285491943359375,-0.06796266883611679,0.7256927490234375,-0.258209228515625,-0.02423098310828209,0.759521484375,"{""0"": 876}"
500,303,478,866,866,-0.2033080905675888,0.029344523325562477,0.2479095309972763,-0.1775817722082138,0.057579006999731064,0.2807159423828125,"{""0"": 866}"
501,548,484,865,865,-0.050758302211761475,-0.340667724609375,0.5008573532104492,-0.025667136535048485,-0.3294677734375,0.5805282592773438,"{""0"": 865}"
502,728,504,865,865,0.09075170010328293,-0.28741455078125,0.5147476196289062,0.15438847243785858,-0.2477111667394638,0.5432395935058594,"{""0"": 865}"
503,1019,486,865,865,0.261016845703125,0.1795196831226349,0.46219444274902344,0.28228759765625,0.2153168022632599,0.5740127563476562,"{""0"": 865}"
504,366,496,862,862,-0.18066401779651642,-0.2447815090417862,0.5152187347412109,-0.14157100021839142,-0.2099609673023224,0.5439300537109375,"{""0"": 862}"
505,578,472,856,856,-0.03242876008152962,0.291748046875,0.3389739990234375,-0.01077367551624775,0.307159423828125,0.3823394775390625,"{""0"": 856}"
506,666,467,849,849,0.028326014056801796,0.290191650390625,0.3548431396484375,0.05320737883448601,0.307220458984375,0.40320587158203125,"{""0"": 849}"
507,659,468,845,845,0.022800488397479057,-0.31121826171875,0.732177734375,0.04906848818063736,-0.269500732421875,0.776763916015625,"{""0"": 845}"
508,963,476,845,845,0.2210083305835724,-0.05162808671593666,0.360870361328125,0.2370910942554474,-0.031711552292108536,0.4012603759765625,"{""0"": 845}"
509,45,474,844,844,-0.31982421875,0.09175105392932892,0.5052680969238281,-0.29559326171875,0.11687465757131577,0.5445060729980469,"{""0"": 844}"
510,990,466,843,843,0.2361145317554474,-0.05131527781486511,0.37705230712890625,0.25372314453125,-0.0252132136374712,0.42006683349609375,"{""0"": 843}"
511,384,463,835,835,-0.1688995212316513,-0.008399992249906063,0.23931884765625,-0.1359252631664276,0.03425213322043419,0.2564239501953125,"{""0"": 835}"
512,188,448,833,833,-0.2472381442785263,0.08618160337209702,0.290435791015625,-0.2260284274816513,0.10461422055959702,0.3359527587890625,"{""0"": 833}"
513,1088,465,833,833,0.31146240234375,0.02290157601237297,0.4305763244628906,0.335784912109375,0.04746631905436516,0.48677492141723633,"{""0"": 833}"
514,82,459,832,832,-0.30242919921875,0.01959798112511635,0.729278564453125,-0.283843994140625,0.07081601023674011,0.741241455078125,"{""0"": 832}"
515,946,463,831,831,0.2145386040210724,-0.1510924994945526,0.4479713439941406,0.2282867729663849,-0.12356564402580261,0.5402946472167969,"{""0"": 831}"
516,368,470,829,829,-0.1782379001379013,0.051826443523168564,0.219451904296875,-0.1416015475988388,0.07160946726799011,0.288482666015625,"{""0"": 829}"
517,559,467,825,825,-0.044578585773706436,0.2738037109375,0.745819091796875,-0.02185443416237831,0.318145751953125,0.782958984375,"{""0"": 825}"
518,474,458,820,820,-0.10254668444395065,0.1206512302160263,0.1895751953125,-0.0707549974322319,0.1571349799633026,0.245635986328125,"{""0"": 820}"
519,1005,459,819,819,0.2520751953125,-0.03136441111564636,0.41412353515625,0.267425537109375,-0.0074200318194925785,0.4378471374511719,"{""0"": 819}"
520,668,464,817,817,0.028985993936657906,-0.1453857272863388,0.861114501953125,0.06482698023319244,-0.11917874962091446,0.895294189453125,"{""0"": 817}"
521,400,453,814,814,-0.15861506760120392,-0.3045349419116974,0.5962448120117188,-0.11400599032640457,-0.2813721001148224,0.6439361572265625,"{""0"": 814}"
522,336,452,810,810,-0.19065852463245392,-0.2573547661304474,0.5985946655273438,-0.18629451096057892,-0.2363128960132599,0.6822052001953125,"{""0"": 810}"
523,961,452,810,810,0.2208404392004013,0.2070465385913849,0.37652587890625,0.255126953125,0.2322082817554474,0.4486503601074219,"{""0"": 810}"
524,575,450,809,809,-0.033634137362241745,-0.338897705078125,0.6788787841796875,-0.006577921099960804,-0.295623779296875,0.7325439453125,"{""0"": 809}"
525,281,452,808,808,-0.2129364311695099,0.3144530951976776,0.440700501203537,-0.1583557426929474,0.3634032905101776,0.4868733584880829,"{""0"": 808}"
526,447,448,807,807,-0.1294708251953125,0.1639556586742401,0.271575927734375,-0.0969085693359375,0.1829223334789276,0.307647705078125,"{""0"": 807}"
527,568,455,806,806,-0.03812403231859207,-0.3441162109375,0.6239166259765625,-0.02387995645403862,-0.30194091796875,0.698272705078125,"{""0"": 806}"
528,406,459,805,805,-0.15684504806995392,-0.2868652641773224,0.5447463989257812,-0.12216944992542267,-0.2466278225183487,0.5583343505859375,"{""0"": 805}"
529,892,443,801,801,0.1868133842945099,-0.02948187105357647,0.315582275390625,0.2124481350183487,-0.0014470622409135103,0.3749847412109375,"{""0"": 801}"
530,1032,444,796,796,0.2718505859375,0.2087707817554474,0.5269508361816406,0.29095458984375,0.2531433403491974,0.5816574096679688,"{""0"": 796}"
531,934,444,795,795,0.2096710503101349,-0.1422576606273651,0.4354133605957031,0.2201080620288849,-0.1250610053539276,0.48520758748054504,"{""0"": 795}"
532,796,444,791,791,0.1438751369714737,0.07625581324100494,0.23809814453125,0.1752472072839737,0.1002807766199112,0.28546142578125,"{""0"": 791}"
533,460,447,790,790,-0.11415863782167435,0.1947326511144638,0.3173065185546875,-0.0821228101849556,0.2167816013097763,0.34600830078125,"{""0"": 790}"
534,799,438,790,790,0.14723210036754608,-0.2969360053539276,0.5247840881347656,0.15440373122692108,-0.2633971869945526,0.5599212646484375,"{""0"": 790}"
535,767,444,788,788,0.1281128078699112,0.06333161145448685,0.21539306640625,0.1540832668542862,0.08019256591796875,0.269134521484375,"{""0"": 788}"
536,1067,432,788,788,0.290496826171875,0.15048222243785858,0.4313316345214844,0.2969970703125,0.16383366286754608,0.5005226135253906,"{""0"": 788}"
537,1052,437,782,782,0.2794189453125,-0.016790339723229408,0.7506103515625,0.313934326171875,0.023120932281017303,0.789276123046875,"{""0"": 782}"
538,552,434,781,781,-0.04788590967655182,0.289154052734375,0.3214874267578125,-0.020669957622885704,0.308319091796875,0.36823272705078125,"{""0"": 781}"
539,818,428,780,780,0.154052734375,0.1420745998620987,0.2441406100988388,0.171875,0.1742706298828125,0.2988433837890625,"{""0"": 780}"
540,117,429,772,772,-0.284454345703125,0.12361141294240952,0.2481231540441513,-0.2496337741613388,0.15733332931995392,0.2888031005859375,"{""0"": 772}"
541,582,429,767,767,-0.030309617519378662,-0.370574951171875,0.5352401733398438,-0.013733803294599056,-0.34954833984375,0.5922393798828125,"{""0"": 767}"
542,538,432,766,766,-0.05823133885860443,-0.1435088962316513,0.88848876953125,0.0109758535400033,-0.12363431602716446,0.9210205078125,"{""0"": 766}"
543,311,427,763,763,-0.19931025803089142,-0.2526550590991974,0.5476913452148438,-0.15570063889026642,-0.2239532619714737,0.55718994140625,"{""0"": 763}"
544,249,421,760,760,-0.2247009426355362,0.2652282416820526,0.4741496741771698,-0.1949920952320099,0.3084411323070526,0.5324592590332031,"{""0"": 760}"
545,133,420,758,758,-0.275543212890625,0.1562499850988388,0.777496337890625,-0.2574462890625,0.1830749362707138,0.806121826171875,"{""0"": 758}"
546,30,417,757,757,-0.333038330078125,0.15238948166370392,0.45124050974845886,-0.309173583984375,0.18675227463245392,0.5062065124511719,"{""0"": 757}"
547,623,414,755,755,-0.003952997736632824,0.302215576171875,0.3209381103515625,0.022449472919106483,0.313018798828125,0.3798370361328125,"{""0"": 755}"
548,150,418,754,754,-0.2606810927391052,-0.1498260796070099,0.5041236877441406,-0.25421142578125,-0.1271210014820099,0.5458335876464844,"{""0"": 754}"
549,786,414,742,742,0.13839726150035858,-0.3051757514476776,0.6600799560546875,0.19064335525035858,-0.2815246284008026,0.7024383544921875,"{""0"": 742}"
550,584,414,739,739,-0.029014622792601585,0.2783203125,0.7371368408203125,-0.01979450136423111,0.313812255859375,0.782318115234375,"{""0"": 739}"
551,810,436,738,738,0.15020756423473358,-0.2617492377758026,0.5427818298339844,0.19102482497692108,-0.2381744235754013,0.555633544921875,"{""0"": 738}"
552,53,412,737,737,-0.31475830078125,0.11387630552053452,0.44159695506095886,-0.29461669921875,0.13821406662464142,0.4979419410228729,"{""0"": 737}"
553,667,419,733,733,0.028713222593069077,0.1814880222082138,0.295684814453125,0.068145751953125,0.2358551174402237,0.3667755126953125,"{""0"": 733}"
554,569,421,732,732,-0.03820795565843582,-0.33636474609375,0.6100540161132812,-0.013933132402598858,-0.310333251953125,0.6739501953125,"{""0"": 732}"
555,309,397,729,729,-0.2018890678882599,0.2884826362133026,0.4696979224681854,-0.1891937553882599,0.3289489448070526,0.5244331359863281,"{""0"": 729}"
556,888,401,726,726,0.1858215630054474,-0.06799314171075821,0.43953704833984375,0.2257080227136612,-0.04140469431877136,0.4655876159667969,"{""0"": 726}"
557,161,402,721,721,-0.255279541015625,-0.1348572075366974,0.552642822265625,-0.2429961860179901,-0.11631777137517929,0.6263885498046875,"{""0"": 721}"
558,413,416,718,718,-0.15293879806995392,-0.2585754692554474,0.49004554748535156,-0.11466975510120392,-0.2329559475183487,0.529388427734375,"{""0"": 718}"
559,470,412,712,712,-0.10485075414180756,-0.1347503513097763,0.899658203125,-0.024787889793515205,-0.10968017578125,0.9217529296875,"{""0"": 712}"
560,124,392,711,711,-0.281829833984375,0.2294158637523651,0.5473098754882812,-0.27032470703125,0.2653808295726776,0.5994415283203125,"{""0"": 711}"
561,301,400,710,710,-0.2037353217601776,-0.2289734184741974,0.6080245971679688,-0.1821593940258026,-0.1946564018726349,0.640533447265625,"{""0"": 710}"
562,710,382,705,705,0.07657623291015625,0.1646728515625,0.2664947509765625,0.091583251953125,0.1757965087890625,0.3009033203125,"{""0"": 705}"
563,32,386,703,703,-0.329071044921875,0.20376582443714142,0.3392181098461151,-0.30126953125,0.21655268967151642,0.4015807807445526,"{""0"": 703}"
564,560,412,702,702,-0.042823731899261475,-0.363128662109375,0.5432662963867188,-0.02654069848358631,-0.340972900390625,0.5928878784179688,"{""0"": 702}"
565,408,403,696,696,-0.1577758640050888,0.06112667918205261,0.200897216796875,-0.1392211765050888,0.08641812205314636,0.2691497802734375,"{""0"": 696}"
566,812,390,694,694,0.1526184380054474,-0.0804900974035263,0.28857421875,0.1712189018726349,-0.03779982030391693,0.3043670654296875,"{""0"": 694}"
567,964,383,693,693,0.2231140434741974,-0.1379546821117401,0.4987163543701172,0.2290191948413849,-0.11157986521720886,0.5394363403320312,"{""0"": 693}"
568,193,387,691,691,-0.2445373684167862,0.2867126166820526,0.37105557322502136,-0.2224121391773224,0.3341674506664276,0.39563748240470886,"{""0"": 691}"
569,516,389,689,689,-0.07186121493577957,-0.326385498046875,0.5505180358886719,-0.0477866604924202,-0.312042236328125,0.6132049560546875,"{""0"": 689}"
570,595,395,686,686,-0.023372596129775047,-0.35650634765625,0.5893096923828125,-0.0053238351829349995,-0.32574462890625,0.6772918701171875,"{""0"": 686}"
571,175,368,684,684,-0.251556396484375,0.03572841361165047,0.325653076171875,-0.2362670749425888,0.05172725394368172,0.38873291015625,"{""0"": 684}"
572,949,378,683,683,0.21539311110973358,-0.1969451606273651,0.40605926513671875,0.22909550368785858,-0.1905822455883026,0.45839694142341614,"{""0"": 683}"
573,469,383,681,681,-0.1073150485754013,-0.1381683200597763,0.8956298828125,-0.03599165380001068,-0.1244049072265625,0.90704345703125,"{""0"": 681}"
574,650,379,681,681,0.01659581810235977,0.3009033203125,0.39971923828125,0.043704960495233536,0.315521240234375,0.4731330871582031,"{""0"": 681}"
575,1079,388,675,675,0.302764892578125,0.009387067519128323,0.7338714599609375,0.326568603515625,0.03892522305250168,0.7607421875,"{""0"": 675}"
576,625,378,674,674,-0.0025576953776180744,-0.382568359375,0.5556716918945312,0.020660461857914925,-0.371246337890625,0.595916748046875,"{""0"": 674}"
577,1022,376,672,672,0.265350341796875,-0.008404703810811043,0.34857177734375,0.292755126953125,0.043823275715112686,0.39359283447265625,"{""0"": 672}"
578,58,381,671,671,-0.31243896484375,0.11828609555959702,0.41747280955314636,-0.29833984375,0.15068049728870392,0.4874970614910126,"{""0"": 671}"
579,340,368,671,671,-0.19087214767932892,-0.2269134670495987,0.47539424896240234,-0.16664119064807892,-0.2014923393726349,0.5065441131591797,"{""0"": 671}"
580,740,381,671,671,0.10122676938772202,0.3382263481616974,0.6009597778320312,0.1291808784008026,0.34222412109375,0.637451171875,"{""0"": 671}"
581,1080,374,668,668,0.302886962890625,0.031944312155246735,0.381072998046875,0.322540283203125,0.054016150534152985,0.4474220275878906,"{""0"": 668}"
582,626,369,667,667,-0.002607372123748064,0.1743316799402237,0.87530517578125,0.007360430900007486,0.1960907131433487,0.909027099609375,"{""0"": 667}"
583,606,365,661,661,-0.016002671793103218,0.274810791015625,0.3093109130859375,0.006546960677951574,0.29547119140625,0.3461456298828125,"{""0"": 661}"
584,636,363,659,659,0.005035375710576773,0.309326171875,0.3571319580078125,0.02140806056559086,0.32806396484375,0.4388885498046875,"{""0"": 659}"
585,219,375,656,656,-0.2359771579504013,-0.027061492204666138,0.453704833984375,-0.2249603122472763,-0.017761262133717537,0.48854589462280273,"{""0"": 656}"
586,944,373,656,656,0.2127991020679474,-0.061000797897577286,0.3914794921875,0.254425048828125,-0.013382881879806519,0.42467498779296875,"{""0"": 656}"
587,416,360,653,653,-0.1510314792394638,0.09191891551017761,0.21160888671875,-0.1303558200597763,0.11080166697502136,0.2518463134765625,"{""0"": 653}"
588,571,367,651,651,-0.03679656237363815,0.1444701999425888,0.1832275390625,-0.010158533230423927,0.1731262058019638,0.2181396484375,"{""0"": 651}"
589,909,364,650,650,0.198486328125,0.1604919731616974,0.321441650390625,0.2253570556640625,0.1746979057788849,0.3866119384765625,"{""0"": 650}"
590,285,361,648,648,-0.2111663818359375,0.12919612228870392,0.2393798828125,-0.195037841796875,0.15737910568714142,0.2852325439453125,"{""0"": 648}"
591,788,358,648,648,0.14060980081558228,-0.2612304389476776,0.356689453125,0.16259770095348358,-0.2438964694738388,0.3889007568359375,"{""0"": 648}"
592,350,388,647,647,-0.1863555610179901,-0.2293701171875,0.6332244873046875,-0.1599120795726776,-0.1994476616382599,0.6891937255859375,"{""0"": 647}"
593,848,364,647,647,0.16668707132339478,-0.2506713569164276,0.38449859619140625,0.18231205642223358,-0.2347411811351776,0.43798068165779114,"{""0"": 647}"
594,919,369,647,647,0.2028656303882599,-0.22065730392932892,0.64178466796875,0.2145843803882599,-0.18849177658557892,0.68267822265625,"{""0"": 647}"
595,220,361,646,646,-0.2359771579504013,0.07386013120412827,0.21771240234375,-0.2124328464269638,0.09500881284475327,0.2732391357421875,"{""0"": 646}"
596,576,357,644,644,-0.03370668366551399,0.282470703125,0.3155364990234375,-0.029331224039196968,0.29803466796875,0.351837158203125,"{""0"": 644}"
597,735,366,642,642,0.09844212979078293,-0.3039855659008026,0.5472183227539062,0.12977604568004608,-0.2796325385570526,0.5871124267578125,"{""0"": 642}"
598,106,358,641,641,-0.29022216796875,0.23048396408557892,0.42227932810783386,-0.28460693359375,0.2539672553539276,0.45928189158439636,"{""0"": 641}"
599,1069,358,641,641,0.292327880859375,0.15994267165660858,0.39475250244140625,0.2967529296875,0.17562870681285858,0.4548797607421875,"{""0"": 641}"
600,628,353,636,636,-0.0005547056789509952,0.30474853515625,0.3986663818359375,0.020101524889469147,0.323638916015625,0.47286415100097656,"{""0"": 636}"
601,795,368,636,636,0.1438751369714737,0.07631684839725494,0.236785888671875,0.1763916164636612,0.1000671535730362,0.2847900390625,"{""0"": 636}"
602,764,366,630,630,0.12194828689098358,-0.2741088569164276,0.5430908203125,0.18321232497692108,-0.2477264255285263,0.5561447143554688,"{""0"": 630}"
603,999,360,630,630,0.2479248195886612,-0.02165791392326355,0.41387939453125,0.267303466796875,0.0078602135181427,0.4330177307128906,"{""0"": 630}"
604,63,350,623,623,-0.31146240234375,0.14280696213245392,0.4273528754711151,-0.29248046875,0.18385310471057892,0.4945797622203827,"{""0"": 623}"
605,811,346,622,622,0.1509246677160263,0.2585449516773224,0.42474365234375,0.1644286960363388,0.2809448540210724,0.4594593048095703,"{""0"": 622}"
606,453,347,618,618,-0.12154389172792435,0.2152251899242401,0.250732421875,-0.1051635816693306,0.2496337592601776,0.299041748046875,"{""0"": 618}"
607,1093,343,617,617,0.3131103515625,0.03214649856090546,0.45523834228515625,0.343719482421875,0.05575947463512421,0.5051774978637695,"{""0"": 617}"
608,185,343,616,616,-0.2486114203929901,-0.2248993217945099,0.6018447875976562,-0.23179621994495392,-0.1901245415210724,0.6080780029296875,"{""0"": 616}"
609,639,346,615,615,0.006405794061720371,0.340576171875,0.6030120849609375,0.02166363038122654,0.344268798828125,0.639495849609375,"{""0"": 615}"
610,1028,344,613,613,0.268218994140625,0.08841708302497864,0.37430572509765625,0.289581298828125,0.11835483461618423,0.411590576171875,"{""0"": 613}"
611,594,339,605,605,-0.02328294888138771,-0.37445068359375,0.6056900024414062,-0.006097734905779362,-0.358062744140625,0.63568115234375,"{""0"": 605}"
612,144,337,604,604,-0.26611328125,0.05550380423665047,0.3341217041015625,-0.2449798434972763,0.08647151291370392,0.3492279052734375,"{""0"": 604}"
613,237,345,603,603,-0.22602839767932892,-0.2222137749195099,0.5267143249511719,-0.18157954514026642,-0.2052154839038849,0.5579147338867188,"{""0"": 603}"
614,448,343,600,600,-0.12734980881214142,-0.2929992973804474,0.5338134765625,-0.11100001633167267,-0.2656860649585724,0.5526123046875,"{""0"": 600}"
615,970,333,600,600,0.2237549126148224,-0.05254361778497696,0.325836181640625,0.2375183403491974,-0.03623960167169571,0.38401031494140625,"{""0"": 600}"
616,27,338,598,598,-0.337310791015625,0.19601435959339142,0.38529202342033386,-0.320404052734375,0.21881099045276642,0.4227752387523651,"{""0"": 598}"
617,31,330,590,590,-0.33087158203125,0.20529170334339142,0.3392181098461151,-0.30126953125,0.21853633224964142,0.3976134955883026,"{""0"": 590}"
618,960,332,589,589,0.2205810844898224,-0.1560973823070526,0.4783382713794708,0.2306976616382599,-0.12188717722892761,0.5485267639160156,"{""0"": 589}"
619,1096,320,578,578,0.31610107421875,0.022663161158561707,0.5063552856445312,0.33074951171875,0.06054691597819328,0.5347557067871094,"{""0"": 578}"
620,466,318,571,571,-0.11177825182676315,0.11608120799064636,0.19085693359375,-0.09038542956113815,0.1456756293773651,0.22784423828125,"{""0"": 571}"
621,762,329,571,571,0.11821752041578293,-0.2752380073070526,0.5110988616943359,0.14706425368785858,-0.2587279975414276,0.5327072143554688,"{""0"": 571}"
622,180,322,569,569,-0.2490691989660263,-0.05852511152625084,0.5412864685058594,-0.2384643405675888,-0.025394471362233162,0.57342529296875,"{""0"": 569}"
623,371,324,565,565,-0.17468257248401642,-0.2409820556640625,0.673492431640625,-0.1505126655101776,-0.2205352783203125,0.711639404296875,"{""0"": 565}"
624,742,319,564,564,0.10365292429924011,0.2090759575366974,0.7659912109375,0.1262054145336151,0.2447052299976349,0.796356201171875,"{""0"": 564}"
625,518,322,563,563,-0.07002252340316772,-0.349578857421875,0.5541915893554688,-0.0587424673140049,-0.337249755859375,0.603912353515625,"{""0"": 563}"
626,272,322,559,559,-0.2169341742992401,-0.08616641908884048,0.3206787109375,-0.1962890326976776,-0.06835178285837173,0.3700714111328125,"{""0"": 559}"
627,547,316,557,557,-0.051174163818359375,0.1630401462316513,0.26629638671875,-0.013159754686057568,0.1997680515050888,0.31256103515625,"{""0"": 557}"
628,1053,314,555,555,0.280609130859375,0.04972461238503456,0.3291778564453125,0.29339599609375,0.06710055470466614,0.3852996826171875,"{""0"": 555}"
629,66,306,549,549,-0.30889892578125,-0.1530456840991974,0.650665283203125,-0.283416748046875,-0.13839726150035858,0.6697845458984375,"{""0"": 549}"
630,184,301,548,548,-0.2491150051355362,0.2616882026195526,0.3820495307445526,-0.2301941066980362,0.3011779487133026,0.4151458442211151,"{""0"": 548}"
631,561,313,546,546,-0.04256052151322365,-0.348968505859375,0.5353202819824219,-0.02660936489701271,-0.33087158203125,0.5804519653320312,"{""0"": 546}"
632,29,300,541,541,-0.336151123046875,0.05851360782980919,0.6403961181640625,-0.303131103515625,0.08267208188772202,0.6943511962890625,"{""0"": 541}"
633,412,298,541,541,-0.15264888107776642,-0.2799682915210724,0.5472679138183594,-0.12962336838245392,-0.2616882622241974,0.5592727661132812,"{""0"": 541}"
634,833,309,540,540,0.1596832424402237,0.027105342596769333,0.206390380859375,0.1807709038257599,0.04953385517001152,0.2467956691980362,"{""0"": 540}"
635,730,310,539,539,0.09487152844667435,0.0979919508099556,0.19866943359375,0.11656953394412994,0.12274932861328125,0.2445220947265625,"{""0"": 539}"
636,299,304,537,537,-0.205078125,0.18679805099964142,0.2870025336742401,-0.1766357421875,0.2044219672679901,0.3321227729320526,"{""0"": 537}"
637,676,300,528,528,0.0362396314740181,0.1388244479894638,0.236846923828125,0.06234360113739967,0.1627654880285263,0.2784881591796875,"{""0"": 528}"
638,1072,310,526,526,0.295166015625,0.10501103103160858,0.4361114501953125,0.31488037109375,0.13482670485973358,0.4873168468475342,"{""0"": 526}"
639,507,287,515,515,-0.08223719149827957,-0.32879638671875,0.4986715316772461,-0.06949609518051147,-0.30706787109375,0.525177001953125,"{""0"": 515}"
640,528,287,514,514,-0.06557468324899673,0.28240966796875,0.73016357421875,-0.05178455263376236,0.32183837890625,0.7646484375,"{""0"": 514}"
641,126,292,513,513,-0.280853271484375,0.1554565131664276,0.3365020751953125,-0.269744873046875,0.1781463325023651,0.38466641306877136,"{""0"": 513}"
642,345,296,513,513,-0.1893310397863388,0.054267846047878265,0.2369384765625,-0.1782531589269638,0.07077023386955261,0.268402099609375,"{""0"": 513}"
643,379,294,513,513,-0.16929621994495392,-0.2752991020679474,0.5480880737304688,-0.13653559982776642,-0.2509155571460724,0.5600509643554688,"{""0"": 513}"
644,0,290,511,511,-0.399688720703125,0.08061213046312332,0.5282745361328125,-0.37127685546875,0.10256189852952957,0.5375823974609375,"{""0"": 511}"
645,304,292,511,511,-0.2023773044347763,0.09551998972892761,0.28570556640625,-0.1910705417394638,0.10579677671194077,0.3137664794921875,"{""0"": 511}"
646,211,294,508,508,-0.241119384765625,0.15010066330432892,0.31280517578125,-0.2038421630859375,0.1789855659008026,0.36856842041015625,"{""0"": 508}"
647,875,292,508,508,0.17921452224254608,-0.2407073676586151,0.415191650390625,0.18740849196910858,-0.2298431098461151,0.4783821403980255,"{""0"": 508}"
648,765,279,505,505,0.1259460151195526,0.3364563286304474,0.5819931030273438,0.1375121772289276,0.3411865532398224,0.6060714721679688,"{""0"": 505}"
649,145,285,504,504,-0.26513671875,0.2469634711742401,0.5594635009765625,-0.25738525390625,0.2517699897289276,0.6060028076171875,"{""0"": 504}"
650,953,287,503,503,0.2166595607995987,0.05791093781590462,0.23614501953125,0.2368011623620987,0.06569673866033554,0.2606201171875,"{""0"": 503}"
651,1042,288,501,501,0.27569580078125,-0.009687374345958233,0.74871826171875,0.3111572265625,0.026113562285900116,0.788299560546875,"{""0"": 501}"
652,186,296,499,499,-0.2480621188879013,-0.10498049110174179,0.704193115234375,-0.2125243991613388,-0.06342317909002304,0.745452880859375,"{""0"": 499}"
653,962,281,497,497,0.2222748100757599,-0.05254361778497696,0.325836181640625,0.2304077446460724,-0.036518074572086334,0.38523101806640625,"{""0"": 497}"
654,781,277,496,496,0.13476566970348358,-0.2853393256664276,0.545806884765625,0.17266850173473358,-0.2665404975414276,0.5569839477539062,"{""0"": 496}"
655,479,292,494,494,-0.09554285556077957,-0.310089111328125,0.4839320182800293,-0.07718653231859207,-0.2899169921875,0.5025091171264648,"{""0"": 494}"
656,288,286,493,493,-0.2104644775390625,0.1447295844554901,0.3184814453125,-0.1876983642578125,0.1699065864086151,0.3460540771484375,"{""0"": 493}"
657,305,285,492,492,-0.2011413425207138,0.056701622903347015,0.2113037109375,-0.1914825290441513,0.08081813156604767,0.27447509765625,"{""0"": 492}"
658,127,280,488,488,-0.279571533203125,0.1589812934398651,0.3716582953929901,-0.26141357421875,0.1867828071117401,0.40505215525627136,"{""0"": 488}"
659,840,278,485,485,0.16213993728160858,-0.3024291694164276,0.6758270263671875,0.18327336013317108,-0.2822570502758026,0.701629638671875,"{""0"": 485}"
660,104,282,484,484,-0.292205810546875,0.07977291196584702,0.430023193359375,-0.2596435546875,0.10415645688772202,0.4639911353588104,"{""0"": 484}"
661,629,266,476,476,0.0005034951027482748,-0.376373291015625,0.5814361572265625,0.021253645420074463,-0.3707275390625,0.5971832275390625,"{""0"": 476}"
662,719,274,476,476,0.08345799893140793,-0.315185546875,0.5486183166503906,0.11096196621656418,-0.29132080078125,0.556304931640625,"{""0"": 476}"
663,321,266,475,475,-0.1967315524816513,0.0025920544285327196,0.302978515625,-0.1821746528148651,0.027671780437231064,0.330322265625,"{""0"": 475}"
664,729,270,473,473,0.0925445705652237,0.10211181640625,0.19927978515625,0.11315156519412994,0.1223602294921875,0.231353759765625,"{""0"": 473}"
665,607,265,469,469,-0.015051842667162418,0.1809387058019638,0.2534027099609375,0.004699706565588713,0.1930084079504013,0.2881927490234375,"{""0"": 469}"
666,905,277,466,466,0.1969757378101349,-0.020109159871935844,0.2803192138671875,0.2292480617761612,0.008863468654453754,0.3352813720703125,"{""0"": 466}"
667,295,277,465,465,-0.2059020698070526,-0.1734161674976349,0.4814443588256836,-0.1980743110179901,-0.1504211723804474,0.5374717712402344,"{""0"": 465}"
668,815,269,464,464,0.15277104079723358,-0.2469177097082138,0.5319290161132812,0.16535954177379608,-0.2292022556066513,0.5519256591796875,"{""0"": 464}"
669,439,284,458,458,-0.13810725510120392,-0.28973388671875,0.6372833251953125,-0.09864802658557892,-0.2642212212085724,0.6791839599609375,"{""0"": 458}"
670,783,257,458,458,0.13844303786754608,-0.2853393256664276,0.5488815307617188,0.17266850173473358,-0.2656860053539276,0.5577621459960938,"{""0"": 458}"
671,238,269,456,456,-0.22602839767932892,-0.2231750786304474,0.5469436645507812,-0.17227168381214142,-0.2078094780445099,0.5581893920898438,"{""0"": 456}"
672,326,253,456,456,-0.19334407150745392,-0.1963959038257599,0.48762011528015137,-0.18769831955432892,-0.1804199516773224,0.5137538909912109,"{""0"": 456}"
673,418,256,454,454,-0.1501769870519638,0.07826992124319077,0.180633544921875,-0.1383972018957138,0.10187527537345886,0.210174560546875,"{""0"": 454}"
674,1049,264,454,454,0.27789306640625,0.042610201984643936,0.37933349609375,0.298614501953125,0.06203082576394081,0.41895294189453125,"{""0"": 454}"
675,17,257,453,453,-0.342620849609375,0.13951106369495392,0.39282986521720886,-0.320159912109375,0.15257258713245392,0.4166412055492401,"{""0"": 453}"
676,663,265,453,453,0.025226613506674767,-0.1707916110754013,0.86785888671875,0.03353883698582649,-0.1473846286535263,0.882232666015625,"{""0"": 453}"
677,1050,259,452,452,0.279541015625,0.051612887531518936,0.3291778564453125,0.2894287109375,0.06710055470466614,0.389068603515625,"{""0"": 452}"
678,994,260,450,450,0.2447662204504013,0.2237243950366974,0.629913330078125,0.256866455078125,0.2342529594898224,0.6591033935546875,"{""0"": 450}"
679,648,255,445,445,0.015570618212223053,0.301483154296875,0.3912353515625,0.03211972862482071,0.3114013671875,0.42000579833984375,"{""0"": 445}"
680,766,255,445,445,0.12677006423473358,-0.2907104194164276,0.5460395812988281,0.15202336013317108,-0.2694091498851776,0.557586669921875,"{""0"": 445}"
681,65,257,444,444,-0.30975341796875,0.19111628830432892,0.5805892944335938,-0.2994384765625,0.20433039963245392,0.6130218505859375,"{""0"": 444}"
682,519,254,441,441,-0.0703277587890625,0.1731261909008026,0.2525787353515625,-0.05312347412109375,0.1964873969554901,0.302703857421875,"{""0"": 441}"
683,77,257,439,439,-0.3045654296875,-0.05168536677956581,0.527801513671875,-0.290618896484375,-0.021486319601535797,0.5634536743164062,"{""0"": 439}"
684,276,252,439,439,-0.21470637619495392,-0.2324829399585724,0.5428047180175781,-0.16709895431995392,-0.2159881889820099,0.5561676025390625,"{""0"": 439}"
685,621,251,439,439,-0.006090110633522272,-0.333587646484375,0.5469779968261719,0.015450533479452133,-0.32373046875,0.6062088012695312,"{""0"": 439}"
686,92,258,438,438,-0.2969970703125,0.12496180832386017,0.3782500922679901,-0.27655029296875,0.1432342231273651,0.41077420115470886,"{""0"": 438}"
687,257,258,432,432,-0.22129817306995392,-0.1818085014820099,0.41814422607421875,-0.19778437912464142,-0.1659546196460724,0.4644298553466797,"{""0"": 432}"
688,565,248,430,430,-0.04071809723973274,0.294281005859375,0.3304595947265625,-0.020423907786607742,0.306365966796875,0.3654327392578125,"{""0"": 430}"
689,698,242,428,428,0.05906296893954277,0.125152587890625,0.1849365234375,0.07712555676698685,0.15557861328125,0.22216796875,"{""0"": 428}"
690,566,252,426,426,-0.03961943835020065,0.1468658298254013,0.207305908203125,-0.014074319042265415,0.1622314304113388,0.2488555908203125,"{""0"": 426}"
691,1098,246,425,425,0.319366455078125,0.020374340936541557,0.4312782287597656,0.32562255859375,0.030572932213544846,0.47621726989746094,"{""0"": 425}"
692,733,237,421,421,0.09673310071229935,0.12100983411073685,0.236480712890625,0.10511017590761185,0.126708984375,0.2668914794921875,"{""0"": 421}"
693,862,242,418,418,0.1734161525964737,0.033134471625089645,0.180938720703125,0.2039489895105362,0.05001450702548027,0.21307373046875,"{""0"": 418}"
694,943,237,418,418,0.2125091403722763,0.2316131889820099,0.407958984375,0.2382201999425888,0.2402344048023224,0.49903297424316406,"{""0"": 418}"
695,94,240,415,415,-0.29571533203125,0.18833918869495392,0.5802688598632812,-0.27996826171875,0.2152251899242401,0.615081787109375,"{""0"": 415}"
696,577,235,409,409,-0.03358835726976395,-0.349212646484375,0.651092529296875,-0.011106440797448158,-0.32843017578125,0.706787109375,"{""0"": 409}"
697,809,237,405,405,0.15054325759410858,-0.2684631049633026,0.6142959594726562,0.16784672439098358,-0.2520446479320526,0.6594390869140625,"{""0"": 405}"
698,191,227,404,404,-0.2450561821460724,0.2047118991613388,0.69464111328125,-0.2295074760913849,0.2230682224035263,0.72833251953125,"{""0"": 404}"
699,232,228,402,402,-0.2303466647863388,0.07781978696584702,0.2735748291015625,-0.2168578952550888,0.08844753354787827,0.2952423095703125,"{""0"": 402}"
700,1081,239,402,402,0.30426025390625,0.012890856713056564,0.4770030975341797,0.319183349609375,0.03948978707194328,0.503911018371582,"{""0"": 402}"
701,344,234,401,401,-0.19013972580432892,-0.2272949367761612,0.5301132202148438,-0.16409297287464142,-0.2077026665210724,0.5441322326660156,"{""0"": 401}"
702,613,233,400,400,-0.01307673193514347,-0.330657958984375,0.5980072021484375,0.0038867529947310686,-0.315277099609375,0.6459808349609375,"{""0"": 400}"
703,791,240,392,392,0.14172367751598358,-0.2759093940258026,0.650299072265625,0.16766361892223358,-0.2623290717601776,0.6838531494140625,"{""0"": 392}"
704,430,222,389,389,-0.1419372409582138,0.07962796092033386,0.180633544921875,-0.1369628757238388,0.10187527537345886,0.209197998046875,"{""0"": 389}"
705,986,226,389,389,0.2343902736902237,0.05902864784002304,0.2568511962890625,0.2429351955652237,0.06587221473455429,0.2932586669921875,"{""0"": 389}"
706,624,228,387,387,-0.0039992136880755424,-0.1719360202550888,0.876617431640625,0.030494706705212593,-0.1461486667394638,0.895904541015625,"{""0"": 387}"
707,959,219,379,379,0.2198486477136612,0.11840822547674179,0.23651123046875,0.241851806640625,0.1476440578699112,0.267913818359375,"{""0"": 379}"
708,391,214,376,376,-0.1637267917394638,0.06783290952444077,0.176605224609375,-0.1562957614660263,0.08415218442678452,0.20343017578125,"{""0"": 376}"
709,52,221,374,374,-0.3154296875,0.08306881040334702,0.4720573127269745,-0.286956787109375,0.09521479904651642,0.48654934763908386,"{""0"": 374}"
710,797,226,370,370,0.14404301345348358,-0.2566833198070526,0.5285224914550781,0.16577152907848358,-0.2413024753332138,0.5432205200195312,"{""0"": 370}"
711,289,215,369,369,-0.2111816704273224,0.2977904975414276,0.4753541648387909,-0.1899872124195099,0.3302306830883026,0.5164871215820312,"{""0"": 369}"
712,761,218,369,369,0.11698155850172043,-0.2962341010570526,0.5457496643066406,0.13769535720348358,-0.2706908881664276,0.5583724975585938,"{""0"": 369}"
713,867,216,367,367,0.17236332595348358,-0.2500610053539276,0.5452384948730469,0.20684818923473358,-0.2359771430492401,0.5593795776367188,"{""0"": 367}"
714,793,216,366,366,0.1425018459558487,0.03564072400331497,0.22027587890625,0.1598663479089737,0.04825211316347122,0.2594451904296875,"{""0"": 366}"
715,423,213,365,365,-0.1438140720129013,0.07061763852834702,0.199493408203125,-0.1370696872472763,0.08695217967033386,0.234619140625,"{""0"": 365}"
716,333,222,360,360,-0.19177241623401642,-0.2322540581226349,0.5468826293945312,-0.16960139572620392,-0.2177734673023224,0.5641021728515625,"{""0"": 360}"
717,399,209,359,359,-0.1598053276538849,0.3270873725414276,0.5948638916015625,-0.1351776421070099,0.3529967963695526,0.6374053955078125,"{""0"": 359}"
718,870,219,359,359,0.17645268142223358,-0.2921752631664276,0.6641693115234375,0.19387821853160858,-0.2757262885570526,0.684600830078125,"{""0"": 359}"
719,918,205,359,359,0.2017516791820526,0.2334442436695099,0.5905075073242188,0.2192077487707138,0.2504883110523224,0.642181396484375,"{""0"": 359}"
720,494,206,352,352,-0.0887756422162056,0.2098998725414276,0.2764434814453125,-0.07428742200136185,0.2280730903148651,0.3033447265625,"{""0"": 352}"
721,906,202,348,348,0.1970825493335724,0.00851537473499775,0.2810821533203125,0.2136840969324112,0.02602197416126728,0.3044281005859375,"{""0"": 348}"
722,255,202,344,344,-0.22344970703125,0.14768977463245392,0.22625732421875,-0.204315185546875,0.17735286056995392,0.2498931735754013,"{""0"": 344}"
723,136,194,342,342,-0.2752685546875,0.1554565131664276,0.315338134765625,-0.262939453125,0.17041011154651642,0.343414306640625,"{""0"": 342}"
724,880,198,342,342,0.1829681098461151,0.2971496880054474,0.4479789733886719,0.1988525092601776,0.3251343071460724,0.47049903869628906,"{""0"": 342}"
725,827,203,340,340,0.15718083083629608,-0.2923278510570526,0.6599884033203125,0.18940739333629608,-0.2749938666820526,0.6970367431640625,"{""0"": 340}"
726,1056,198,340,340,0.282379150390625,0.10988619923591614,0.3159942626953125,0.29541015625,0.11837008595466614,0.37711334228515625,"{""0"": 340}"
727,102,204,339,339,-0.292144775390625,-0.035949740558862686,0.6049728393554688,-0.27899169921875,-0.017759356647729874,0.617828369140625,"{""0"": 339}"
728,1047,193,338,338,0.276824951171875,0.22146610915660858,0.5537490844726562,0.2900390625,0.2467499077320099,0.5871124267578125,"{""0"": 338}"
729,298,193,336,336,-0.2057647556066513,0.04561229795217514,0.2698974609375,-0.1933441013097763,0.05659100040793419,0.29736328125,"{""0"": 336}"
730,1026,195,332,332,0.268096923828125,0.2150116264820099,0.5612640380859375,0.277587890625,0.2374878227710724,0.5882034301757812,"{""0"": 332}"
731,239,196,329,329,-0.2267150580883026,-0.2052460014820099,0.6116867065429688,-0.2027740180492401,-0.1786346733570099,0.61700439453125,"{""0"": 329}"
732,865,191,328,328,0.17410282790660858,-0.2359618842601776,0.41962432861328125,0.18490605056285858,-0.2224731147289276,0.47313883900642395,"{""0"": 328}"
733,644,197,327,327,0.011301975697278976,0.30511474609375,0.334930419921875,0.031757332384586334,0.311370849609375,0.40435791015625,"{""0"": 327}"
734,898,187,323,323,0.19230656325817108,-0.2850646674633026,0.6522216796875,0.20480351150035858,-0.2740173041820526,0.6658477783203125,"{""0"": 323}"
735,258,194,320,320,-0.22119136154651642,-0.1732940971851349,0.42209625244140625,-0.20388789474964142,-0.1604156792163849,0.4525146484375,"{""0"": 320}"
736,868,186,319,319,0.1749572455883026,0.3209533989429474,0.4416961669921875,0.1902160346508026,0.3447265923023224,0.4587898254394531,"{""0"": 319}"
737,33,186,318,318,-0.327972412109375,0.13587947189807892,0.40918728709220886,-0.310333251953125,0.14553828537464142,0.42992016673088074,"{""0"": 318}"
738,587,188,318,318,-0.028644556179642677,0.1582336276769638,0.1832275390625,-0.010158533230423927,0.1731262058019638,0.213836669921875,"{""0"": 318}"
739,525,183,317,317,-0.06781009584665298,0.28314208984375,0.750518798828125,-0.05870441347360611,0.307525634765625,0.768035888671875,"{""0"": 317}"
740,726,192,317,317,0.08904267847537994,0.09575653821229935,0.221343994140625,0.10709382593631744,0.108856201171875,0.245452880859375,"{""0"": 317}"
741,608,186,316,316,-0.014475821517407894,0.1826019138097763,0.2534027099609375,0.004727839957922697,0.1951141208410263,0.284637451171875,"{""0"": 316}"
742,657,188,309,309,0.021205944940447807,-0.11228180676698685,0.15618896484375,0.05852131173014641,-0.09494782239198685,0.2039794921875,"{""0"": 309}"
743,806,181,304,304,0.14956669509410858,-0.2555236518383026,0.63397216796875,0.16407780349254608,-0.2407989352941513,0.6568756103515625,"{""0"": 304}"
744,974,183,304,304,0.224212646484375,0.1701202690601349,0.3446197509765625,0.245697021484375,0.1970062553882599,0.393280029296875,"{""0"": 304}"
745,462,181,301,301,-0.11484523117542267,-0.287109375,0.5405616760253906,-0.09580989181995392,-0.2611083984375,0.5486907958984375,"{""0"": 301}"
746,617,183,298,298,-0.010583823546767235,-0.344390869140625,0.565338134765625,0.009960229508578777,-0.33160400390625,0.6033477783203125,"{""0"": 298}"
747,274,182,293,293,-0.21556086838245392,-0.1763153374195099,0.43854522705078125,-0.20217891037464142,-0.1598663628101349,0.46657371520996094,"{""0"": 293}"
748,1084,170,292,292,0.306182861328125,0.13203434646129608,0.3302764892578125,0.32098388671875,0.15361027419567108,0.3471527099609375,"{""0"": 292}"
749,284,167,291,291,-0.2117767184972763,0.07437130063772202,0.262420654296875,-0.2012023776769638,0.08595272153615952,0.3080902099609375,"{""0"": 291}"
750,1078,170,285,285,0.302398681640625,-0.05693049728870392,0.591461181640625,0.325714111328125,-0.027431439608335495,0.618621826171875,"{""0"": 285}"
751,879,165,284,284,0.1811981350183487,0.03849412500858307,0.180908203125,0.2039489895105362,0.050117503851652145,0.1949462890625,"{""0"": 284}"
752,194,155,276,276,-0.2452850043773651,-0.1854705959558487,0.6979217529296875,-0.2325744330883026,-0.1761169582605362,0.713134765625,"{""0"": 276}"
753,337,161,275,275,-0.19177241623401642,-0.2198791801929474,0.5267143249511719,-0.18157954514026642,-0.2051086723804474,0.5440139770507812,"{""0"": 275}"
754,713,161,275,275,0.07872777432203293,-0.3118896484375,0.5455284118652344,0.09068303555250168,-0.286041259765625,0.5533065795898438,"{""0"": 275}"
755,884,164,273,273,0.1839599311351776,0.2936401665210724,0.5957565307617188,0.1956634223461151,0.3178406059741974,0.6194915771484375,"{""0"": 273}"
756,159,160,269,269,-0.25677490234375,-0.1316986382007599,0.5420379638671875,-0.2476806342601776,-0.12184908986091614,0.5713119506835938,"{""0"": 269}"
757,256,163,269,269,-0.2219237983226776,-0.1556244194507599,0.4934518337249756,-0.2027740180492401,-0.1385040581226349,0.5423240661621094,"{""0"": 269}"
758,817,161,268,268,0.1541900783777237,0.10492707788944244,0.2438201904296875,0.1582489162683487,0.10923005640506744,0.2647705078125,"{""0"": 268}"
759,432,155,264,264,-0.13931269943714142,-0.2868652641773224,0.5466194152832031,-0.12905879318714142,-0.2661743462085724,0.5583343505859375,"{""0"": 264}"
760,482,161,264,264,-0.09448239207267761,-0.05846407637000084,0.1419677734375,-0.07704158872365952,-0.0211735051125288,0.1710205078125,"{""0"": 264}"
761,535,160,263,263,-0.0599517747759819,0.1480254828929901,0.196624755859375,-0.04430770128965378,0.1639404147863388,0.214019775390625,"{""0"": 263}"
762,372,154,262,262,-0.1738281100988388,0.06758876889944077,0.178863525390625,-0.1606750339269638,0.08676143735647202,0.20172119140625,"{""0"": 262}"
763,287,158,258,258,-0.2111663818359375,0.1647643744945526,0.3346252143383026,-0.1932220458984375,0.1864013373851776,0.3552550971508026,"{""0"": 258}"
764,646,166,258,258,0.01414200384169817,0.312896728515625,0.5979995727539062,0.042236294597387314,0.326812744140625,0.633026123046875,"{""0"": 258}"
765,782,149,258,258,0.13851933181285858,-0.2905578315258026,0.5488128662109375,0.15478520095348358,-0.2747497260570526,0.5579452514648438,"{""0"": 258}"
766,661,149,249,249,0.02528570033609867,0.308502197265625,0.3604278564453125,0.034633614122867584,0.316558837890625,0.4125518798828125,"{""0"": 249}"
767,721,144,248,248,0.08475495129823685,0.107757568359375,0.21710205078125,0.0988769605755806,0.1190948486328125,0.239990234375,"{""0"": 248}"
768,631,149,247,247,0.0005204000626690686,0.2178955078125,0.32476806640625,0.028789512813091278,0.2373809814453125,0.3549652099609375,"{""0"": 247}"
769,546,146,246,246,-0.05153650790452957,-0.32861328125,0.5625534057617188,-0.04089350253343582,-0.314239501953125,0.604522705078125,"{""0"": 246}"
770,455,146,243,243,-0.1167144775390625,0.1639556586742401,0.2583160400390625,-0.11125946044921875,0.1681060492992401,0.2795562744140625,"{""0"": 243}"
771,586,155,243,243,-0.027412356808781624,-0.3543701171875,0.5667037963867188,-0.017257634550333023,-0.332275390625,0.5982437133789062,"{""0"": 243}"
772,1058,143,242,242,0.28289794921875,0.04336932674050331,0.363250732421875,0.291351318359375,0.05418780818581581,0.3900909423828125,"{""0"": 242}"
773,682,142,240,240,0.04136655107140541,0.307342529296875,0.45574951171875,0.048992130905389786,0.3173828125,0.48206329345703125,"{""0"": 240}"
774,768,143,240,240,0.1283111721277237,0.08818817138671875,0.194244384765625,0.1376953274011612,0.10146331787109375,0.209747314453125,"{""0"": 240}"
775,208,148,238,238,-0.2402038276195526,-0.1437835991382599,0.5021142959594727,-0.2203979194164276,-0.1300812065601349,0.5551681518554688,"{""0"": 238}"
776,533,146,238,238,-0.0614737905561924,-0.348114013671875,0.5978927612304688,-0.05339426174759865,-0.339599609375,0.6216888427734375,"{""0"": 238}"
777,616,144,236,236,-0.011480272747576237,-0.376373291015625,0.5938186645507812,0.00421983003616333,-0.370147705078125,0.6126022338867188,"{""0"": 236}"
778,380,143,235,235,-0.16929621994495392,-0.2576599419116974,0.5472984313964844,-0.14949031174182892,-0.2429962307214737,0.55548095703125,"{""0"": 235}"
779,51,143,234,234,-0.3173828125,0.16909784078598022,0.2784270942211151,-0.30218505859375,0.18093866109848022,0.2904052436351776,"{""0"": 234}"
780,524,145,233,233,-0.0699005201458931,0.1901855319738388,0.294830322265625,-0.04450226202607155,0.2022552192211151,0.31549072265625,"{""0"": 233}"
781,1087,140,232,232,0.30670166015625,0.13343815505504608,0.3302764892578125,0.322113037109375,0.15361027419567108,0.3455047607421875,"{""0"": 232}"
782,957,141,231,231,0.2186279594898224,-0.1257323920726776,0.4355735778808594,0.2285003960132599,-0.11724850535392761,0.4897889494895935,"{""0"": 231}"
783,760,130,228,228,0.11632543057203293,-0.2966613471508026,0.5506210327148438,0.12895207107067108,-0.2827148139476776,0.5590896606445312,"{""0"": 228}"
784,915,140,228,228,0.2025757133960724,-0.007465344853699207,0.2818756103515625,0.2183838039636612,0.01650049351155758,0.309844970703125,"{""0"": 228}"
785,916,139,228,228,0.2008972316980362,0.01370908785611391,0.294036865234375,0.2177276760339737,0.03098871186375618,0.314971923828125,"{""0"": 228}"
786,72,138,227,227,-0.306976318359375,0.18862910568714142,0.5805892944335938,-0.299041748046875,0.20318599045276642,0.6097640991210938,"{""0"": 227}"
787,76,136,226,226,-0.305694580078125,0.18287654221057892,0.60003662109375,-0.292236328125,0.20248408615589142,0.62310791015625,"{""0"": 226}"
788,1000,134,225,225,0.2498779445886612,-0.013179748319089413,0.4135284423828125,0.263824462890625,0.004082232713699341,0.421478271484375,"{""0"": 225}"
789,205,133,223,223,-0.24111934006214142,-0.2032013237476349,0.4455070495605469,-0.23117060959339142,-0.1829834282398224,0.4627037048339844,"{""0"": 223}"
790,851,137,222,222,0.16548161208629608,-0.2749023139476776,0.5475540161132812,0.18986515700817108,-0.2640685737133026,0.5582199096679688,"{""0"": 222}"
791,1065,133,221,221,0.2886962890625,0.21736149489879608,0.5508880615234375,0.292877197265625,0.23652653396129608,0.5845489501953125,"{""0"": 221}"
792,273,129,219,219,-0.21470637619495392,-0.2317200005054474,0.5447235107421875,-0.18362422287464142,-0.2268982231616974,0.5561676025390625,"{""0"": 219}"
793,297,139,215,215,-0.20544429123401642,-0.1678161919116974,0.4372825622558594,-0.20350642502307892,-0.1610412895679474,0.4727287292480469,"{""0"": 215}"
794,741,134,215,215,0.10164643079042435,0.11113739758729935,0.2558746337890625,0.1227569654583931,0.1290283203125,0.2753753662109375,"{""0"": 215}"
795,441,123,214,214,-0.13726806640625,0.1436919867992401,0.2435150146484375,-0.1299591064453125,0.1517181098461151,0.2615509033203125,"{""0"": 214}"
796,841,129,214,214,0.16227728128433228,-0.2558593451976776,0.374298095703125,0.16938786208629608,-0.2475890964269638,0.38597869873046875,"{""0"": 214}"
797,356,126,211,211,-0.1861877292394638,0.02602192386984825,0.2416992038488388,-0.1735381931066513,0.042770348489284515,0.2542572021484375,"{""0"": 211}"
798,202,125,205,205,-0.24215693771839142,-0.2032013237476349,0.44574737548828125,-0.23117060959339142,-0.1843109428882599,0.46392059326171875,"{""0"": 205}"
799,864,126,205,205,0.17250065505504608,-0.2495879828929901,0.548370361328125,0.19883732497692108,-0.2378997504711151,0.557220458984375,"{""0"": 205}"
800,271,129,204,204,-0.21678157150745392,-0.1727142632007599,0.45772552490234375,-0.20309443771839142,-0.1626739799976349,0.49021172523498535,"{""0"": 204}"
801,722,127,203,203,0.08498379588127136,0.292755126953125,0.581878662109375,0.10291287302970886,0.310211181640625,0.6215972900390625,"{""0"": 203}"
802,450,118,202,202,-0.1258544772863388,0.12058255076408386,0.196624755859375,-0.1127777025103569,0.1254577338695526,0.2127685546875,"{""0"": 202}"
803,109,120,199,199,-0.28839111328125,-0.0262928269803524,0.719451904296875,-0.281951904296875,-0.015918759629130363,0.7292633056640625,"{""0"": 199}"
804,942,122,199,199,0.2118072807788849,0.0016851616092026234,0.2856292724609375,0.2337951809167862,0.02266695350408554,0.3123931884765625,"{""0"": 199}"
805,332,121,198,198,-0.1929321587085724,0.2980041205883026,0.6072845458984375,-0.1873169243335724,0.3187255561351776,0.6256561279296875,"{""0"": 198}"
806,20,118,195,195,-0.34185791015625,0.07160183042287827,0.6204681396484375,-0.33123779296875,0.08705898374319077,0.6494293212890625,"{""0"": 195}"
807,495,122,193,193,-0.08831024914979935,0.2145385444164276,0.2770843505859375,-0.0749054029583931,0.2301330268383026,0.29681396484375,"{""0"": 193}"
808,1037,122,192,192,0.2744140625,0.03580859676003456,0.39212799072265625,0.2803955078125,0.054298434406518936,0.40280914306640625,"{""0"": 192}"
809,541,112,189,189,-0.05605316162109375,0.1787414401769638,0.2888641357421875,-0.04144287109375,0.1934356540441513,0.3052825927734375,"{""0"": 189}"
810,1089,114,189,189,0.311279296875,0.02999882400035858,0.5033559799194336,0.32550048828125,0.04435352608561516,0.520294189453125,"{""0"": 189}"
811,522,116,186,186,-0.06896204501390457,-0.349578857421875,0.598388671875,-0.05913156643509865,-0.34173583984375,0.6309661865234375,"{""0"": 186}"
812,475,111,185,185,-0.09923548996448517,-0.28387451171875,0.5376853942871094,-0.08733363449573517,-0.26373291015625,0.5449066162109375,"{""0"": 185}"
813,843,119,183,183,0.1632538139820099,-0.2573547065258026,0.734039306640625,0.17988590896129608,-0.24911494553089142,0.762115478515625,"{""0"": 183}"
814,890,108,181,181,0.18582157790660858,-0.2609862983226776,0.5494728088378906,0.20370487868785858,-0.2549743354320526,0.55963134765625,"{""0"": 181}"
815,704,113,178,178,0.06888581067323685,0.1281890869140625,0.19451904296875,0.0855560377240181,0.1380462646484375,0.2137451171875,"{""0"": 178}"
816,227,103,177,177,-0.2314910590648651,-0.016042746603488922,0.3192596435546875,-0.2264098823070526,-0.0016501325881108642,0.3281097412109375,"{""0"": 177}"
817,1041,113,177,177,0.27471923828125,-0.017566630616784096,0.765472412109375,0.29547119140625,-0.002207706216722727,0.78363037109375,"{""0"": 177}"
818,1097,108,177,177,0.31732177734375,0.012876552529633045,0.47122955322265625,0.3251953125,0.024761242792010307,0.4973592758178711,"{""0"": 177}"
819,510,115,174,174,-0.07807158678770065,0.1240997165441513,0.227264404296875,-0.07012175768613815,0.1339111030101776,0.250640869140625,"{""0"": 174}"
820,325,105,173,173,-0.1951294094324112,0.2532958686351776,0.3022613227367401,-0.1860046535730362,0.2583617866039276,0.3110198676586151,"{""0"": 173}"
821,1031,102,173,173,0.271026611328125,0.08562472462654114,0.2410431057214737,0.2843017578125,0.09811404347419739,0.250152587890625,"{""0"": 173}"
822,897,108,172,172,0.1906891018152237,0.04527666047215462,0.2955780029296875,0.2035370022058487,0.06359865516424179,0.31756591796875,"{""0"": 172}"
823,493,100,170,170,-0.08911128342151642,-0.27947998046875,0.5363922119140625,-0.08090968430042267,-0.263427734375,0.5436859130859375,"{""0"": 170}"
824,633,105,170,170,0.0022148992866277695,0.2303619384765625,0.3298492431640625,0.015643110498785973,0.2391357421875,0.3548583984375,"{""0"": 170}"
825,317,112,167,167,-0.1979064643383026,-0.2171020656824112,0.6920318603515625,-0.1827239692211151,-0.1955566555261612,0.7195587158203125,"{""0"": 167}"
826,531,108,166,166,-0.06289667636156082,-0.340057373046875,0.5974349975585938,-0.04364771395921707,-0.331268310546875,0.62762451171875,"{""0"": 166}"
827,259,105,164,164,-0.2209014594554901,-0.1647033989429474,0.47180938720703125,-0.2028960883617401,-0.1446075737476349,0.503300666809082,"{""0"": 164}"
828,557,100,164,164,-0.04627228155732155,0.1820068210363388,0.290191650390625,-0.02851295657455921,0.2007903903722763,0.312103271484375,"{""0"": 164}"
829,1046,109,164,164,0.276824951171875,0.19480900466442108,0.5750656127929688,0.29327392578125,0.21049503982067108,0.5937881469726562,"{""0"": 164}"
830,532,106,163,163,-0.06095880642533302,-0.346649169921875,0.5813980102539062,-0.05348199978470802,-0.34136962890625,0.6044692993164062,"{""0"": 163}"
831,701,102,163,163,0.06185155361890793,-0.30352783203125,0.5409278869628906,0.07570653408765793,-0.28167724609375,0.5464019775390625,"{""0"": 163}"
832,492,101,161,161,-0.08887476474046707,-0.31231689453125,0.49148380756378174,-0.07977289706468582,-0.298980712890625,0.5063915252685547,"{""0"": 161}"
833,727,99,160,160,0.08982854336500168,-0.309967041015625,0.5462532043457031,0.09695439785718918,-0.288482666015625,0.5545196533203125,"{""0"": 160}"
834,341,100,158,158,-0.1911316215991974,0.2984618842601776,0.6072845458984375,-0.1869201958179474,0.3187255561351776,0.626129150390625,"{""0"": 158}"
835,440,100,158,158,-0.1385345458984375,0.1434936225414276,0.2435150146484375,-0.1314544677734375,0.1518706977367401,0.26336669921875,"{""0"": 158}"
836,983,96,156,156,0.2303314357995987,-0.021968815475702286,0.410400390625,0.2508544921875,-0.0044932072050869465,0.4259033203125,"{""0"": 156}"
837,997,100,155,155,0.2456054538488388,0.21929936110973358,0.6473541259765625,0.2496185153722763,0.2268677055835724,0.6702117919921875,"{""0"": 155}"
838,593,96,153,153,-0.02606767602264881,-0.360687255859375,0.589111328125,-0.02150529995560646,-0.34942626953125,0.6145401000976562,"{""0"": 153}"
839,1054,108,149,149,0.27960205078125,0.20590214431285858,0.56317138671875,0.293121337890625,0.22138981521129608,0.5816268920898438,"{""0"": 149}"
840,1083,91,145,145,0.3060302734375,0.12158206850290298,0.4617195129394531,0.310150146484375,0.13211064040660858,0.47805213928222656,"{""0"": 145}"
841,307,88,143,143,-0.2014770656824112,0.2657775580883026,0.2927856147289276,-0.1902771145105362,0.2739257514476776,0.3029479682445526,"{""0"": 143}"
842,212,93,139,139,-0.2393188178539276,-0.1877746731042862,0.708343505859375,-0.2287139594554901,-0.1808777004480362,0.718109130859375,"{""0"": 139}"
843,308,85,139,139,-0.2024841457605362,0.2671508491039276,0.2929076850414276,-0.1905212551355362,0.2742309272289276,0.3041534125804901,"{""0"": 139}"
844,813,85,139,139,0.1520843803882599,-0.0800018161535263,0.289154052734375,0.1595154106616974,-0.062019333243370056,0.2937164306640625,"{""0"": 139}"
845,48,89,138,138,-0.317962646484375,0.17297357320785522,0.2787170112133026,-0.30462646484375,0.18075555562973022,0.2904510200023651,"{""0"": 138}"
846,573,89,138,138,-0.03606409206986427,-0.334014892578125,0.569976806640625,-0.023372596129775047,-0.327545166015625,0.5953750610351562,"{""0"": 138}"
847,645,86,138,138,0.011886602267622948,0.1628265231847763,0.18133544921875,0.02082253061234951,0.1737823337316513,0.19476318359375,"{""0"": 138}"
848,583,89,136,136,-0.029405536130070686,-0.347991943359375,0.5506858825683594,-0.02291673794388771,-0.33648681640625,0.5785140991210938,"{""0"": 136}"
849,885,83,134,134,0.18495182693004608,-0.2604980170726776,0.5512924194335938,0.20370487868785858,-0.2549743354320526,0.55999755859375,"{""0"": 134}"
850,1008,81,134,134,0.255615234375,-0.13438411056995392,0.708770751953125,0.2606201171875,-0.12840266525745392,0.7159271240234375,"{""0"": 134}"
851,705,78,131,131,0.06966405361890793,-0.29931640625,0.5434913635253906,0.07534032315015793,-0.286163330078125,0.5503425598144531,"{""0"": 131}"
852,473,79,129,129,-0.10222621262073517,-0.284515380859375,0.5418243408203125,-0.09542079269886017,-0.2684326171875,0.5451774597167969,"{""0"": 129}"
853,993,83,129,129,0.2434997409582138,0.2402344048023224,0.5821685791015625,0.2486572116613388,0.2449493706226349,0.592803955078125,"{""0"": 129}"
854,378,79,126,126,-0.16949458420276642,-0.2834167778491974,0.6617431640625,-0.15460200607776642,-0.2744751274585724,0.6837005615234375,"{""0"": 126}"
855,1066,78,123,123,0.290618896484375,0.11968997120857239,0.28961181640625,0.302642822265625,0.1290588676929474,0.3089599609375,"{""0"": 123}"
856,1082,79,123,123,0.3060302734375,0.12158206850290298,0.4618072509765625,0.3099365234375,0.13182072341442108,0.4744272232055664,"{""0"": 123}"
857,398,75,122,122,-0.15953059494495392,-0.2359161525964737,0.40653228759765625,-0.15072627365589142,-0.2277832180261612,0.41205596923828125,"{""0"": 122}"
858,567,81,122,122,-0.039047181606292725,-0.36260986328125,0.5568008422851562,-0.02903360314667225,-0.3529052734375,0.5709915161132812,"{""0"": 122}"
859,694,78,122,122,0.05466465279459953,-0.09984589368104935,0.163421630859375,0.07123569399118423,-0.0870819166302681,0.19281005859375,"{""0"": 122}"
860,146,83,120,120,-0.2657470703125,-0.04699709266424179,0.7387542724609375,-0.2479247897863388,-0.03168489784002304,0.762298583984375,"{""0"": 120}"
861,863,70,118,118,0.1737212836742401,0.3362121880054474,0.4403800964355469,0.1804351508617401,0.3461914360523224,0.4442939758300781,"{""0"": 118}"
862,40,79,116,116,-0.32122802734375,0.15736384689807892,0.3836364448070526,-0.3177490234375,0.16526789963245392,0.39481350779533386,"{""0"": 116}"
863,216,73,115,115,-0.2368621528148651,-0.09013369679450989,0.45941925048828125,-0.2320251166820526,-0.07781985402107239,0.48169994354248047,"{""0"": 115}"
864,491,71,115,115,-0.08855438977479935,0.2208404242992401,0.275238037109375,-0.07979584485292435,0.2303771674633026,0.2834320068359375,"{""0"": 115}"
865,877,72,115,115,0.17970280349254608,-0.2325591742992401,0.4630947411060333,0.18687443435192108,-0.2274474799633026,0.49375131726264954,"{""0"": 115}"
866,917,70,115,115,0.2027435153722763,0.2286834865808487,0.3062744140625,0.2088012546300888,0.2327118068933487,0.3155059814453125,"{""0"": 115}"
867,928,74,115,115,0.2081909477710724,-0.1282043159008026,0.42478179931640625,0.2122650444507599,-0.12234494090080261,0.4378166198730469,"{""0"": 115}"
868,59,80,114,114,-0.31243896484375,0.13362117111682892,0.4060210883617401,-0.302490234375,0.14526362717151642,0.4281463325023651,"{""0"": 114}"
869,261,73,114,114,-0.2190399020910263,0.09147640317678452,0.2657470703125,-0.2132263034582138,0.10783382505178452,0.2855682373046875,"{""0"": 114}"
870,1059,75,114,114,0.283538818359375,0.11142733693122864,0.367767333984375,0.293304443359375,0.11964419484138489,0.39472198486328125,"{""0"": 114}"
871,539,76,113,113,-0.05668634548783302,-0.346649169921875,0.5813980102539062,-0.05314630642533302,-0.34136962890625,0.6008071899414062,"{""0"": 113}"
872,947,80,113,113,0.2144623100757599,-0.1324004828929901,0.405242919921875,0.2211456596851349,-0.11949917674064636,0.44136810302734375,"{""0"": 113}"
873,743,74,112,112,0.10365292429924011,0.2416839897632599,0.764404296875,0.11278530955314636,0.25335693359375,0.7796630859375,"{""0"": 112}"
874,251,72,111,111,-0.2238311469554901,-0.1956329643726349,0.5504913330078125,-0.21165461838245392,-0.1862335503101349,0.5575180053710938,"{""0"": 111}"
875,523,71,107,107,-0.06896966695785522,-0.34515380859375,0.5755462646484375,-0.06062311306595802,-0.340728759765625,0.6061553955078125,"{""0"": 107}"
876,605,73,107,107,-0.01564979925751686,0.1937103122472763,0.292236328125,-0.011538509279489517,0.2039947360754013,0.309417724609375,"{""0"": 107}"
877,267,73,106,106,-0.2175750434398651,-0.1296844780445099,0.424072265625,-0.2089080512523651,-0.12386325001716614,0.445037841796875,"{""0"": 106}"
878,829,65,103,103,0.15815739333629608,-0.2475738376379013,0.5307998657226562,0.16667179763317108,-0.2410888522863388,0.5408287048339844,"{""0"": 103}"
879,823,66,102,102,0.1560821533203125,0.156982421875,0.251861572265625,0.1613311767578125,0.165802001953125,0.259796142578125,"{""0"": 102}"
880,253,64,99,99,-0.2238158881664276,-0.1958008110523224,0.5494804382324219,-0.21275325119495392,-0.1862335503101349,0.5572280883789062,"{""0"": 99}"
881,995,68,99,99,0.2437438815832138,0.2398071587085724,0.5821685791015625,0.2486572116613388,0.2445068657398224,0.5926742553710938,"{""0"": 99}"
882,618,64,95,95,-0.010704942047595978,-0.327362060546875,0.5763702392578125,0.0011645486811175942,-0.322021484375,0.6041336059570312,"{""0"": 95}"
883,678,65,95,95,0.03857417777180672,0.323089599609375,0.751434326171875,0.04402156546711922,0.330047607421875,0.7578125,"{""0"": 95}"
884,279,66,94,94,-0.2131194770336151,-0.1623230278491974,0.45653533935546875,-0.2034606635570526,-0.1517029106616974,0.4847726821899414,"{""0"": 94}"
885,166,64,93,93,-0.256805419921875,-0.04717256873846054,0.74114990234375,-0.2392883151769638,-0.03371431678533554,0.758636474609375,"{""0"": 93}"
886,572,64,93,93,-0.0367850698530674,-0.347412109375,0.5669937133789062,-0.029628697782754898,-0.332061767578125,0.5935897827148438,"{""0"": 93}"
887,927,60,90,90,0.2079620659351349,-0.1282043159008026,0.424957275390625,0.2108612358570099,-0.12234494090080261,0.4374237060546875,"{""0"": 90}"
888,231,58,88,88,-0.2296447455883026,-0.02097705751657486,0.325042724609375,-0.2272796332836151,-0.009657897055149078,0.33837890625,"{""0"": 88}"
889,718,58,87,87,0.07959748059511185,0.1334686279296875,0.19451904296875,0.0856018140912056,0.137664794921875,0.20208740234375,"{""0"": 87}"
890,365,55,83,83,-0.1807861179113388,0.05633923038840294,0.230865478515625,-0.1739501804113388,0.059081997722387314,0.2412566989660263,"{""0"": 83}"
891,670,52,82,82,0.032100677490234375,0.1758117526769638,0.2592010498046875,0.03427886962890625,0.1777953952550888,0.2705841064453125,"{""0"": 82}"
892,874,57,82,82,0.17759709060192108,-0.2346954047679901,0.5032129287719727,0.18388371169567108,-0.2264098823070526,0.51947021484375,"{""0"": 82}"
893,244,50,81,81,-0.2251587212085724,0.3287963569164276,0.3702697455883026,-0.2212372124195099,0.3359679877758026,0.37403103709220886,"{""0"": 81}"
894,1102,55,81,81,0.32293701171875,-0.10380548983812332,0.5944976806640625,0.328094482421875,-0.09526056796312332,0.5986404418945312,"{""0"": 81}"
895,362,55,80,80,-0.1825561374425888,0.0262126587331295,0.2424468845129013,-0.1735381931066513,0.03945538029074669,0.254241943359375,"{""0"": 80}"
896,489,50,80,80,-0.09120173007249832,-0.28399658203125,0.53900146484375,-0.08778376877307892,-0.271087646484375,0.5428237915039062,"{""0"": 80}"
897,746,49,76,76,0.1067810133099556,0.1419677734375,0.250732421875,0.11287689954042435,0.1446075439453125,0.2586822509765625,"{""0"": 76}"
898,680,56,75,75,0.0404815711081028,0.1583862155675888,0.26800537109375,0.04973984137177467,0.1684112399816513,0.2783203125,"{""0"": 75}"
899,755,48,75,75,0.11191560328006744,0.11767578125,0.19696044921875,0.11656953394412994,0.12274932861328125,0.202972412109375,"{""0"": 75}"
900,954,51,75,75,0.2168274223804474,-0.1329040229320526,0.41112518310546875,0.2238769829273224,-0.1287994086742401,0.4363251030445099,"{""0"": 75}"
901,98,51,73,73,-0.29449462890625,0.08543392270803452,0.4689330756664276,-0.28424072265625,0.09114833921194077,0.48131081461906433,"{""0"": 73}"
902,247,46,73,73,-0.2251739501953125,0.17414851486682892,0.22625732421875,-0.220458984375,0.17779536545276642,0.231292724609375,"{""0"": 73}"
903,254,52,73,73,-0.2242431342601776,-0.1827850490808487,0.70050048828125,-0.2146606147289276,-0.1752014309167862,0.7144775390625,"{""0"": 73}"
904,504,48,72,72,-0.08248896151781082,-0.305023193359375,0.49748706817626953,-0.07738489657640457,-0.298919677734375,0.5002307891845703,"{""0"": 72}"
905,750,50,69,69,0.10863500088453293,-0.2814025580883026,0.5160503387451172,0.11685948818922043,-0.2783202826976776,0.5250778198242188,"{""0"": 69}"
906,904,45,67,67,0.19718937575817108,-0.2423705756664276,0.5555343627929688,0.20684818923473358,-0.2359771430492401,0.5593795776367188,"{""0"": 67}"
907,266,47,65,65,-0.2185668796300888,0.07397457212209702,0.26031494140625,-0.2111511081457138,0.07997127622365952,0.277923583984375,"{""0"": 65}"
908,549,46,65,65,-0.05086898058652878,0.1571197360754013,0.19439697265625,-0.04553603380918503,0.1656341403722763,0.200714111328125,"{""0"": 65}"
909,397,47,64,64,-0.15998835861682892,-0.2752991020679474,0.5506134033203125,-0.15032954514026642,-0.2644348442554474,0.5596923828125,"{""0"": 64}"
910,364,45,63,63,-0.1812286227941513,0.05633923038840294,0.230865478515625,-0.1743011325597763,0.05930706486105919,0.2412566989660263,"{""0"": 63}"
911,950,54,63,63,0.2144012749195099,-0.08011624217033386,0.45438385009765625,0.2257995903491974,-0.07014462351799011,0.4609546661376953,"{""0"": 63}"
912,951,44,61,61,0.2161712795495987,0.01464368961751461,0.3029632568359375,0.2244415432214737,0.02221491187810898,0.314971923828125,"{""0"": 61}"
913,521,46,60,60,-0.06896204501390457,-0.349212646484375,0.585968017578125,-0.06559747457504272,-0.343170166015625,0.607147216796875,"{""0"": 60}"
914,81,43,58,58,-0.304473876953125,0.09828182309865952,0.5369148254394531,-0.299102783203125,0.10538478940725327,0.5423088073730469,"{""0"": 58}"
915,454,37,57,57,-0.1186981275677681,0.2472076117992401,0.2498473972082138,-0.11551667004823685,0.2514953315258026,0.2534027099609375,"{""0"": 57}"
916,789,38,57,57,0.14015202224254608,-0.2621764838695526,0.5211582183837891,0.14706425368785858,-0.2585143744945526,0.5258216857910156,"{""0"": 57}"
917,878,39,57,57,0.18045048415660858,-0.2751769721508026,0.5548782348632812,0.19024662673473358,-0.2713012397289276,0.5582351684570312,"{""0"": 57}"
918,637,38,56,56,0.007019969169050455,0.1954345852136612,0.869384765625,0.009604426100850105,0.1988220363855362,0.8753662109375,"{""0"": 56}"
919,902,40,56,56,0.1961365044116974,0.005614775232970715,0.28662109375,0.2036743462085724,0.008933084085583687,0.2953643798828125,"{""0"": 56}"
920,1107,34,55,55,0.32720947265625,0.04502109810709953,0.42957305908203125,0.330078125,0.04746631905436516,0.4317054748535156,"{""0"": 55}"
921,54,38,53,53,-0.313568115234375,-0.13961796462535858,0.647552490234375,-0.307952880859375,-0.13682560622692108,0.651641845703125,"{""0"": 53}"
922,638,38,50,50,0.006245108786970377,0.1954345852136612,0.869384765625,0.009604426100850105,0.1992950588464737,0.87591552734375,"{""0"": 50}"
923,673,37,50,50,0.03435517102479935,0.1463470309972763,0.238861083984375,0.04048538953065872,0.1504669040441513,0.246246337890625,"{""0"": 50}"
924,6,34,49,49,-0.37139892578125,0.18872065842151642,0.46341702342033386,-0.366973876953125,0.19299311935901642,0.4666156470775604,"{""0"": 49}"
925,7,34,49,49,-0.371185302734375,0.18876643478870392,0.46253201365470886,-0.36663818359375,0.19299311935901642,0.46645161509513855,"{""0"": 49}"
926,520,39,49,49,-0.06970972567796707,-0.334442138671875,0.5904998779296875,-0.06620020419359207,-0.325592041015625,0.6132125854492188,"{""0"": 49}"
927,736,33,49,49,0.09805303066968918,-0.287628173828125,0.5178565979003906,0.10346227139234543,-0.285797119140625,0.522247314453125,"{""0"": 49}"
928,859,32,47,47,0.17272953689098358,-0.2075957953929901,0.3190155327320099,0.17816166579723358,-0.2033996284008026,0.3232879936695099,"{""0"": 47}"
929,883,33,45,45,0.18429569900035858,-0.2310943305492401,0.46265795826911926,0.18722538650035858,-0.2253875434398651,0.4774980843067169,"{""0"": 45}"
930,968,31,45,45,0.22499088943004608,-0.2268066108226776,0.5855331420898438,0.22933964431285858,-0.2241210639476776,0.5891952514648438,"{""0"": 45}"
931,390,30,44,44,-0.1632384955883026,-0.211761474609375,0.773101806640625,-0.1598357856273651,-0.2100830078125,0.77777099609375,"{""0"": 44}"
932,42,30,43,43,-0.3206787109375,-0.03075031377375126,0.5197658538818359,-0.316741943359375,-0.027032893151044846,0.5217056274414062,"{""0"": 43}"
933,178,29,43,43,-0.250885009765625,0.3167419135570526,0.47415921092033386,-0.2468719780445099,0.3199157416820526,0.4775104224681854,"{""0"": 43}"
934,1103,31,43,43,0.32415771484375,0.028291743248701096,0.4312782287597656,0.32562255859375,0.031002085655927658,0.4406394958496094,"{""0"": 43}"
935,747,33,42,42,0.1067810133099556,0.14227294921875,0.2507781982421875,0.1122741773724556,0.1452178955078125,0.2584381103515625,"{""0"": 42}"
936,19,29,41,41,-0.3411865234375,-0.007278486620634794,0.49454402923583984,-0.337646484375,-0.004106566309928894,0.49714183807373047,"{""0"": 41}"
937,55,31,41,41,-0.313934326171875,-0.13961796462535858,0.6476898193359375,-0.30804443359375,-0.13682560622692108,0.651641845703125,"{""0"": 41}"
938,948,26,41,41,0.2145385891199112,0.05755235627293587,0.2342529296875,0.2174530178308487,0.06028749421238899,0.23663330078125,"{""0"": 41}"
939,1035,28,40,40,0.273712158203125,-0.1297454535961151,0.613006591796875,0.277679443359375,-0.1268157660961151,0.6168975830078125,"{""0"": 40}"
940,134,29,39,39,-0.275177001953125,0.1801757663488388,0.777801513671875,-0.27178955078125,0.1830749362707138,0.780731201171875,"{""0"": 39}"
941,354,28,38,38,-0.1866302639245987,0.2570800483226776,0.2990569770336151,-0.1833801418542862,0.2606506049633026,0.3028106391429901,"{""0"": 38}"
942,534,30,38,38,-0.06037897244095802,-0.347015380859375,0.5844573974609375,-0.05790704861283302,-0.342742919921875,0.6006393432617188,"{""0"": 38}"
943,861,27,38,38,0.1723632961511612,0.04379655048251152,0.2042236328125,0.1746215969324112,0.04712296649813652,0.207733154296875,"{""0"": 38}"
944,1060,31,38,38,0.285919189453125,0.021835366263985634,0.4840250015258789,0.2972412109375,0.022705115377902985,0.49895763397216797,"{""0"": 38}"
945,79,28,37,37,-0.304229736328125,-0.027502097189426422,0.5280876159667969,-0.300567626953125,-0.02233508974313736,0.5336418151855469,"{""0"": 37}"
946,252,28,37,37,-0.2246856987476349,0.3265990912914276,0.3727264106273651,-0.2215118706226349,0.3347778022289276,0.3753966987133026,"{""0"": 37}"
947,779,25,37,37,0.1351623237133026,0.3359985649585724,0.5784530639648438,0.1377563178539276,0.3387146294116974,0.5819549560546875,"{""0"": 37}"
948,39,26,36,36,-0.3206787109375,-0.03079609014093876,0.5200405120849609,-0.316986083984375,-0.02734951302409172,0.5217170715332031,"{""0"": 36}"
949,1006,26,36,36,0.254150390625,0.2322235405445099,0.629913330078125,0.256744384765625,0.2342529594898224,0.634735107421875,"{""0"": 36}"
950,172,26,35,35,-0.2529296875,0.06914516538381577,0.3518218994140625,-0.2496032565832138,0.07260891050100327,0.3542633056640625,"{""0"": 35}"
951,483,25,34,34,-0.09401705116033554,0.1771392822265625,0.873779296875,-0.09113314002752304,0.179840087890625,0.876617431640625,"{""0"": 34}"
952,536,23,34,34,-0.0577048659324646,-0.35687255859375,0.5057563781738281,-0.054710328578948975,-0.353118896484375,0.5073642730712891,"{""0"": 34}"
953,692,24,34,34,0.05377575010061264,0.369384765625,0.565643310546875,0.05636974424123764,0.371490478515625,0.5688934326171875,"{""0"": 34}"
954,771,24,34,34,0.1309814304113388,0.2734985649585724,0.36916351318359375,0.1338806003332138,0.2754516899585724,0.373382568359375,"{""0"": 34}"
955,1077,23,34,34,0.300750732421875,-0.12458796799182892,0.5921401977539062,0.3028564453125,-0.12248225510120392,0.595001220703125,"{""0"": 34}"
956,1115,26,34,34,0.355499267578125,0.14965824782848358,0.481842041015625,0.358612060546875,0.15261845290660858,0.48526668548583984,"{""0"": 34}"
957,57,25,33,33,-0.31268310546875,0.24450679123401642,0.4426726996898651,-0.3096923828125,0.24900813400745392,0.447750061750412,"{""0"": 33}"
958,1007,23,33,33,0.254638671875,0.1317901760339737,0.3096771240234375,0.25714111328125,0.1341400295495987,0.31280517578125,"{""0"": 33}"
959,1011,24,33,33,0.25469970703125,0.1313018947839737,0.3096466064453125,0.257171630859375,0.1340484768152237,0.31280517578125,"{""0"": 33}"
960,772,23,32,32,0.1311492770910263,0.2734680473804474,0.36913299560546875,0.1339568942785263,0.2753296196460724,0.373382568359375,"{""0"": 32}"
961,355,24,31,31,-0.1865234524011612,0.2570800483226776,0.2990569770336151,-0.1833801418542862,0.2602538764476776,0.3028716742992401,"{""0"": 31}"
962,250,25,30,30,-0.2246704250574112,0.3111571967601776,0.37871548533439636,-0.2180938869714737,0.3190612494945526,0.3856353461742401,"{""0"": 30}"
963,263,22,30,30,-0.2185058742761612,0.3184814155101776,0.3763580024242401,-0.2160492241382599,0.3226318061351776,0.37912747263908386,"{""0"": 30}"
964,780,24,30,30,0.1350707709789276,0.3365478813648224,0.5784530639648438,0.1373443305492401,0.3387756645679474,0.58209228515625,"{""0"": 30}"
965,173,23,29,29,-0.2529296875,0.06916042417287827,0.3517608642578125,-0.2496642917394638,0.07260891050100327,0.3537139892578125,"{""0"": 29}"
966,1040,24,29,29,0.274566650390625,-0.1298217475414276,0.6129989624023438,0.277679443359375,-0.1273650825023651,0.6168975830078125,"{""0"": 29}"
967,1113,21,29,29,0.35546875,0.15026859939098358,0.4820842742919922,0.358612060546875,0.15258793532848358,0.4853935241699219,"{""0"": 29}"
968,56,22,28,28,-0.31268310546875,0.24472041428089142,0.4426726996898651,-0.309906005859375,0.24900813400745392,0.447750061750412,"{""0"": 28}"
969,886,25,28,28,0.18518070876598358,-0.2319183051586151,0.47272685170173645,0.18785099685192108,-0.2272033393383026,0.4826488792896271,"{""0"": 28}"
970,46,21,27,27,-0.3197021484375,0.16192622482776642,0.38364407420158386,-0.3177490234375,0.16520686447620392,0.38681790232658386,"{""0"": 27}"
971,190,20,27,27,-0.2452239692211151,-0.1775512844324112,0.694580078125,-0.2425994575023651,-0.1746368557214737,0.699371337890625,"{""0"": 27}"
972,360,19,27,27,-0.1826171576976776,-0.0010830501560121775,0.2617645263671875,-0.1804809272289276,0.001511301496066153,0.263824462890625,"{""0"": 27}"
973,574,20,27,27,-0.03494643792510033,0.1701507419347763,0.256561279296875,-0.0322112999856472,0.1735076755285263,0.2594757080078125,"{""0"": 27}"
974,801,20,27,27,0.1475067436695099,-0.06705473363399506,0.259002685546875,0.1502228081226349,-0.0646209567785263,0.2625885009765625,"{""0"": 27}"
975,189,19,26,26,-0.2465972751379013,0.05487056449055672,0.3341217041015625,-0.2441558688879013,0.05685420706868172,0.33563232421875,"{""0"": 26}"
976,374,19,26,26,-0.17358393967151642,-0.16290287673473358,0.303863525390625,-0.17100520431995392,-0.15892033278942108,0.3056640625,"{""0"": 26}"
977,429,24,26,26,-0.1419372409582138,0.07636258006095886,0.19873046875,-0.1387481540441513,0.07966610044240952,0.20355224609375,"{""0"": 26}"
978,434,18,26,26,-0.1394500583410263,0.07626339793205261,0.19873046875,-0.1373901218175888,0.07862851023674011,0.200775146484375,"{""0"": 26}"
979,836,19,26,26,0.16206365823745728,-0.2558593451976776,0.374298095703125,0.16358953714370728,-0.2521972358226776,0.3765716552734375,"{""0"": 26}"
980,1064,17,26,26,0.288604736328125,-0.011815030127763748,0.5498123168945312,0.28997802734375,-0.010579068213701248,0.551849365234375,"{""0"": 26}"
981,10,19,25,25,-0.364044189453125,0.22648616135120392,0.3571166694164276,-0.36212158203125,0.22735591232776642,0.3613280951976776,"{""0"": 25}"
982,264,21,25,25,-0.2186432033777237,0.3182983100414276,0.3763580024242401,-0.2160492241382599,0.3226318061351776,0.37985989451408386,"{""0"": 25}"
983,359,19,25,25,-0.1834411472082138,0.10696407407522202,0.220794677734375,-0.1816863864660263,0.10814663022756577,0.224395751953125,"{""0"": 25}"
984,394,18,25,25,-0.1604614108800888,0.08198543637990952,0.176605224609375,-0.1580047458410263,0.08415218442678452,0.179473876953125,"{""0"": 25}"
985,435,20,25,25,-0.1395568549633026,-0.06841281056404114,0.205108642578125,-0.1367339789867401,-0.06501772999763489,0.208160400390625,"{""0"": 25}"
986,157,19,24,24,-0.258148193359375,0.10002131760120392,0.3043060302734375,-0.2557373046875,0.10267634689807892,0.3054351806640625,"{""0"": 24}"
987,199,19,24,24,-0.2429504245519638,0.09400935471057892,0.207794189453125,-0.2404937595129013,0.09651179611682892,0.21136474609375,"{""0"": 24}"
988,457,18,24,24,-0.1149444580078125,0.1646880805492401,0.2583160400390625,-0.11125946044921875,0.1671447455883026,0.2606964111328125,"{""0"": 24}"
989,554,19,24,24,-0.047130607068538666,0.34130859375,0.334991455078125,-0.045459769666194916,0.3446044921875,0.33746337890625,"{""0"": 24}"
990,895,19,24,24,0.1884002834558487,0.024534238502383232,0.2416839748620987,0.1908722221851349,0.02655412070453167,0.2434692531824112,"{""0"": 24}"
991,147,18,23,23,-0.265106201171875,0.2469634711742401,0.5593490600585938,-0.26336669921875,0.2497253119945526,0.5617294311523438,"{""0"": 23}"
992,323,17,23,23,-0.19377131760120392,-0.2602234184741974,0.5785675048828125,-0.18922419846057892,-0.2573852837085724,0.5802001953125,"{""0"": 23}"
993,855,18,23,23,0.1708069145679474,-0.0019590735901147127,0.2418518215417862,0.1734466850757599,0.00016675582446623594,0.2444152981042862,"{""0"": 23}"
994,1048,18,23,23,0.279022216796875,-0.08222194761037827,0.5105514526367188,0.2816162109375,-0.07936855405569077,0.5125999450683594,"{""0"": 23}"
995,110,17,22,22,-0.28839111328125,-0.01721384935081005,0.7192230224609375,-0.286102294921875,-0.015338925644755363,0.7210845947265625,"{""0"": 22}"
996,316,20,22,22,-0.1980285346508026,-0.12259677052497864,0.348541259765625,-0.1955260932445526,-0.12062838673591614,0.35345458984375,"{""0"": 22}"
997,375,18,22,22,-0.17182917892932892,-0.2248840481042862,0.5199089050292969,-0.16990657150745392,-0.2219238579273224,0.5231857299804688,"{""0"": 22}"
998,896,17,22,22,0.1900481879711151,0.3062744438648224,0.6708221435546875,0.1921233832836151,0.3078613579273224,0.6765899658203125,"{""0"": 22}"
999,1009,17,22,22,0.255126953125,-0.022844288498163223,0.3399200439453125,0.2578125,-0.0211848933249712,0.3414306640625,"{""0"": 22}"
1000,15,16,21,21,-0.344024658203125,0.15043635666370392,0.39255520701408386,-0.341461181640625,0.15217585861682892,0.3945617377758026,"{""0"": 21}"
1001,113,15,21,21,-0.286102294921875,0.2533874213695526,0.42031094431877136,-0.2845458984375,0.2559814155101776,0.4223785102367401,"{""0"": 21}"
1002,123,18,21,21,-0.280914306640625,0.2154998481273651,0.3938598334789276,-0.278533935546875,0.2174834907054901,0.3979186713695526,"{""0"": 21}"
1003,424,17,21,21,-0.14244073629379272,-0.3215942680835724,0.57080078125,-0.13996881246566772,-0.3195190727710724,0.5725631713867188,"{""0"": 21}"
1004,654,16,21,21,0.019722046330571175,-0.38134765625,0.5540618896484375,0.020719589665532112,-0.3785400390625,0.5562591552734375,"{""0"": 21}"
1005,1013,17,21,21,0.2554627060890198,-0.1782684028148651,0.5226974487304688,0.2572937607765198,-0.1753997504711151,0.5244903564453125,"{""0"": 21}"
1006,1027,17,21,21,0.268585205078125,0.24333195388317108,0.672821044921875,0.269439697265625,0.24536137282848358,0.6774749755859375,"{""0"": 21}"
1007,402,16,20,20,-0.15830989181995392,-0.2521362602710724,0.4742927551269531,-0.15455622971057892,-0.2496490627527237,0.4748868942260742,"{""0"": 20}"
1008,487,17,20,20,-0.09258269518613815,0.1660461127758026,0.2443695068359375,-0.09063720703125,0.1689300239086151,0.248992919921875,"{""0"": 20}"
1009,634,16,20,20,0.004283891525119543,0.275115966796875,0.3092041015625,0.006258474197238684,0.276763916015625,0.31072998046875,"{""0"": 20}"
1010,734,17,20,20,0.0971069410443306,0.1317596435546875,0.19378662109375,0.09879303723573685,0.13397216796875,0.196136474609375,"{""0"": 20}"
1011,1119,17,20,20,0.397705078125,0.08017735928297043,0.5244979858398438,0.399688720703125,0.08216863125562668,0.5282859802246094,"{""0"": 20}"
1012,651,16,19,19,0.019470276311039925,-0.38134765625,0.5541458129882812,0.020475449040532112,-0.37823486328125,0.5562591552734375,"{""0"": 19}"
1013,652,18,19,19,0.019163191318511963,-0.373779296875,0.5827407836914062,0.021204054355621338,-0.370849609375,0.5848846435546875,"{""0"": 19}"
1014,824,15,19,19,0.156280517578125,0.1628570556640625,0.258819580078125,0.158782958984375,0.165802001953125,0.259765625,"{""0"": 19}"
1015,987,17,19,19,0.2350921779870987,0.04782869294285774,0.20550537109375,0.2379913479089737,0.05037309601902962,0.207977294921875,"{""0"": 19}"
1016,1070,16,19,19,0.292327880859375,0.17353825271129608,0.3947296142578125,0.29400634765625,0.17562870681285858,0.39702606201171875,"{""0"": 19}"
1017,1075,16,19,19,0.300079345703125,0.19853214919567108,0.5087890625,0.302398681640625,0.20082096755504608,0.5103015899658203,"{""0"": 19}"
1018,1095,17,19,19,0.31451416015625,0.2562256157398224,0.37821197509765625,0.317535400390625,0.2608948051929474,0.3797607421875,"{""0"": 19}"
1019,1110,15,19,19,0.3424072265625,0.09262853115797043,0.636322021484375,0.3450927734375,0.09532933682203293,0.638092041015625,"{""0"": 19}"
1020,1112,17,19,19,0.34320068359375,0.12261967360973358,0.47368621826171875,0.345458984375,0.12504582107067108,0.4753561019897461,"{""0"": 19}"
1021,153,16,18,18,-0.2605590224266052,-0.1498260796070099,0.5041236877441406,-0.2589721083641052,-0.1479645073413849,0.5070762634277344,"{""0"": 18}"
1022,192,16,18,18,-0.2452239692211151,-0.1774292141199112,0.6946868896484375,-0.2427062690258026,-0.1746368557214737,0.699371337890625,"{""0"": 18}"
1023,553,14,17,17,-0.04788590967655182,0.289031982421875,0.3213348388671875,-0.045379653573036194,0.291412353515625,0.322845458984375,"{""0"": 17}"
1024,675,15,17,17,0.03544613718986511,0.356658935546875,0.4528541564941406,0.03790661692619324,0.35882568359375,0.4561767578125,"{""0"": 17}"
1025,685,15,17,17,0.04861066862940788,0.290191650390625,0.3548431396484375,0.05320737883448601,0.291351318359375,0.357666015625,"{""0"": 17}"
1026,714,14,17,17,0.07860565185546875,0.169525146484375,0.2662811279296875,0.0812225341796875,0.1721038818359375,0.267547607421875,"{""0"": 17}"
1027,773,14,17,17,0.13264469802379608,-0.191619873046875,0.2675628662109375,0.13462834060192108,-0.189453125,0.2716217041015625,"{""0"": 17}"
1028,821,15,17,17,0.15618900954723358,-0.211822509765625,0.2813568115234375,0.15788273513317108,-0.209075927734375,0.28363037109375,"{""0"": 17}"
1029,952,16,17,17,0.2153473049402237,0.05755235627293587,0.235015869140625,0.2180938869714737,0.06028749421238899,0.23773193359375,"{""0"": 17}"
1030,1,13,16,16,-0.399688720703125,0.10082239657640457,0.528564453125,-0.39794921875,0.10256189852952957,0.5315132141113281,"{""0"": 16}"
1031,47,15,16,16,-0.320220947265625,0.16931147873401642,0.62493896484375,-0.316864013671875,0.17114253342151642,0.627655029296875,"{""0"": 16}"
1032,181,13,16,16,-0.2486571967601776,-0.1920013725757599,0.6066513061523438,-0.2459716498851776,-0.1899109184741974,0.6080551147460938,"{""0"": 16}"
1033,622,15,16,16,-0.003952997736632824,0.302490234375,0.3209381103515625,-0.0018701727967709303,0.30474853515625,0.3228912353515625,"{""0"": 16}"
1034,732,14,16,16,0.09673310071229935,0.1219482496380806,0.2352294921875,0.0982818678021431,0.1234741285443306,0.239990234375,"{""0"": 16}"
1035,753,15,16,16,0.11280827969312668,-0.187164306640625,0.2418365627527237,0.11652379482984543,-0.185394287109375,0.2433777004480362,"{""0"": 16}"
1036,835,14,16,16,0.16072086989879608,-0.2586669623851776,0.4756613075733185,0.16300968825817108,-0.2564391791820526,0.47684672474861145,"{""0"": 16}"
1037,1017,13,16,16,0.259735107421875,-0.13049311935901642,0.708770751953125,0.2607421875,-0.12840266525745392,0.7103424072265625,"{""0"": 16}"
1038,1104,14,16,16,0.324798583984375,0.12583927810192108,0.4504432678222656,0.326568603515625,0.12744145095348358,0.4520378112792969,"{""0"": 16}"
1039,14,15,15,15,-0.346588134765625,0.08273310959339142,0.5706253051757812,-0.34423828125,0.08516688644886017,0.5735015869140625,"{""0"": 15}"
1040,784,13,15,15,0.1393280327320099,-0.03484725207090378,0.21563720703125,0.1421356499195099,-0.0321197435259819,0.21661376953125,"{""0"": 15}"
1041,1036,16,15,15,0.274627685546875,0.2173157036304474,0.40781402587890625,0.275726318359375,0.2195434868335724,0.4101409912109375,"{""0"": 15}"
1042,22,14,14,14,-0.338958740234375,-0.09943393617868423,0.6119918823242188,-0.337646484375,-0.09754184633493423,0.6143112182617188,"{""0"": 14}"
1043,112,14,14,14,-0.2864990234375,0.2533874213695526,0.42134854197502136,-0.284942626953125,0.2559814155101776,0.42270657420158386,"{""0"": 14}"
1044,240,11,14,14,-0.2268676608800888,-0.019023926928639412,0.45313262939453125,-0.2249603122472763,-0.017889054492115974,0.454803466796875,"{""0"": 14}"
1045,410,13,14,14,-0.15264888107776642,-0.2799377739429474,0.5552215576171875,-0.15113826096057892,-0.2783813774585724,0.5588912963867188,"{""0"": 14}"
1046,437,12,14,14,-0.1384429633617401,-0.008250265382230282,0.24078369140625,-0.1360320746898651,-0.005967169068753719,0.241973876953125,"{""0"": 14}"
1047,471,12,14,14,-0.10416416078805923,0.376556396484375,0.54217529296875,-0.10227970033884048,0.37835693359375,0.5434799194335938,"{""0"": 14}"
1048,653,13,14,14,0.01941295899450779,0.3406982421875,0.6028900146484375,0.021627390757203102,0.342681884765625,0.6040267944335938,"{""0"": 14}"
1049,921,12,14,14,0.20376591384410858,-0.2761230170726776,0.6521759033203125,0.20480351150035858,-0.2740173041820526,0.654937744140625,"{""0"": 14}"
1050,932,13,14,14,0.2081451117992401,0.2672424614429474,0.6342926025390625,0.2102203071117401,0.2695923149585724,0.6356353759765625,"{""0"": 14}"
1051,4,11,13,13,-0.38421630859375,0.19737239181995392,0.634918212890625,-0.3814697265625,0.19920344650745392,0.635955810546875,"{""0"": 13}"
1052,103,12,13,13,-0.292144775390625,-0.02048686519265175,0.6049728393554688,-0.29034423828125,-0.017652545124292374,0.6060714721679688,"{""0"": 13}"
1053,200,12,13,13,-0.2418823093175888,-0.00029630347853526473,0.3318328857421875,-0.2404479831457138,0.0007998558576218784,0.3346710205078125,"{""0"": 13}"
1054,329,11,13,13,-0.19335933029651642,-0.1825714409351349,0.4871485233306885,-0.19200129806995392,-0.1803894340991974,0.488733172416687,"{""0"": 13}"
1055,446,12,13,13,-0.1322784125804901,-0.03769686445593834,0.2834625244140625,-0.1300811469554901,-0.03606417402625084,0.2844085693359375,"{""0"": 13}"
1056,449,12,13,13,-0.12684626877307892,-0.1304321587085724,0.223297119140625,-0.12496943771839142,-0.1277008354663849,0.224365234375,"{""0"": 13}"
1057,497,13,13,13,-0.08775324374437332,-0.1724090874195099,0.20477294921875,-0.08580011874437332,-0.1696777641773224,0.2061767578125,"{""0"": 13}"
1058,711,12,13,13,0.0773620456457138,0.27532958984375,0.308563232421875,0.0789642184972763,0.27716064453125,0.3107757568359375,"{""0"": 13}"
1059,976,12,13,13,0.2265625298023224,-0.11343380808830261,0.4979572296142578,0.2281952202320099,-0.11151120066642761,0.5015640258789062,"{""0"": 13}"
1060,1002,12,13,13,0.251129150390625,0.3125305473804474,0.4718151092529297,0.253082275390625,0.3148804008960724,0.47309303283691406,"{""0"": 13}"
1061,1118,11,13,13,0.36981201171875,0.08399205654859543,0.413848876953125,0.37127685546875,0.08541112393140793,0.4150543212890625,"{""0"": 13}"
1062,570,11,12,12,-0.03818506747484207,-0.34332275390625,0.6590576171875,-0.0331077054142952,-0.338958740234375,0.66595458984375,"{""0"": 12}"
1063,703,12,12,12,0.06643682718276978,-0.312774658203125,0.463291198015213,0.06838995218276978,-0.310791015625,0.46480563282966614,"{""0"": 12}"
1064,776,12,12,12,0.1315765082836151,0.3375244438648224,0.46961021423339844,0.1339873969554901,0.3398132622241974,0.47069358825683594,"{""0"": 12}"
1065,819,11,12,12,0.1541900783777237,0.1050872951745987,0.2437744140625,0.1556701809167862,0.1062927395105362,0.2462158203125,"{""0"": 12}"
1066,839,13,12,12,0.16242985427379608,-0.1320037841796875,0.2707672119140625,0.16467289626598358,-0.1305389404296875,0.2729339599609375,"{""0"": 12}"
1067,25,10,11,11,-0.339111328125,0.3010558784008026,0.3812102973461151,-0.3369140625,0.3025207221508026,0.3824004828929901,"{""0"": 11}"
1068,236,9,11,11,-0.2273406684398651,-0.1790008842945099,0.6113739013671875,-0.2262267768383026,-0.1770477592945099,0.6121826171875,"{""0"": 11}"
1069,415,9,11,11,-0.15264888107776642,-0.2360687404870987,0.4062347412109375,-0.15045161545276642,-0.2345581203699112,0.40692138671875,"{""0"": 11}"
1070,480,11,11,11,-0.09554285556077957,-0.291656494140625,0.48428821563720703,-0.09452814608812332,-0.2899169921875,0.4868617057800293,"{""0"": 11}"
1071,503,11,11,11,-0.08331292867660522,-0.314208984375,0.4540901184082031,-0.08136743307113647,-0.31280517578125,0.4561805725097656,"{""0"": 11}"
1072,16,12,10,10,-0.34356689453125,0.15043635666370392,0.3929290473461151,-0.341461181640625,0.15222163498401642,0.39579007029533386,"{""0"": 10}"
1073,338,11,10,10,-0.19041438400745392,-0.2377014458179474,0.5985946655273438,-0.18978877365589142,-0.2363128960132599,0.602874755859375,"{""0"": 10}"
1074,411,10,10,10,-0.1536712646484375,0.1442107856273651,0.2537078857421875,-0.1516571044921875,0.1456145942211151,0.2552947998046875,"{""0"": 10}"
1075,749,10,10,10,0.1093444898724556,0.1455535888671875,0.2518157958984375,0.1105041578412056,0.146575927734375,0.254180908203125,"{""0"": 10}"
1076,804,11,10,10,0.14895634353160858,-0.2935485541820526,0.650238037109375,0.15147404372692108,-0.2918700873851776,0.662200927734375,"{""0"": 10}"
1077,114,8,9,9,-0.286041259765625,0.009248707443475723,0.75457763671875,-0.28509521484375,0.010533306747674942,0.75506591796875,"{""0"": 9}"
1078,235,9,9,9,-0.2275695502758026,-0.1793213039636612,0.7039337158203125,-0.2259521186351776,-0.1776123195886612,0.7064666748046875,"{""0"": 9}"
1079,358,9,9,9,-0.1838531196117401,0.002657142700627446,0.302978515625,-0.1821746528148651,0.004239526577293873,0.304046630859375,"{""0"": 9}"
1080,385,9,9,9,-0.16853328049182892,-0.2269134670495987,0.4751777648925781,-0.16664119064807892,-0.2256164699792862,0.4764575958251953,"{""0"": 9}"
1081,581,10,9,9,-0.031311050057411194,0.282470703125,0.3155364990234375,-0.03009606897830963,0.283782958984375,0.3176727294921875,"{""0"": 9}"
1082,671,9,9,9,0.03216171637177467,0.1758117526769638,0.25909423828125,0.03316497802734375,0.1766815036535263,0.2611846923828125,"{""0"": 9}"
1083,800,10,9,9,0.14727787673473358,-0.2644958198070526,0.5248222351074219,0.14843754470348358,-0.2631225287914276,0.5264930725097656,"{""0"": 9}"
1084,847,10,9,9,0.16462711989879608,-0.2748717963695526,0.65576171875,0.16734318435192108,-0.2726440131664276,0.659271240234375,"{""0"": 9}"
1085,972,9,9,9,0.22558598220348358,-0.2125243842601776,0.5766830444335938,0.22605900466442108,-0.2121581733226776,0.5812149047851562,"{""0"": 9}"
1086,1039,10,9,9,0.274871826171875,0.2180176079273224,0.4060211181640625,0.275604248046875,0.2196808159351349,0.40900421142578125,"{""0"": 9}"
1087,101,9,8,8,-0.29254150390625,-0.08193210512399673,0.5707626342773438,-0.29095458984375,-0.07945255190134048,0.5717239379882812,"{""0"": 8}"
1088,665,9,8,8,0.028801029548048973,-0.382537841796875,0.4680843651294708,0.029796665534377098,-0.381134033203125,0.4699421226978302,"{""0"": 8}"
1089,697,9,8,8,0.05858612433075905,0.1713714599609375,0.2584381103515625,0.06013870611786842,0.172882080078125,0.26043701171875,"{""0"": 8}"
1090,756,9,8,8,0.11347966641187668,-0.2803344428539276,0.40615084767341614,0.11581426113843918,-0.2791747748851776,0.40717318654060364,"{""0"": 8}"
1091,3,8,7,7,-0.38421630859375,0.19737239181995392,0.6348419189453125,-0.381683349609375,0.19897456467151642,0.635772705078125,"{""0"": 7}"
1092,382,8,7,7,-0.16973872482776642,-0.2041320949792862,0.37938690185546875,-0.16786189377307892,-0.2032165676355362,0.3805999755859375,"{""0"": 7}"
1093,752,9,7,7,0.1093444898724556,0.1455535888671875,0.25189208984375,0.1105346754193306,0.146575927734375,0.25439453125,"{""0"": 7}"
1094,83,6,5,5,-0.30242919921875,0.06919094920158386,0.729278564453125,-0.301361083984375,0.07137295603752136,0.7299041748046875,"{""0"": 5}"
1095,1117,7,5,5,0.369476318359375,0.08399205654859543,0.413848876953125,0.37054443359375,0.08538823574781418,0.41490936279296875,"{""0"": 5}"
1096,234,6,4,4,-0.2273406684398651,-0.1790008842945099,0.6116867065429688,-0.2262267768383026,-0.1772766411304474,0.6121826171875,"{""0"": 4}"
1097,300,5,4,4,-0.20358271896839142,-0.1678772270679474,0.43669891357421875,-0.20347590744495392,-0.1668091118335724,0.43902587890625,"{""0"": 4}"
1098,655,6,4,4,0.018955256789922714,-0.2073974460363388,0.849456787109375,0.02205851301550865,-0.2050781100988388,0.850921630859375,"{""0"": 4}"
1099,792,6,4,4,0.14060980081558228,-0.2612304389476776,0.356689453125,0.14294439554214478,-0.2601928412914276,0.35894775390625,"{""0"": 4}"
1100,1012,6,4,4,0.2552490830421448,-0.1782684028148651,0.5229911804199219,0.2565003037452698,-0.1770019233226776,0.5244598388671875,"{""0"": 4}"
1101,1014,6,4,4,0.2560425400733948,-0.1773070991039276,0.5224456787109375,0.2572937607765198,-0.1753997504711151,0.5239791870117188,"{""0"": 4}"
1102,392,4,3,3,-0.1632537543773651,-0.210479736328125,0.7728271484375,-0.1624908149242401,-0.2100830078125,0.774017333984375,"{""0"": 3}"
1103,844,5,3,3,0.16412357985973358,-0.2733153998851776,0.6567840576171875,0.16545109450817108,-0.2719421088695526,0.6591339111328125,"{""0"": 3}"
1104,1038,5,3,3,0.274871826171875,0.2180176079273224,0.4060211181640625,0.27532958984375,0.2190399467945099,0.40845489501953125,"{""0"": 3}"
1105,1085,4,3,3,0.305938720703125,0.15287785232067108,0.330963134765625,0.307159423828125,0.15354923903942108,0.3312835693359375,"{""0"": 3}"
1106,401,4,2,2,-0.15830989181995392,-0.2507934868335724,0.4745655059814453,-0.15669246017932892,-0.2496490627527237,0.4748659133911133,"{""0"": 2}"
1107,808,4,2,2,0.15069584548473358,-0.2537536323070526,0.656402587890625,0.15119938552379608,-0.2530212104320526,0.6568450927734375,"{""0"": 2}"
1108,164,3,1,1,-0.255859375,0.1429595649242401,0.3344879150390625,-0.25457763671875,0.1449126899242401,0.338043212890625,"{""0"": 1}"
1109,233,3,1,1,-0.2281799167394638,-0.019964249804615974,0.46788978576660156,-0.2278289645910263,-0.019483597949147224,0.4683074951171875,"{""0"": 1}"
1110,265,3,1,1,-0.2210998237133026,-0.2086944729089737,0.70404052734375,-0.2171935737133026,-0.2063293606042862,0.7079925537109375,"{""0"": 1}"
1111,348,3,1,1,-0.1882477104663849,0.2815551459789276,0.614349365234375,-0.1874389946460724,0.2824096381664276,0.61761474609375,"{""0"": 1}"
1112,486,3,1,1,-0.09154506772756577,-0.06437686085700989,0.22369384765625,-0.09120937436819077,-0.06306460499763489,0.2259521484375,"{""0"": 1}"
1113,543,3,1,1,-0.05497736856341362,-0.309844970703125,0.6190032958984375,-0.05486292764544487,-0.309783935546875,0.619476318359375,"{""0"": 1}"
1114,591,3,1,1,-0.02694505639374256,-0.3609619140625,0.5870742797851562,-0.025613727048039436,-0.360076904296875,0.5903167724609375,"{""0"": 1}"
1115,707,3,1,1,0.07186885923147202,0.328887939453125,0.629913330078125,0.07338710874319077,0.33062744140625,0.634979248046875,"{""0"": 1}"
1116,881,3,1,1,0.18339543044567108,-0.2295379340648651,0.5118999481201172,0.18388371169567108,-0.2286681830883026,0.5126132965087891,"{""0"": 1}"
1117,1021,3,1,1,0.2642822265625,0.1992492973804474,0.5721282958984375,0.265472412109375,0.2003479301929474,0.5749588012695312,"{""0"": 1}"
1118,1044,3,1,1,0.2762451171875,-0.008110963739454746,0.48326826095581055,0.276885986328125,-0.007421934045851231,0.48811638355255127,"{""0"": 1}"
1119,1045,3,1,1,0.276885986328125,-0.007479631807655096,0.4843764305114746,0.277587890625,-0.006823980249464512,0.48763418197631836,"{""0"": 1}"
