rank,island_id,faces,summed_uv_area,min_u,min_v,max_u,max_v
0,635,47608,0.016484200954437256,0.764404296875,0.570068359375,0.905029296875,0.72900390625
1,982,30282,0.0052391886711120605,0.568115234375,0.773681640625,0.6435546875,0.87646484375
2,224,28922,0.004324406385421753,0.753173828125,0.312744140625,0.833984375,0.38818359375
3,737,23974,0.003418952226638794,0.9013671875,0.414306640625,0.9775390625,0.494140625
4,498,20474,0.0031473934650421143,0.918701171875,0.51513671875,0.98583984375,0.6220703125
5,85,18887,0.0034017562866210938,0.720703125,0.44775390625,0.8154296875,0.500244140625
6,452,18732,0.005582183599472046,0.567626953125,0.49267578125,0.64599609375,0.60791015625
7,183,18204,0.0029031336307525635,0.786376953125,0.263916015625,0.861572265625,0.309814453125
8,597,17192,0.006465047597885132,0.625732421875,0.456298828125,0.7373046875,0.56005859375
9,463,16462,0.006220996379852295,0.827392578125,0.7060546875,0.968017578125,0.7802734375
10,562,14983,0.006418436765670776,0.688232421875,0.51806640625,0.784912109375,0.650634765625
11,373,14587,0.006010323762893677,0.8916015625,0.572021484375,0.968017578125,0.720947265625
12,476,14097,0.004310637712478638,0.728515625,0.660400390625,0.81982421875,0.779296875
13,669,14017,0.002385437488555908,0.592529296875,0.31640625,0.672119140625,0.365234375
14,347,13806,0.006031900644302368,0.840576171875,0.782470703125,0.95703125,0.865478515625
15,403,13417,0.0036351382732391357,0.630859375,0.540283203125,0.703857421875,0.64697265625
16,282,13079,0.008809447288513184,0.697021484375,0.772216796875,0.837158203125,0.87890625
17,664,12592,0.0023392438888549805,0.322021484375,0.728759765625,0.38623046875,0.784912109375
18,464,11944,0.003865361213684082,0.837646484375,0.298095703125,0.915283203125,0.374267578125
19,759,11804,0.0032300949096679688,0.607666015625,0.402099609375,0.698486328125,0.45556640625
20,28,11704,0.0018664002418518066,0.70947265625,0.4013671875,0.795166015625,0.446044921875
21,268,11391,0.003914207220077515,0.765380859375,0.513916015625,0.89404296875,0.571533203125
22,686,11384,0.0036408603191375732,0.44775390625,0.775390625,0.517578125,0.876708984375
23,757,11369,0.003538191318511963,0.382568359375,0.7998046875,0.45263671875,0.877685546875
24,925,11093,0.0036161839962005615,0.43994140625,0.548828125,0.5009765625,0.639404296875
25,215,10776,0.00406801700592041,0.550537109375,0.6044921875,0.620361328125,0.710693359375
26,346,10606,0.0029908716678619385,0.903564453125,0.346435546875,0.984619140625,0.40234375
27,222,10310,0.0034399330615997314,0.68896484375,0.670654296875,0.736328125,0.792236328125
28,422,10269,0.0037977397441864014,0.424560546875,0.64404296875,0.4951171875,0.72509765625
29,335,9499,0.002482891082763672,0.6083984375,0.228271484375,0.677490234375,0.282470703125
30,395,9343,0.0039739906787872314,0.8173828125,0.4560546875,0.917236328125,0.510498046875
31,643,8265,0.0020497143268585205,0.37255859375,0.46533203125,0.422119140625,0.540771484375
32,1073,8263,0.0021129846572875977,0.448974609375,0.34716796875,0.498046875,0.42822265625
33,683,8148,0.0023026764392852783,0.4775390625,0.464111328125,0.553955078125,0.55517578125
34,501,8012,0.0019693970680236816,0.409423828125,0.5107421875,0.454345703125,0.594970703125
35,36,7662,0.0011439025402069092,0.2607421875,0.698974609375,0.292724609375,0.755859375
36,596,7509,0.0031458139419555664,0.3349609375,0.408935546875,0.40576171875,0.4873046875
37,118,7350,0.002612888813018799,0.507080078125,0.3076171875,0.58447265625,0.355712890625
38,283,7302,0.001323014497756958,0.177490234375,0.07666015625,0.22119140625,0.124755859375
39,529,7285,0.003464937210083008,0.488525390625,0.3544921875,0.57861328125,0.4248046875
40,551,7228,0.002436220645904541,0.800048828125,0.209716796875,0.865478515625,0.26123046875
41,214,7172,0.0012091100215911865,0.814208984375,0.1396484375,0.869384765625,0.18798828125
42,647,7111,0.001119077205657959,0.353515625,0.671630859375,0.3779296875,0.740478515625
43,137,6889,0.002892911434173584,0.517333984375,0.7763671875,0.566162109375,0.86669921875
44,754,6789,0.0014209747314453125,0.66552734375,0.323486328125,0.70068359375,0.40380859375
45,725,6738,0.0014070868492126465,0.6318359375,0.285400390625,0.712890625,0.321044921875
46,717,6637,0.0012059509754180908,0.253662109375,0.579833984375,0.28955078125,0.634765625
47,18,6553,0.0011934340000152588,0.960693359375,0.764404296875,0.973388671875,0.87646484375
48,488,6510,0.0014110803604125977,0.166015625,0.832275390625,0.21044921875,0.87890625
49,393,6450,0.0036462247371673584,0.641357421875,0.720458984375,0.689208984375,0.82373046875
50,709,6404,0.0014837086200714111,0.410400390625,0.300537109375,0.489990234375,0.380126953125
51,135,6358,0.002011895179748535,0.7548828125,0.148681640625,0.82080078125,0.210205078125
52,11,6350,0.0014888346195220947,0.37353515625,0.371826171875,0.4443359375,0.410400390625
53,170,6281,0.0027747750282287598,0.52001953125,0.41455078125,0.60302734375,0.48974609375
54,684,6231,0.0019231736660003662,0.384033203125,0.1875,0.440185546875,0.245849609375
55,1029,6224,0.0011740922927856445,0.27099609375,0.244384765625,0.31201171875,0.302001953125
56,588,6164,0.0022411048412323,0.443115234375,0.22021484375,0.490966796875,0.286376953125
57,672,6148,0.001036316156387329,0.3388671875,0.3291015625,0.3662109375,0.397216796875
58,712,6144,0.0005120635032653809,0.448974609375,0.730712890625,0.45849609375,0.8134765625
59,174,6042,0.00048357248306274414,0.7705078125,0.432373046875,0.861328125,0.44140625
60,182,5961,0.0023224353790283203,0.904541015625,0.28515625,0.985595703125,0.342529296875
61,405,5902,0.0017034709453582764,0.323974609375,0.212890625,0.38916015625,0.2529296875
62,1016,5891,0.0012685656547546387,0.362548828125,0.249267578125,0.43798828125,0.30615234375
63,777,5701,0.0010292232036590576,0.1376953125,0.449951171875,0.1806640625,0.48486328125
64,459,5679,0.003345280885696411,0.48876953125,0.685791015625,0.552001953125,0.775146484375
65,96,5633,0.0019052326679229736,0.49365234375,0.25341796875,0.5654296875,0.304931640625
66,696,5599,0.000963062047958374,0.797119140625,0.86572265625,0.9140625,0.8779296875
67,660,5579,0.0008246898651123047,0.431640625,0.072265625,0.474853515625,0.11083984375
68,873,5542,0.0009994208812713623,0.970703125,0.634033203125,0.985595703125,0.746337890625
69,724,5364,0.0015943348407745361,0.451904296875,0.18212890625,0.512451171875,0.220703125
70,527,5349,0.0007381141185760498,0.139404296875,0.665771484375,0.1728515625,0.707763671875
71,357,5343,0.0011226236820220947,0.30322265625,0.08154296875,0.350830078125,0.118896484375
72,913,5328,0.0016066431999206543,0.6982421875,0.18212890625,0.7626953125,0.23193359375
73,649,5325,0.0011878907680511475,0.7001953125,0.22802734375,0.766845703125,0.262451171875
74,221,5324,0.00047394633293151855,0.71044921875,0.263916015625,0.782958984375,0.272216796875
75,872,5312,0.001035451889038086,0.868896484375,0.228271484375,0.897216796875,0.295654296875
76,1018,5292,0.00045099854469299316,0.97314453125,0.4521484375,0.981201171875,0.544921875
77,500,5217,0.0020089447498321533,0.284912109375,0.188232421875,0.3388671875,0.250244140625
78,922,5181,0.0009218156337738037,0.5830078125,0.877197265625,0.62255859375,0.9091796875
79,985,5097,0.0014396607875823975,0.286376953125,0.53759765625,0.321044921875,0.595703125
80,421,5033,0.001136094331741333,0.34033203125,0.595458984375,0.3779296875,0.669189453125
81,563,4973,0.00045374035835266113,0.326904296875,0.461181640625,0.33740234375,0.524658203125
82,151,4926,0.0009383261203765869,0.609619140625,0.677001953125,0.623291015625,0.77978515625
83,614,4910,0.0016845166683197021,0.641357421875,0.656494140625,0.738037109375,0.698486328125
84,748,4881,0.0016194283962249756,0.359375,0.29443359375,0.3994140625,0.366943359375
85,2,4864,0.0006383359432220459,0.3857421875,0.588134765625,0.448486328125,0.630615234375
86,838,4864,0.0016328394412994385,0.347900390625,0.788818359375,0.384521484375,0.857177734375
87,404,4851,0.0015745162963867188,0.52490234375,0.52392578125,0.54833984375,0.613525390625
88,468,4842,0.0024833977222442627,0.410400390625,0.4091796875,0.458251953125,0.488037109375
89,856,4831,0.002253592014312744,0.2392578125,0.794921875,0.292724609375,0.861083984375
90,716,4804,0.0013231635093688965,0.32177734375,0.631103515625,0.355712890625,0.697509765625
91,967,4738,0.0009124577045440674,0.220947265625,0.115234375,0.268310546875,0.172607421875
92,198,4712,0.0015712082386016846,0.478515625,0.56884765625,0.541748046875,0.651123046875
93,988,4665,0.0013913214206695557,0.2373046875,0.189208984375,0.28271484375,0.249267578125
94,941,4637,0.0016449987888336182,0.580078125,0.352294921875,0.656005859375,0.416748046875
95,975,4577,0.0009728670120239258,0.55078125,0.446044921875,0.63134765625,0.502197265625
96,509,4570,0.0008573532104492188,0.10498046875,0.17822265625,0.135986328125,0.21728515625
97,590,4500,0.0016588568687438965,0.553466796875,0.279052734375,0.62744140625,0.317138671875
98,13,4468,0.001460731029510498,0.877197265625,0.072265625,0.925537109375,0.118896484375
99,640,4466,0.001080244779586792,0.802734375,0.032470703125,0.846435546875,0.069091796875
100,830,4452,0.0003796219825744629,0.8759765625,0.18017578125,0.935791015625,0.18896484375
101,78,4385,0.0006951987743377686,0.626708984375,0.880126953125,0.658203125,0.91845703125
102,426,4356,0.0018367767333984375,0.34228515625,0.148681640625,0.383056640625,0.205322265625
103,695,4350,0.0004937946796417236,0.517822265625,0.170166015625,0.57373046875,0.18701171875
104,738,4337,0.0012785792350769043,0.2890625,0.39892578125,0.33349609375,0.449462890625
105,445,4309,0.0010381042957305908,0.1669921875,0.1416015625,0.20751953125,0.2021484375
106,197,4286,0.0016797780990600586,0.201904296875,0.68603515625,0.255859375,0.75341796875
107,715,4124,0.0006184577941894531,0.1650390625,0.88232421875,0.204345703125,0.908935546875
108,331,4109,0.0012552142143249512,0.865234375,0.379638671875,0.94775390625,0.411865234375
109,506,4082,0.0009184181690216064,0.616943359375,0.05615234375,0.676025390625,0.09765625
110,936,4042,0.0006396770477294922,0.15478515625,0.406982421875,0.179931640625,0.45166015625
111,383,4036,0.0022410452365875244,0.52001953125,0.185302734375,0.581787109375,0.23583984375
112,658,3968,0.0005645751953125,0.127197265625,0.70849609375,0.1708984375,0.732177734375
113,196,3946,0.0013244152069091797,0.936279296875,0.162109375,0.9853515625,0.209228515625
114,1086,3877,0.0005390644073486328,0.49658203125,0.2373046875,0.5625,0.254150390625
115,770,3872,0.0011199712753295898,0.639892578125,0.130615234375,0.69482421875,0.161376953125
116,996,3835,0.00028580427169799805,0.97802734375,0.7509765625,0.985595703125,0.8046875
117,945,3788,0.0005948245525360107,0.388671875,0.719482421875,0.40087890625,0.79541015625
118,526,3778,0.00034800171852111816,0.18310546875,0.37060546875,0.1943359375,0.417724609375
119,370,3777,0.0006227493286132812,0.575927734375,0.034912109375,0.619384765625,0.062744140625
120,334,3743,0.0010273158550262451,0.231201171875,0.397216796875,0.26318359375,0.451416015625
121,585,3659,0.0004718005657196045,0.210693359375,0.058349609375,0.255126953125,0.074951171875
122,1023,3616,0.0003134310245513916,0.240478515625,0.73583984375,0.248779296875,0.791015625
123,465,3586,0.000978320837020874,0.59228515625,0.152099609375,0.64892578125,0.177490234375
124,935,3562,0.0013049840927124023,0.512939453125,0.0703125,0.564453125,0.11181640625
125,396,3559,0.0004970133304595947,0.5537109375,0.707275390625,0.5634765625,0.804443359375
126,353,3555,0.002380162477493286,0.916748046875,0.241455078125,0.98583984375,0.293701171875
127,195,3552,0.0008203089237213135,0.55078125,0.51513671875,0.563232421875,0.612060546875
128,609,3523,0.0006782412528991699,0.32470703125,0.53857421875,0.338623046875,0.601806640625
129,141,3504,0.0013995468616485596,0.259521484375,0.490478515625,0.300048828125,0.54736328125
130,414,3497,0.0008719563484191895,0.1669921875,0.664794921875,0.197265625,0.710693359375
131,50,3460,0.0007461011409759521,0.926025390625,0.072509765625,0.974365234375,0.101318359375
132,73,3454,0.0005695223808288574,0.10400390625,0.032958984375,0.135009765625,0.06982421875
133,179,3430,0.0012327134609222412,0.792724609375,0.38916015625,0.876708984375,0.41650390625
134,75,3419,0.0011263489723205566,0.75732421875,0.10791015625,0.819580078125,0.1513671875
135,857,3401,0.00040528178215026855,0.455078125,0.932373046875,0.48583984375,0.95263671875
136,1091,3394,0.0009313523769378662,0.371337890625,0.1201171875,0.425048828125,0.170654296875
137,512,3368,0.0012879371643066406,0.225341796875,0.07421875,0.276123046875,0.11083984375
138,154,3360,0.0008524656295776367,0.101806640625,0.42724609375,0.13330078125,0.470947265625
139,427,3352,0.0006212890148162842,0.1376953125,0.82763671875,0.161376953125,0.869384765625
140,1108,3351,0.0007438361644744873,0.333251953125,0.260498046875,0.35546875,0.327392578125
141,544,3341,0.0007913410663604736,0.17529296875,0.71533203125,0.21240234375,0.763916015625
142,832,3340,0.0005703568458557129,0.075439453125,0.34912109375,0.1015625,0.38232421875
143,168,3322,0.0006857216358184814,0.871826171875,0.193359375,0.931884765625,0.21044921875
144,290,3314,0.0009695291519165039,0.390869140625,0.30615234375,0.419921875,0.37939453125
145,933,3312,0.00048273801803588867,0.3876953125,0.63916015625,0.397705078125,0.71484375
146,558,3274,0.0004583299160003662,0.948486328125,0.942138671875,0.9814453125,0.96826171875
147,854,3272,0.0007825195789337158,0.1396484375,0.193603515625,0.172607421875,0.24072265625
148,1090,3260,0.0010482072830200195,0.14892578125,0.1103515625,0.197021484375,0.153076171875
149,204,3257,0.0009317398071289062,0.423095703125,0.7275390625,0.443603515625,0.8076171875
150,853,3235,0.0012226402759552002,0.433837890625,0.4580078125,0.48681640625,0.5400390625
151,68,3225,0.001155942678451538,0.25537109375,0.14892578125,0.3193359375,0.199951171875
152,129,3207,0.0008841753005981445,0.65966796875,0.100830078125,0.710693359375,0.133056640625
153,965,3196,0.00081595778465271,0.127197265625,0.312744140625,0.163818359375,0.35986328125
154,5,3167,0.0004591047763824463,0.083740234375,0.80908203125,0.102294921875,0.843017578125
155,706,3160,0.0007887780666351318,0.2861328125,0.826416015625,0.342529296875,0.875732421875
156,286,3154,0.001296013593673706,0.63623046875,0.8046875,0.717041015625,0.86962890625
157,837,3150,0.0002493560314178467,0.850830078125,0.03271484375,0.89404296875,0.04052734375
158,790,3139,0.0007661581039428711,0.8046875,0.186279296875,0.86474609375,0.20849609375
159,690,3129,0.0008282065391540527,0.733642578125,0.0947265625,0.7783203125,0.127197265625
160,956,3116,0.0008224546909332275,0.321533203125,0.79052734375,0.3447265625,0.8564453125
161,158,3094,0.0012035965919494629,0.3046875,0.04296875,0.349609375,0.0771484375
162,409,3091,0.0008421242237091064,0.1708984375,0.776611328125,0.1982421875,0.822509765625
163,978,3054,0.0008005201816558838,0.551513671875,0.894287109375,0.590087890625,0.927734375
164,21,3014,0.0005313754081726074,0.10205078125,0.34326171875,0.122802734375,0.381103515625
165,275,3007,0.0013952851295471191,0.256591796875,0.303466796875,0.293701171875,0.35986328125
166,846,3006,0.0010215938091278076,0.291015625,0.60009765625,0.3203125,0.658203125
167,677,3005,0.0007179081439971924,0.30322265625,0.471435546875,0.3232421875,0.529541015625
168,580,2998,0.000889211893081665,0.238037109375,0.267578125,0.2705078125,0.321533203125
169,908,2989,0.0006440579891204834,0.08349609375,0.10400390625,0.11181640625,0.14306640625
170,67,2964,0.0011491775512695312,0.420166015625,0.2890625,0.495361328125,0.325439453125
171,910,2944,0.0013417601585388184,0.265869140625,0.64208984375,0.3037109375,0.69970703125
172,90,2927,0.0008617937564849854,0.92578125,0.104248046875,0.9755859375,0.130615234375
173,514,2925,0.00103798508644104,0.169189453125,0.558837890625,0.203125,0.60498046875
174,674,2903,0.0006119012832641602,0.12646484375,0.614990234375,0.16650390625,0.66064453125
175,540,2901,0.0007991194725036621,0.922119140625,0.134521484375,0.976318359375,0.156494140625
176,1106,2893,0.0007369816303253174,0.340087890625,0.490478515625,0.36279296875,0.561279296875
177,339,2889,0.0017259418964385986,0.705078125,0.36865234375,0.787353515625,0.414794921875
178,900,2884,0.0002588331699371338,0.20654296875,0.54736328125,0.216552734375,0.59716796875
179,319,2878,0.0005744993686676025,0.703125,0.148681640625,0.760009765625,0.167724609375
180,1116,2862,0.0002487599849700928,0.697998046875,0.90673828125,0.7353515625,0.917236328125
181,940,2859,0.0007099509239196777,0.847900390625,0.05322265625,0.87451171875,0.09814453125
182,467,2833,0.00040274858474731445,0.075439453125,0.187744140625,0.1005859375,0.21826171875
183,218,2832,0.0004387795925140381,0.511962890625,0.11328125,0.564453125,0.125732421875
184,891,2826,0.000827103853225708,0.312744140625,0.34619140625,0.33544921875,0.40869140625
185,831,2795,0.0006853640079498291,0.69482421875,0.040771484375,0.74365234375,0.076171875
186,758,2745,0.0004506409168243408,0.868896484375,0.210693359375,0.933837890625,0.2236328125
187,530,2743,0.00038871169090270996,0.148681640625,0.144775390625,0.16162109375,0.18994140625
188,907,2741,0.000986933708190918,0.337890625,0.86181640625,0.37939453125,0.896240234375
189,739,2739,0.0005190372467041016,0.440673828125,0.13232421875,0.45556640625,0.18603515625
190,343,2723,0.0009115338325500488,0.632080078125,0.18017578125,0.693603515625,0.217529296875
191,349,2714,0.0005342662334442139,0.72021484375,0.0693359375,0.77001953125,0.097412109375
192,787,2713,0.0004056692123413086,0.12451171875,0.154052734375,0.14501953125,0.19384765625
193,550,2695,0.0010570883750915527,0.76123046875,0.199462890625,0.795166015625,0.25927734375
194,1043,2682,0.0005612671375274658,0.156005859375,0.91162109375,0.193115234375,0.93994140625
195,662,2658,0.0005542635917663574,0.10400390625,0.38671875,0.1298828125,0.423095703125
196,825,2637,0.0008654892444610596,0.226806640625,0.4794921875,0.261474609375,0.537841796875
197,731,2631,0.0006513297557830811,0.283935546875,0.05712890625,0.30810546875,0.1025390625
198,148,2630,0.000658184289932251,0.8740234375,0.137451171875,0.9287109375,0.157470703125
199,826,2585,0.00034672021865844727,0.6533203125,0.158935546875,0.7099609375,0.171630859375
200,242,2574,0.0009387731552124023,0.19140625,0.219970703125,0.239013671875,0.263427734375
201,177,2547,0.0006036460399627686,0.134765625,0.394775390625,0.158203125,0.436279296875
202,26,2523,0.0008029043674468994,0.343017578125,0.53515625,0.369140625,0.60302734375
203,313,2519,0.0009291172027587891,0.479248046875,0.0419921875,0.52880859375,0.083251953125
204,887,2518,0.0005779266357421875,0.093994140625,0.301513671875,0.12255859375,0.33837890625
205,699,2512,0.0006617605686187744,0.1669921875,0.515869140625,0.2021484375,0.55419921875
206,248,2498,0.0003325045108795166,0.20263671875,0.439697265625,0.21337890625,0.489013671875
207,209,2488,0.0008677244186401367,0.166015625,0.03271484375,0.210205078125,0.06787109375
208,34,2465,0.0006267428398132324,0.151123046875,0.240234375,0.186767578125,0.278564453125
209,973,2464,0.0006830990314483643,0.086669921875,0.14697265625,0.116943359375,0.1826171875
210,12,2460,0.00039201974868774414,0.10498046875,0.80615234375,0.121826171875,0.845947265625
211,108,2445,0.00044968724250793457,0.08349609375,0.4052734375,0.10986328125,0.43798828125
212,324,2441,0.000512242317199707,0.038818359375,0.429443359375,0.06591796875,0.456787109375
213,121,2385,0.0006593763828277588,0.088623046875,0.51806640625,0.119873046875,0.55517578125
214,600,2382,0.0002231597900390625,0.898681640625,0.03271484375,0.940673828125,0.04248046875
215,889,2363,0.0004419088363647461,0.10498046875,0.60791015625,0.133056640625,0.640380859375
216,882,2362,0.0003732740879058838,0.15087890625,0.4775390625,0.181884765625,0.514404296875
217,99,2360,0.0005223751068115234,0.4326171875,0.10400390625,0.482177734375,0.1279296875
218,807,2359,0.0007148385047912598,0.11083984375,0.6572265625,0.138427734375,0.69580078125
219,816,2352,0.0005442798137664795,0.39111328125,0.102783203125,0.43994140625,0.1240234375
220,62,2350,0.00033098459243774414,0.872314453125,0.161865234375,0.931396484375,0.1728515625
221,223,2349,0.0009531378746032715,0.80810546875,0.41455078125,0.899169921875,0.43603515625
222,899,2326,0.0009507238864898682,0.285888671875,0.337890625,0.322509765625,0.392578125
223,744,2316,0.0003050565719604492,0.06201171875,0.327880859375,0.092529296875,0.343505859375
224,630,2290,0.0005733072757720947,0.073486328125,0.699951171875,0.1025390625,0.737548828125
225,229,2284,0.0013892650604248047,0.704345703125,0.29931640625,0.731201171875,0.377197265625
226,1101,2282,0.0004965066909790039,0.213134765625,0.27587890625,0.234619140625,0.32421875
227,361,2281,0.000658869743347168,0.236083984375,0.641357421875,0.263427734375,0.6943359375
228,1034,2274,0.00030863285064697266,0.68212890625,0.220703125,0.69140625,0.28173828125
229,1001,2272,0.00032660365104675293,0.060546875,0.249267578125,0.0869140625,0.27978515625
230,155,2270,0.0010067224502563477,0.10400390625,0.76025390625,0.14306640625,0.80322265625
231,545,2263,0.0014235079288482666,0.56982421875,0.2119140625,0.60400390625,0.274169921875
232,165,2256,0.0006081759929656982,0.12646484375,0.271728515625,0.16748046875,0.298828125
233,681,2256,0.00011590123176574707,0.14892578125,0.519287109375,0.1533203125,0.563232421875
234,1055,2255,0.0006594657897949219,0.5595703125,0.05615234375,0.609375,0.083251953125
235,820,2239,0.00031250715255737305,0.206787109375,0.49365234375,0.21630859375,0.54296875
236,992,2238,0.0007051825523376465,0.388916015625,0.060546875,0.427001953125,0.102294921875
237,1024,2238,0.0006418228149414062,0.3837890625,0.88232421875,0.427978515625,0.9140625
238,1099,2217,0.00024560093879699707,0.037841796875,0.4853515625,0.055908203125,0.510498046875
239,160,2213,0.0011028051376342773,0.29736328125,0.66357421875,0.353759765625,0.731201171875
240,71,2210,0.0006227493286132812,0.927978515625,0.04833984375,0.972412109375,0.067626953125
241,97,2210,0.0004792511463165283,0.232177734375,0.85986328125,0.28466796875,0.877685546875
242,845,2206,0.0002868771553039551,0.1865234375,0.319580078125,0.19580078125,0.366943359375
243,496,2137,0.0005218386650085449,0.1640625,0.355224609375,0.1826171875,0.399658203125
244,484,2134,9.965896606445312e-05,0.655517578125,0.90966796875,0.693603515625,0.913330078125
245,979,2132,0.0007453262805938721,0.20263671875,0.361572265625,0.237060546875,0.414794921875
246,610,2127,0.0007051229476928711,0.925048828125,0.214111328125,0.985595703125,0.236572265625
247,217,2123,0.0006053149700164795,0.541748046875,0.865234375,0.587646484375,0.8896484375
248,937,2118,0.0007988810539245605,0.601318359375,0.19970703125,0.662353515625,0.224365234375
249,207,2105,0.000664055347442627,0.40625,0.90771484375,0.441162109375,0.935546875
250,23,2104,0.00037214159965515137,0.201904296875,0.90478515625,0.236572265625,0.92431640625
251,320,2080,0.0005699098110198975,0.504638671875,0.874267578125,0.544189453125,0.904052734375
252,822,2076,0.00031894445419311523,0.2412109375,0.543701171875,0.286865234375,0.573486328125
253,931,2066,0.000606924295425415,0.137451171875,0.73779296875,0.164794921875,0.77783203125
254,43,2061,0.00045672059059143066,0.538330078125,0.943603515625,0.570556640625,0.970947265625
255,142,2048,0.0005072951316833496,0.05712890625,0.81005859375,0.079345703125,0.83984375
256,517,2040,0.0005141794681549072,0.20166015625,0.80908203125,0.2216796875,0.859375
257,294,2039,0.00031694769859313965,0.56884765625,0.098876953125,0.615234375,0.108642578125
258,785,2021,0.0006891191005706787,0.209716796875,0.875244140625,0.250244140625,0.903076171875
259,805,2020,0.0007911622524261475,0.14453125,0.782470703125,0.167724609375,0.825927734375
260,842,2018,0.00023922324180603027,0.73974609375,0.905517578125,0.777099609375,0.91552734375
261,1004,2016,0.00040844082832336426,0.10400390625,0.848388671875,0.121826171875,0.88818359375
262,269,2001,0.0007253885269165039,0.761962890625,0.046875,0.799560546875,0.094482421875
263,1062,1990,0.00029841065406799316,0.028564453125,0.58544921875,0.047607421875,0.613037109375
264,122,1981,0.0008061826229095459,0.919921875,0.91650390625,0.9580078125,0.947998046875
265,167,1974,0.000672757625579834,0.51416015625,0.14794921875,0.5693359375,0.166259765625
266,377,1973,0.00046318769454956055,0.6259765625,0.847412109375,0.675048828125,0.883056640625
267,187,1971,0.0006517469882965088,0.126220703125,0.85498046875,0.16064453125,0.895751953125
268,592,1953,0.00013330578804016113,0.091796875,0.2607421875,0.097412109375,0.296875
269,91,1947,0.0005117058753967285,0.459228515625,0.896484375,0.48486328125,0.931640625
270,80,1941,0.0002544522285461426,0.03271484375,0.61865234375,0.047607421875,0.643798828125
271,478,1939,0.00039193034172058105,0.184326171875,0.61279296875,0.197265625,0.658935546875
272,241,1934,0.0005553364753723145,0.6279296875,0.034912109375,0.67529296875,0.0595703125
273,1092,1932,0.0002442002296447754,0.05908203125,0.8447265625,0.08935546875,0.857177734375
274,720,1929,0.0002910196781158447,0.816162109375,0.88720703125,0.856201171875,0.899169921875
275,980,1899,0.00020202994346618652,0.185546875,0.47412109375,0.19189453125,0.520751953125
276,330,1881,0.0008140802383422852,0.229248046875,0.553955078125,0.26611328125,0.612060546875
277,708,1881,0.0005810856819152832,0.7978515625,0.073486328125,0.84423828125,0.1083984375
278,612,1879,0.0005159080028533936,0.121337890625,0.22412109375,0.148193359375,0.26513671875
279,852,1873,0.0006312131881713867,0.059326171875,0.53857421875,0.09033203125,0.57421875
280,163,1872,0.0007941126823425293,0.822265625,0.901611328125,0.8583984375,0.931396484375
281,603,1869,0.0006455779075622559,0.720703125,0.868896484375,0.768798828125,0.899169921875
282,407,1844,0.0002519190311431885,0.771240234375,0.888427734375,0.8115234375,0.89892578125
283,763,1843,0.0004831254482269287,0.201904296875,0.5986328125,0.21630859375,0.648681640625
284,1020,1841,0.0002754330635070801,0.702392578125,0.9697265625,0.72802734375,0.988525390625
285,981,1840,0.00047534704208374023,0.879150390625,0.045166015625,0.923583984375,0.06787109375
286,991,1821,0.00023299455642700195,0.97705078125,0.07568359375,0.99560546875,0.09228515625
287,794,1818,0.000330120325088501,0.8701171875,0.923828125,0.888916015625,0.9541015625
288,803,1818,0.00022712349891662598,0.7197265625,0.9189453125,0.734130859375,0.949951171875
289,69,1807,0.0005819499492645264,0.25048828125,0.881103515625,0.28955078125,0.914306640625
290,314,1807,0.0004550814628601074,0.623779296875,0.097900390625,0.67236328125,0.1259765625
291,444,1775,0.0003548264503479004,0.234375,0.93701171875,0.26318359375,0.962158203125
292,1109,1756,0.00012487173080444336,0.313720703125,0.9775390625,0.33740234375,0.98681640625
293,929,1734,0.0004558861255645752,0.220947265625,0.032958984375,0.264404296875,0.051513671875
294,87,1731,0.00021791458129882812,0.212890625,0.115478515625,0.219482421875,0.163330078125
295,689,1730,0.00034689903259277344,0.07666015625,0.8515625,0.1025390625,0.885009765625
296,745,1729,0.00034099817276000977,0.345947265625,0.93115234375,0.37939453125,0.9619140625
297,971,1728,0.0004461705684661865,0.165771484375,0.301513671875,0.18212890625,0.347412109375
298,443,1720,0.00045609474182128906,0.126220703125,0.574951171875,0.16162109375,0.607177734375
299,367,1714,0.00103074312210083,0.20166015625,0.32861328125,0.252197265625,0.3681640625
300,1010,1709,0.0003649294376373291,0.10498046875,0.263427734375,0.123046875,0.30322265625
301,315,1707,0.0007174015045166016,0.24658203125,0.4375,0.282470703125,0.48828125
302,262,1706,0.0005914568901062012,0.090576171875,0.218017578125,0.118896484375,0.25390625
303,425,1701,0.0002942681312561035,0.051025390625,0.6005859375,0.070068359375,0.628173828125
304,64,1699,0.0004862844944000244,0.8720703125,0.8994140625,0.908203125,0.926513671875
305,210,1698,0.0007561147212982178,0.388671875,0.03271484375,0.42626953125,0.06689453125
306,327,1697,0.0002956092357635498,0.0205078125,0.704345703125,0.041748046875,0.72705078125
307,769,1683,0.00025463104248046875,0.9453125,0.032958984375,0.985595703125,0.043212890625
308,472,1666,0.0002633333206176758,0.270751953125,0.9443359375,0.300048828125,0.962158203125
309,774,1665,0.00011605024337768555,0.781494140625,0.903564453125,0.81884765625,0.908203125
310,438,1652,0.0004653036594390869,0.20361328125,0.17822265625,0.252197265625,0.197998046875
311,923,1647,0.0002855360507965088,0.412353515625,0.93701171875,0.443115234375,0.9541015625
312,688,1639,0.00042197108268737793,0.66259765625,0.866943359375,0.70263671875,0.899169921875
313,86,1632,0.0004833042621612549,0.770263671875,0.912841796875,0.803466796875,0.939697265625
314,876,1623,0.0008383095264434814,0.275146484375,0.426513671875,0.322021484375,0.48583984375
315,293,1621,0.00026667118072509766,0.0400390625,0.156982421875,0.065673828125,0.173583984375
316,778,1621,0.00028708577156066895,0.12744140625,0.900390625,0.16650390625,0.914306640625
317,417,1616,0.0002498328685760498,0.086669921875,0.065185546875,0.097412109375,0.1005859375
318,893,1611,0.0004011988639831543,0.286376953125,0.90576171875,0.308837890625,0.939697265625
319,120,1599,0.0002338886260986328,0.861083984375,0.888427734375,0.90087890625,0.89697265625
320,451,1589,0.0007399320602416992,0.363525390625,0.0703125,0.38623046875,0.116943359375
321,911,1586,0.0005346834659576416,0.9453125,0.879150390625,0.975341796875,0.91650390625
322,442,1584,0.00031876564025878906,0.08154296875,0.570068359375,0.106689453125,0.599853515625
323,461,1581,0.0003476440906524658,0.021728515625,0.760986328125,0.043212890625,0.78515625
324,656,1572,0.0002624690532684326,0.37158203125,0.93896484375,0.40380859375,0.954345703125
325,243,1568,0.00033605098724365234,0.170166015625,0.195556640625,0.222412109375,0.232666015625
326,814,1568,0.0005304813385009766,0.860107421875,0.116943359375,0.91015625,0.13525390625
327,691,1561,0.0003751218318939209,0.0634765625,0.16796875,0.08203125,0.1982421875
328,260,1546,0.0006183087825775146,0.3115234375,0.130615234375,0.33740234375,0.1845703125
329,201,1543,0.000287860631942749,0.10595703125,0.074462890625,0.126953125,0.11181640625
330,641,1534,0.00027316808700561523,0.468017578125,0.95166015625,0.495361328125,0.969970703125
331,35,1527,0.0002270340919494629,0.13134765625,0.0166015625,0.151611328125,0.0361328125
332,977,1522,0.0004839003086090088,0.104248046875,0.554443359375,0.1328125,0.59619140625
333,828,1513,0.00025984644889831543,0.183349609375,0.422607421875,0.19189453125,0.469482421875
334,1003,1513,0.00016802549362182617,0.54150390625,0.91357421875,0.550048828125,0.946044921875
335,989,1512,0.00024431943893432617,0.05615234375,0.455810546875,0.080078125,0.484130859375
336,128,1510,0.00040262937545776367,0.06103515625,0.881103515625,0.08740234375,0.911376953125
337,88,1509,0.0006864070892333984,0.28515625,0.872802734375,0.328369140625,0.900146484375
338,1063,1493,0.00016358494758605957,0.97802734375,0.808837890625,0.984375,0.849365234375
339,352,1491,0.0007954537868499756,0.089599609375,0.891357421875,0.1259765625,0.927490234375
340,381,1490,0.0004372596740722656,0.70703125,0.114013671875,0.755859375,0.1455078125
341,869,1488,0.0002733170986175537,0.312744140625,0.021484375,0.334228515625,0.03857421875
342,615,1483,0.000287860631942749,0.56982421875,0.015380859375,0.593994140625,0.035400390625
343,903,1480,0.0005661845207214355,0.25244140625,0.105224609375,0.302001953125,0.126708984375
344,555,1473,0.0005944371223449707,0.403076171875,0.148681640625,0.4443359375,0.203369140625
345,679,1466,0.0004132986068725586,0.0908203125,0.664794921875,0.106689453125,0.699462890625
346,44,1461,0.00048539042472839355,0.19677734375,0.93408203125,0.23046875,0.9599609375
347,700,1459,0.00030109286308288574,0.098876953125,0.7255859375,0.14013671875,0.7607421875
348,310,1457,0.0004870593547821045,0.069580078125,0.036865234375,0.099365234375,0.074951171875
349,499,1452,0.0005318522453308105,0.1220703125,0.4814453125,0.16064453125,0.517578125
350,556,1451,0.00017765164375305176,0.25537109375,0.982177734375,0.27880859375,0.993408203125
351,502,1450,0.00017026066780090332,0.0732421875,0.73388671875,0.081298828125,0.7685546875
352,1100,1448,0.00022941827774047852,0.9736328125,0.85986328125,0.98583984375,0.899169921875
353,386,1443,0.0003935098648071289,0.683837890625,0.075439453125,0.72802734375,0.110595703125
354,1074,1426,0.000329822301864624,0.268798828125,0.03662109375,0.312255859375,0.0517578125
355,1094,1426,0.0001767873764038086,0.013427734375,0.349365234375,0.026123046875,0.370849609375
356,74,1421,0.0003787577152252197,0.457275390625,0.856689453125,0.480712890625,0.89404296875
357,318,1419,0.0004545450210571289,0.59326171875,0.913818359375,0.62548828125,0.937744140625
358,342,1418,0.00025722384452819824,0.25634765625,0.13037109375,0.310302734375,0.136962890625
359,589,1416,0.0005242526531219482,0.5078125,0.930908203125,0.5390625,0.9541015625
360,912,1414,0.00032019615173339844,0.560791015625,0.93212890625,0.5927734375,0.94677734375
361,37,1405,0.00016051530838012695,0.90576171875,0.887451171875,0.94580078125,0.892822265625
362,162,1405,0.00011345744132995605,0.20166015625,0.650390625,0.205078125,0.700439453125
363,203,1405,0.0006802678108215332,0.150146484375,0.05615234375,0.18359375,0.1044921875
364,376,1402,0.000331193208694458,0.038818359375,0.346923828125,0.06396484375,0.373291015625
365,619,1390,7.840991020202637e-05,0.155029296875,0.94873046875,0.16015625,0.97509765625
366,1051,1389,0.00042942166328430176,0.182373046875,0.267822265625,0.197265625,0.315185546875
367,1105,1388,0.00014910101890563965,0.741943359375,0.018310546875,0.7626953125,0.0283203125
368,939,1360,0.00037926435470581055,0.4580078125,0.1611328125,0.513427734375,0.177734375
369,105,1352,0.0004988610744476318,0.430419921875,0.052001953125,0.474853515625,0.070068359375
370,515,1344,0.0002391338348388672,0.852783203125,0.958740234375,0.8798828125,0.978271484375
371,213,1339,0.0009336471557617188,0.240234375,0.364501953125,0.282470703125,0.4189453125
372,687,1335,0.00025519728660583496,0.37158203125,0.95849609375,0.3974609375,0.9765625
373,245,1334,0.0003339052200317383,0.31689453125,0.951416015625,0.345458984375,0.973388671875
374,140,1333,0.00045567750930786133,0.36865234375,0.91064453125,0.403564453125,0.935791015625
375,924,1328,0.0003230869770050049,0.12109375,0.9482421875,0.1513671875,0.971435546875
376,38,1321,0.0003688335418701172,0.09619140625,0.956298828125,0.127685546875,0.978515625
377,481,1318,0.0003178715705871582,0.412109375,0.969970703125,0.436279296875,0.991455078125
378,387,1306,0.0003273487091064453,0.311279296875,0.890380859375,0.337646484375,0.9296875
379,277,1303,0.00027245283126831055,0.748046875,0.033935546875,0.767822265625,0.064697265625
380,230,1298,0.0007208883762359619,0.122314453125,0.0859375,0.149169921875,0.126708984375
381,70,1282,0.0006080865859985352,0.15380859375,0.609619140625,0.179931640625,0.649658203125
382,602,1282,0.00017821788787841797,0.533203125,0.03759765625,0.561279296875,0.056884765625
383,798,1282,0.00026923418045043945,0.663330078125,0.95654296875,0.688720703125,0.9775390625
384,436,1272,0.00016233325004577637,0.626953125,0.95751953125,0.65185546875,0.975341796875
385,860,1267,9.277462959289551e-05,0.6806640625,0.05029296875,0.6845703125,0.089111328125
386,84,1242,0.00042426586151123047,0.043701171875,0.1962890625,0.068115234375,0.223876953125
387,542,1240,0.0002675056457519531,0.08056640625,0.486328125,0.1005859375,0.519775390625
388,599,1238,0.00038996338844299316,0.071533203125,0.431396484375,0.095458984375,0.462646484375
389,24,1237,0.0004285275936126709,0.101806640625,0.482177734375,0.1240234375,0.519775390625
390,901,1232,0.000263214111328125,0.0390625,0.539306640625,0.05859375,0.5625
391,149,1229,0.00011345744132995605,0.978759765625,0.970947265625,0.98486328125,0.99462890625
392,564,1229,0.0008891522884368896,0.8232421875,0.101318359375,0.87255859375,0.139892578125
393,132,1224,0.0002307593822479248,0.616943359375,0.946533203125,0.645751953125,0.9609375
394,1015,1211,0.00012010335922241211,0.0625,0.35009765625,0.07470703125,0.378173828125
395,100,1192,0.00012484192848205566,0.05908203125,0.663818359375,0.06591796875,0.6943359375
396,280,1190,0.00018346309661865234,0.076416015625,0.92578125,0.110595703125,0.938720703125
397,477,1177,0.0002709627151489258,0.7314453125,0.91796875,0.762939453125,0.944580078125
398,723,1176,0.00013172626495361328,0.023681640625,0.239990234375,0.046630859375,0.249267578125
399,1033,1167,0.0001882314682006836,0.0439453125,0.29833984375,0.06982421875,0.31005859375
400,171,1165,9.751319885253906e-05,0.165283203125,0.96240234375,0.173583984375,0.98681640625
401,702,1164,0.00016632676124572754,0.054931640625,0.48046875,0.079345703125,0.498046875
402,858,1159,0.00011864304542541504,0.033935546875,0.657470703125,0.054443359375,0.673095703125
403,8,1157,0.00011882185935974121,0.05908203125,0.056884765625,0.06494140625,0.08642578125
404,302,1154,0.000265657901763916,0.03564453125,0.31640625,0.054931640625,0.341796875
405,119,1152,0.00023356080055236816,0.051025390625,0.03369140625,0.0771484375,0.05078125
406,849,1151,0.00013464689254760742,0.207763671875,0.9638671875,0.218505859375,0.98828125
407,125,1147,0.00032898783683776855,0.53515625,0.038818359375,0.57177734375,0.06884765625
408,107,1143,0.000346451997756958,0.045166015625,0.701171875,0.07177734375,0.72216796875
409,131,1133,0.0003197789192199707,0.045166015625,0.862060546875,0.07275390625,0.878662109375
410,9,1132,0.00011640787124633789,0.099609375,0.943359375,0.13330078125,0.947998046875
411,866,1132,0.00032642483711242676,0.092041015625,0.604736328125,0.116455078125,0.63330078125
412,206,1130,0.0002815425395965576,0.164794921875,0.9443359375,0.1943359375,0.9580078125
413,693,1129,0.0001836717128753662,0.5322265625,0.970947265625,0.554443359375,0.9892578125
414,1114,1112,8.630752563476562e-05,0.0390625,0.03271484375,0.04345703125,0.058837890625
415,620,1110,0.00035583972930908203,0.3359375,0.899658203125,0.3720703125,0.92333984375
416,537,1095,0.00013682246208190918,0.304443359375,0.948486328125,0.312255859375,0.97509765625
417,138,1092,0.0004957318305969238,0.5830078125,0.9482421875,0.609130859375,0.9755859375
418,632,1090,0.00018027424812316895,0.046142578125,0.23828125,0.07373046875,0.254150390625
419,926,1088,0.00029137730598449707,0.4794921875,0.971435546875,0.50732421875,0.991943359375
420,369,1086,0.00026342272758483887,0.825439453125,0.959716796875,0.85009765625,0.9833984375
421,49,1079,9.149312973022461e-05,0.04296875,0.880126953125,0.047607421875,0.9072265625
422,89,1077,0.0002696514129638672,0.05908203125,0.774658203125,0.08935546875,0.7919921875
423,363,1077,0.00011041760444641113,0.948486328125,0.972900390625,0.97412109375,0.979248046875
424,306,1075,0.00022271275520324707,0.7734375,0.964599609375,0.803466796875,0.986572265625
425,984,1074,0.00031244754791259766,0.56884765625,0.113037109375,0.620361328125,0.126220703125
426,775,1073,6.648898124694824e-05,0.722412109375,0.03564453125,0.744384765625,0.03955078125
427,920,1073,0.0003153383731842041,0.1435546875,0.287109375,0.177734375,0.322265625
428,998,1071,6.258487701416016e-05,0.989990234375,0.25244140625,0.993896484375,0.2724609375
429,312,1067,0.00023069977760314941,0.103271484375,0.699951171875,0.138916015625,0.7314453125
430,278,1060,0.00040975213050842285,0.37646484375,0.59130859375,0.436279296875,0.638671875
431,116,1055,4.684925079345703e-05,0.990234375,0.277099609375,0.99365234375,0.296630859375
432,176,1055,0.000521540641784668,0.341064453125,0.03271484375,0.38232421875,0.06591796875
433,41,1054,7.680058479309082e-05,0.679931640625,0.022705078125,0.689453125,0.042236328125
434,914,1052,0.0003693103790283203,0.5107421875,0.025634765625,0.5400390625,0.04541015625
435,246,1050,0.00023895502090454102,0.564697265625,0.08447265625,0.611328125,0.095458984375
436,270,1045,0.00016802549362182617,0.62158203125,0.006103515625,0.641845703125,0.023193359375
437,627,1045,5.5849552154541016e-05,0.690185546875,0.017578125,0.710693359375,0.02099609375
438,642,1037,0.00013187527656555176,0.021484375,0.966796875,0.033447265625,0.990478515625
439,930,1034,5.942583084106445e-05,0.007080078125,0.80810546875,0.0244140625,0.8134765625
440,958,1030,0.00030303001403808594,0.417236328125,0.881103515625,0.45654296875,0.894287109375
441,139,1029,0.00025707483291625977,0.484619140625,0.874267578125,0.4970703125,0.9111328125
442,505,1029,0.0001550614833831787,0.49267578125,0.915771484375,0.50830078125,0.947998046875
443,966,1028,0.00013706088066101074,0.025390625,0.07666015625,0.034423828125,0.100341796875
444,388,1025,0.0001773238182067871,0.896728515625,0.979736328125,0.921142578125,0.993896484375
445,1076,1016,8.842349052429199e-05,0.02880859375,0.10498046875,0.0341796875,0.12890625
446,1111,1016,9.059906005859375e-05,0.028564453125,0.85205078125,0.034423828125,0.87646484375
447,143,1014,0.00015851855278015137,0.185546875,0.00439453125,0.2021484375,0.021240234375
448,61,1009,0.00037530064582824707,0.05517578125,0.128173828125,0.081298828125,0.157470703125
449,834,1006,0.00022935867309570312,0.060302734375,0.5810546875,0.087158203125,0.60009765625
450,296,1004,0.0003204047679901123,0.107177734375,0.13232421875,0.14599609375,0.152587890625
451,431,1004,0.00020739436149597168,0.73583984375,0.963623046875,0.76171875,0.978271484375
452,611,1003,0.00019493699073791504,0.88232421875,0.9208984375,0.906005859375,0.947998046875
453,292,989,0.0001633167266845703,0.016357421875,0.53759765625,0.03857421875,0.5498046875
454,850,980,0.0001277327537536621,0.673828125,0.981201171875,0.697509765625,0.991455078125
455,169,970,0.00017440319061279297,0.033935546875,0.17822265625,0.05859375,0.19189453125
456,156,969,0.00027444958686828613,0.0869140625,0.643310546875,0.121826171875,0.659912109375
457,111,967,0.0002893507480621338,0.9677734375,0.906494140625,0.985595703125,0.93994140625
458,322,966,0.00010243058204650879,0.03857421875,0.91162109375,0.045654296875,0.938720703125
459,1068,966,0.0003191530704498291,0.263916015625,0.91796875,0.282470703125,0.94677734375
460,328,963,9.736418724060059e-05,0.048828125,0.6328125,0.0546875,0.658203125
461,485,960,0.00022608041763305664,0.044921875,0.27880859375,0.072998046875,0.288818359375
462,1071,960,0.0001125633716583252,0.23095703125,0.00439453125,0.249267578125,0.017822265625
463,291,953,0.00018492341041564941,0.693115234375,0.951416015625,0.7099609375,0.976318359375
464,1025,952,0.00012138485908508301,0.56005859375,0.975830078125,0.579345703125,0.993896484375
465,93,951,0.000254213809967041,0.75537109375,0.92919921875,0.76953125,0.958984375
466,938,950,0.00011944770812988281,0.073486328125,0.38671875,0.1064453125,0.392578125
467,456,948,9.086728096008301e-05,0.016845703125,0.5810546875,0.02490234375,0.59912109375
468,458,945,0.0001602470874786377,0.52392578125,0.00830078125,0.541259765625,0.025390625
469,601,943,0.00016224384307861328,0.020751953125,0.210693359375,0.041259765625,0.225830078125
470,130,940,0.00024884939193725586,0.034912109375,0.5107421875,0.051513671875,0.534912109375
471,225,937,0.00011882185935974121,0.0390625,0.22802734375,0.064697265625,0.23583984375
472,955,935,0.00035578012466430664,0.501953125,0.908935546875,0.536865234375,0.92626953125
473,1030,935,0.00038814544677734375,0.220947265625,0.90966796875,0.25927734375,0.937744140625
474,894,934,6.455183029174805e-05,0.059326171875,0.5048828125,0.063720703125,0.53564453125
475,226,930,0.00040921568870544434,0.209716796875,0.252685546875,0.25830078125,0.268310546875
476,351,930,6.455183029174805e-05,0.476318359375,0.031005859375,0.4970703125,0.040283203125
477,419,930,0.00023892521858215332,0.022705078125,0.277099609375,0.04638671875,0.303955078125
478,490,929,0.00015980005264282227,0.309326171875,0.92626953125,0.322509765625,0.955810546875
479,579,929,0.00021055340766906738,0.17724609375,0.96142578125,0.207275390625,0.978515625
480,802,927,0.00014346837997436523,0.01318359375,0.90869140625,0.030517578125,0.928466796875
481,60,925,0.00022926926612854004,0.645263671875,0.933837890625,0.670166015625,0.956298828125
482,428,925,0.00016823410987854004,0.44775390625,0.034912109375,0.471923828125,0.051513671875
483,598,925,0.00023543834686279297,0.720703125,0.94921875,0.746337890625,0.96923828125
484,508,924,0.00018018484115600586,0.44482421875,0.893310546875,0.462646484375,0.927734375
485,511,920,0.0001386404037475586,0.65234375,0.963623046875,0.666259765625,0.986572265625
486,604,915,0.0002625882625579834,0.0234375,0.88134765625,0.03857421875,0.904052734375
487,751,915,0.00018513202667236328,0.80615234375,0.9130859375,0.814453125,0.945556640625
488,420,912,0.00023815035820007324,0.9755859375,0.099609375,0.993896484375,0.119873046875
489,513,907,9.688735008239746e-05,0.017578125,0.02978515625,0.029296875,0.052490234375
490,1061,907,0.00031110644340515137,0.0634765625,0.08447265625,0.08203125,0.117919921875
491,95,902,0.00010547041893005371,0.039794921875,0.094970703125,0.046630859375,0.121826171875
492,871,901,0.00032719969749450684,0.909912109375,0.8974609375,0.9345703125,0.927490234375
493,389,900,0.0002468228340148926,0.25341796875,0.961669921875,0.279541015625,0.977294921875
494,969,888,0.001192718744277954,0.4599609375,0.113037109375,0.5107421875,0.166748046875
495,228,883,0.000299304723739624,0.607666015625,0.9228515625,0.6396484375,0.94580078125
496,152,881,5.182623863220215e-05,0.00927734375,0.952392578125,0.01318359375,0.970458984375
497,1057,880,0.00030487775802612305,0.037841796875,0.677978515625,0.057861328125,0.703369140625
498,433,878,0.00016254186630249023,0.063232421875,0.9140625,0.072021484375,0.943603515625
499,115,876,7.867813110351562e-05,0.846435546875,0.984130859375,0.870849609375,0.988525390625
500,303,866,0.00018030405044555664,0.021728515625,0.7919921875,0.04150390625,0.807373046875
501,548,865,0.0006115436553955078,0.29345703125,0.73486328125,0.31689453125,0.796142578125
502,728,865,0.00023978948593139648,0.290283203125,0.787841796875,0.31396484375,0.84912109375
503,1019,865,0.0003059506416320801,0.150634765625,0.57470703125,0.179931640625,0.61328125
504,366,862,0.00012561678886413574,0.0205078125,0.4833984375,0.03857421875,0.50439453125
505,578,856,0.000102996826171875,0.00439453125,0.649658203125,0.01904296875,0.662841796875
506,666,849,6.633996963500977e-05,0.501708984375,0.017822265625,0.507568359375,0.037109375
507,659,845,0.0001741945743560791,0.223388671875,0.97802734375,0.24462890625,0.994384765625
508,963,845,0.00021034479141235352,0.104248046875,0.015380859375,0.126708984375,0.032470703125
509,45,844,0.0003853738307952881,0.688720703125,0.91796875,0.715087890625,0.94775390625
510,990,843,0.00013783574104309082,0.04296875,0.3837890625,0.06884765625,0.3935546875
511,384,835,8.07642936706543e-05,0.806884765625,0.976806640625,0.821044921875,0.99462890625
512,188,833,0.00014665722846984863,0.022705078125,0.73388671875,0.04541015625,0.743408203125
513,1088,833,0.0001245439052581787,0.038818359375,0.0634765625,0.046630859375,0.090087890625
514,82,832,4.32431697845459e-05,0.9736328125,0.007080078125,0.990966796875,0.01123046875
515,946,831,0.00031942129135131836,0.919189453125,0.853759765625,0.94873046875,0.8828125
516,368,829,0.0002708137035369873,0.50048828125,0.95751953125,0.532958984375,0.976318359375
517,559,825,0.00011086463928222656,0.270751953125,0.015380859375,0.28271484375,0.035400390625
518,474,820,0.0001957416534423828,0.076904296875,0.773193359375,0.10009765625,0.8037109375
519,1005,819,0.00017470121383666992,0.94970703125,0.01025390625,0.968994140625,0.0283203125
520,668,817,0.00016477704048156738,0.602783203125,0.017578125,0.6220703125,0.0322265625
521,400,814,0.0001493692398071289,0.931884765625,0.9521484375,0.944091796875,0.978515625
522,336,810,7.969141006469727e-05,0.863037109375,0.90185546875,0.867431640625,0.9345703125
523,961,810,0.00021132826805114746,0.41650390625,0.953369140625,0.445068359375,0.973388671875
524,575,809,0.0005424022674560547,0.8994140625,0.948486328125,0.927734375,0.97607421875
525,281,808,0.00013884902000427246,0.782470703125,0.93212890625,0.801513671875,0.9560546875
526,447,807,0.0001550912857055664,0.01123046875,0.931884765625,0.024169921875,0.9501953125
527,568,806,0.0005063414573669434,0.202392578125,0.748779296875,0.227783203125,0.8046875
528,406,805,0.00014632940292358398,0.047119140625,0.119384765625,0.071044921875,0.139892578125
529,892,801,0.00017264485359191895,0.014404296875,0.462158203125,0.0283203125,0.48388671875
530,1032,796,0.00015982985496520996,0.547607421875,0.021240234375,0.568359375,0.03466796875
531,934,795,0.00010481476783752441,0.222900390625,0.96240234375,0.2490234375,0.9755859375
532,796,791,0.00010785460472106934,0.015625,0.6044921875,0.028076171875,0.62451171875
533,460,790,0.00011819601058959961,0.00341796875,0.818115234375,0.017822265625,0.829833984375
534,799,790,0.00010094046592712402,0.01220703125,0.662353515625,0.029541015625,0.678466796875
535,767,788,0.00015115737915039062,0.1904296875,0.02490234375,0.21142578125,0.0361328125
536,1067,788,0.00013744831085205078,0.88623046875,0.954345703125,0.89501953125,0.9794921875
537,1052,782,9.587407112121582e-05,0.004150390625,0.244140625,0.019287109375,0.253173828125
538,552,781,9.66489315032959e-05,0.3544921875,0.018798828125,0.373046875,0.0341796875
539,818,780,0.00016987323760986328,0.078857421875,0.940185546875,0.102294921875,0.961181640625
540,117,772,0.00013336539268493652,0.942138671875,0.984130859375,0.96533203125,0.994384765625
541,582,767,0.00019541382789611816,0.02294921875,0.3876953125,0.045166015625,0.40380859375
542,538,766,0.00035122036933898926,0.059326171875,0.398193359375,0.078857421875,0.427001953125
543,311,763,0.00013008713722229004,0.819091796875,0.927978515625,0.849365234375,0.946044921875
544,249,760,0.0002498626708984375,0.5869140625,0.978759765625,0.615478515625,0.995849609375
545,133,758,3.281235694885254e-05,0.30322265625,0.97998046875,0.30908203125,0.99365234375
546,30,757,0.00023087859153747559,0.021484375,0.812255859375,0.04345703125,0.829833984375
547,623,755,9.465217590332031e-05,0.039794921875,0.974853515625,0.06494140625,0.9814453125
548,150,754,6.935000419616699e-05,0.981201171875,0.42529296875,0.986328125,0.443603515625
549,786,742,0.00014799833297729492,0.0400390625,0.943115234375,0.048583984375,0.97021484375
550,584,739,6.592273712158203e-05,0.15576171875,0.010498046875,0.16162109375,0.026123046875
551,810,738,0.00015419721603393555,0.019287109375,0.436767578125,0.033447265625,0.45849609375
552,53,737,0.00019556283950805664,0.034912109375,0.2568359375,0.056640625,0.274169921875
553,667,733,0.00020870566368103027,0.327880859375,0.9228515625,0.35791015625,0.947021484375
554,569,732,0.0003065168857574463,0.64501953125,0.917724609375,0.6826171875,0.93994140625
555,309,729,0.0001029670238494873,0.342041015625,0.97607421875,0.35595703125,0.99560546875
556,888,726,0.0001888871192932129,0.427490234375,0.013427734375,0.4462890625,0.028076171875
557,161,721,0.00018152594566345215,0.05908203125,0.6279296875,0.069091796875,0.658935546875
558,413,718,0.00013324618339538574,0.124267578125,0.358154296875,0.150390625,0.390625
559,470,712,0.000299602746963501,0.13037109375,0.041015625,0.145263671875,0.08203125
560,124,711,0.00015586614608764648,0.615478515625,0.964599609375,0.630615234375,0.98876953125
561,301,710,0.00038242340087890625,0.044921875,0.74609375,0.069091796875,0.774658203125
562,710,705,6.744265556335449e-05,0.694091796875,0.00439453125,0.706787109375,0.012939453125
563,32,703,0.00013890862464904785,0.768310546875,0.945068359375,0.778076171875,0.972412109375
564,560,702,0.00015878677368164062,0.966552734375,0.015380859375,0.99072265625,0.032470703125
565,408,696,0.00023227930068969727,0.16064453125,0.739013671875,0.191162109375,0.774658203125
566,812,694,8.317828178405762e-05,0.98095703125,0.321533203125,0.99462890625,0.336669921875
567,964,693,9.649991989135742e-05,0.80810546875,0.019775390625,0.82958984375,0.028076171875
568,193,691,0.00040605664253234863,0.125244140625,0.522216796875,0.144287109375,0.562255859375
569,516,689,0.0002307295799255371,0.351318359375,0.966552734375,0.37109375,0.98876953125
570,595,686,0.00028273463249206543,0.084716796875,0.4619140625,0.11962890625,0.47900390625
571,175,684,0.0006364881992340088,0.471435546875,0.073486328125,0.502197265625,0.118896484375
572,949,683,0.00010445713996887207,0.0263671875,0.676513671875,0.033447265625,0.69873046875
573,469,681,0.00021958351135253906,0.796875,0.946533203125,0.810546875,0.974365234375
574,650,681,0.00014656782150268555,0.044921875,0.726806640625,0.069091796875,0.740234375
575,1079,675,8.907914161682129e-05,0.63525390625,0.978759765625,0.65380859375,0.99267578125
576,625,674,5.5730342864990234e-05,0.767333984375,0.0185546875,0.7880859375,0.02197265625
577,1022,672,0.0001754462718963623,0.427490234375,0.032958984375,0.453369140625,0.04736328125
578,58,671,0.00024393200874328613,0.13232421875,0.9755859375,0.15869140625,0.994873046875
579,340,671,6.0677528381347656e-05,0.01123046875,0.6279296875,0.0283203125,0.6357421875
580,740,671,4.163384437561035e-05,0.005126953125,0.68310546875,0.020263671875,0.687255859375
581,1080,668,0.00015345215797424316,0.06640625,0.9697265625,0.095458984375,0.98974609375
582,626,667,2.6613473892211914e-05,0.168212890625,0.010498046875,0.1806640625,0.013916015625
583,606,661,4.83393669128418e-05,0.009521484375,0.283935546875,0.026123046875,0.293701171875
584,636,659,0.00015819072723388672,0.05615234375,0.948486328125,0.081298828125,0.965087890625
585,219,656,9.444355964660645e-05,0.245361328125,0.019775390625,0.263427734375,0.031005859375
586,944,656,0.00018453598022460938,0.054443359375,0.31640625,0.0830078125,0.32958984375
587,416,653,0.00011023879051208496,0.3076171875,0.00537109375,0.3232421875,0.016845703125
588,571,651,0.00010251998901367188,0.00537109375,0.78564453125,0.023193359375,0.79736328125
589,909,650,0.0001380443572998047,0.121337890625,0.93310546875,0.1533203125,0.943603515625
590,285,648,0.00014579296112060547,0.966552734375,0.149658203125,0.98779296875,0.167724609375
591,788,648,4.559755325317383e-05,0.98388671875,0.487548828125,0.98876953125,0.502197265625
592,350,647,0.0002015233039855957,0.013427734375,0.834716796875,0.0302734375,0.85595703125
593,848,647,6.22868537902832e-05,0.032958984375,0.843505859375,0.0546875,0.8564453125
594,919,647,0.00015878677368164062,0.041015625,0.399169921875,0.056640625,0.4248046875
595,220,646,0.00011900067329406738,0.0166015625,0.3134765625,0.03125,0.335693359375
596,576,644,4.464387893676758e-05,0.888427734375,0.984130859375,0.892822265625,0.997802734375
597,735,642,0.0005515515804290771,0.30859375,0.111083984375,0.35888671875,0.14111328125
598,106,641,5.0634145736694336e-05,0.012451171875,0.17236328125,0.0283203125,0.184814453125
599,1069,641,6.839632987976074e-05,0.025634765625,0.37548828125,0.048583984375,0.38134765625
600,628,636,0.00015941262245178223,0.288330078125,0.96435546875,0.300537109375,0.98876953125
601,795,636,9.706616401672363e-05,0.66845703125,0.0263671875,0.6826171875,0.045654296875
602,764,630,0.00028884410858154297,0.143798828125,0.348388671875,0.161376953125,0.390380859375
603,999,630,8.398294448852539e-05,0.891357421875,0.00830078125,0.903076171875,0.023193359375
604,63,623,0.00021210312843322754,0.03271484375,0.4521484375,0.050537109375,0.476806640625
605,811,622,3.999471664428711e-05,0.9697265625,0.982666015625,0.974365234375,0.996826171875
606,453,618,9.924173355102539e-05,0.029541015625,0.133544921875,0.052978515625,0.1533203125
607,1093,617,0.00017562508583068848,0.46533203125,0.018798828125,0.48486328125,0.030029296875
608,185,616,6.201863288879395e-05,0.980712890625,0.139404296875,0.995849609375,0.145263671875
609,639,615,4.0084123611450195e-05,0.005126953125,0.75,0.018310546875,0.7607421875
610,1028,613,0.0001538395881652832,0.902587890625,0.013671875,0.92138671875,0.029052734375
611,594,605,8.863210678100586e-05,0.986083984375,0.734619140625,0.995849609375,0.747802734375
612,144,604,8.675456047058105e-05,0.00439453125,0.072265625,0.011962890625,0.08935546875
613,237,603,0.00010666251182556152,0.681884765625,0.92822265625,0.693603515625,0.955810546875
614,448,600,0.00014168024063110352,0.650146484375,0.015625,0.6640625,0.0361328125
615,970,600,0.0002511143684387207,0.014404296875,0.257568359375,0.0302734375,0.279541015625
616,27,598,0.00014391541481018066,0.008544921875,0.422119140625,0.025146484375,0.4404296875
617,31,590,0.00011527538299560547,0.05029296875,0.95751953125,0.074951171875,0.974365234375
618,960,589,0.00022649765014648438,0.07177734375,0.602294921875,0.09619140625,0.62451171875
619,1096,578,6.183981895446777e-05,0.98583984375,0.701416015625,0.994873046875,0.713623046875
620,466,571,0.0001093745231628418,0.00537109375,0.974853515625,0.016845703125,0.991455078125
621,762,571,7.957220077514648e-05,0.508056640625,0.005615234375,0.517333984375,0.02197265625
622,180,569,5.2094459533691406e-05,0.97607421875,0.4111328125,0.99365234375,0.4189453125
623,371,565,0.00022205710411071777,0.0185546875,0.15283203125,0.036376953125,0.1787109375
624,742,564,7.840991020202637e-05,0.40625,0.001220703125,0.4189453125,0.011962890625
625,518,563,0.00013807415962219238,0.92626953125,0.017578125,0.945556640625,0.0341796875
626,272,559,0.000254899263381958,0.838623046875,0.938232421875,0.866455078125,0.958251953125
627,547,557,0.0001691579818725586,0.378662109375,0.974853515625,0.400634765625,0.98974609375
628,1053,555,0.0001163184642791748,0.021728515625,0.048095703125,0.0322265625,0.072021484375
629,66,549,3.7789344787597656e-05,0.00439453125,0.3388671875,0.01806640625,0.345703125
630,184,548,0.00012668967247009277,0.832763671875,0.015625,0.85302734375,0.024169921875
631,561,546,0.00011867284774780273,0.34130859375,0.01025390625,0.3525390625,0.0283203125
632,29,541,5.9723854064941406e-05,0.79296875,0.015625,0.812255859375,0.02392578125
633,412,541,7.003545761108398e-05,0.989013671875,0.9013671875,0.9990234375,0.912353515625
634,833,540,0.00029271841049194336,0.045166015625,0.78125,0.06982421875,0.808837890625
635,730,539,9.885430335998535e-05,0.01220703125,0.224365234375,0.033447265625,0.239501953125
636,299,537,0.0001112520694732666,0.015380859375,0.51171875,0.030517578125,0.52880859375
637,676,528,0.00011107325553894043,0.66943359375,0.00439453125,0.678466796875,0.02099609375
638,1072,526,0.00015556812286376953,0.1708984375,0.973876953125,0.1962890625,0.99462890625
639,507,515,6.16610050201416e-05,0.00341796875,0.32275390625,0.011962890625,0.33544921875
640,528,514,5.1915645599365234e-05,0.00830078125,0.524169921875,0.023193359375,0.53271484375
641,126,513,0.0001747608184814453,0.00927734375,0.300537109375,0.025390625,0.322998046875
642,345,513,8.001923561096191e-05,0.05126953125,0.018798828125,0.07080078125,0.030029296875
643,379,513,0.00010773539543151855,0.022705078125,0.340087890625,0.04150390625,0.365966796875
644,0,511,6.577372550964355e-05,0.32861328125,0.00439453125,0.336669921875,0.01806640625
645,304,511,0.00010061264038085938,0.780517578125,0.00244140625,0.793212890625,0.013671875
646,211,508,0.0002951622009277344,0.0712890625,0.28515625,0.092529296875,0.31494140625
647,875,508,6.121397018432617e-05,0.404296875,0.951171875,0.408447265625,0.9775390625
648,765,505,2.7447938919067383e-05,0.989990234375,0.58740234375,0.993896484375,0.5966796875
649,145,504,8.603930473327637e-05,0.98388671875,0.506591796875,0.99072265625,0.52490234375
650,953,503,3.129243850708008e-05,0.987060546875,0.66748046875,0.99072265625,0.679443359375
651,1042,501,6.327033042907715e-05,0.989013671875,0.95849609375,0.995849609375,0.975341796875
652,186,499,0.00022023916244506836,0.0205078125,0.555908203125,0.04345703125,0.576416015625
653,962,497,0.00019940733909606934,0.00439453125,0.89013671875,0.01904296875,0.907470703125
654,781,496,7.894635200500488e-05,0.984130859375,0.465087890625,0.991455078125,0.483154296875
655,479,494,4.807114601135254e-05,0.990234375,0.979736328125,0.99560546875,0.994873046875
656,288,493,0.00011900067329406738,0.0166015625,0.013427734375,0.035400390625,0.024169921875
657,305,492,0.0001379251480102539,0.775390625,0.034912109375,0.79833984375,0.051513671875
658,127,488,0.0001285076141357422,0.404296875,0.015380859375,0.4228515625,0.034423828125
659,840,485,7.861852645874023e-05,0.98583984375,0.683837890625,0.9970703125,0.69677734375
660,104,484,0.0001690387725830078,0.012451171875,0.39892578125,0.025146484375,0.420166015625
661,629,476,4.521012306213379e-05,0.798095703125,0.00537109375,0.809326171875,0.010986328125
662,719,476,7.039308547973633e-05,0.37646484375,0.015625,0.385498046875,0.03515625
663,321,475,9.742379188537598e-05,0.045166015625,0.818115234375,0.053466796875,0.84326171875
664,729,473,6.794929504394531e-05,0.98583984375,0.569091796875,0.996826171875,0.58251953125
665,607,469,7.721781730651855e-05,0.986328125,0.366455078125,0.99658203125,0.37939453125
666,905,466,0.0007354617118835449,0.30224609375,0.26904296875,0.329345703125,0.3310546875
667,295,465,0.00013947486877441406,0.148681640625,0.03076171875,0.160400390625,0.052734375
668,815,464,4.902482032775879e-05,0.002197265625,0.13134765625,0.010986328125,0.143310546875
669,439,458,0.00030177831649780273,0.0166015625,0.189208984375,0.039306640625,0.211669921875
670,783,458,8.07642936706543e-05,0.004638671875,0.009521484375,0.013671875,0.02392578125
671,238,456,7.832050323486328e-05,0.02880859375,0.916748046875,0.03515625,0.94091796875
672,326,456,3.266334533691406e-05,0.404052734375,0.985107421875,0.40771484375,0.99755859375
673,418,454,6.327033042907715e-05,0.12744140625,0.983642578125,0.135009765625,0.998046875
674,1049,454,0.00010418891906738281,0.730712890625,0.984130859375,0.745361328125,0.99658203125
675,17,453,5.048513412475586e-05,0.00439453125,0.02978515625,0.0087890625,0.046630859375
676,663,453,6.16312026977539e-05,0.003173828125,0.270751953125,0.01220703125,0.282470703125
677,1050,452,0.00011298060417175293,0.04833984375,0.568603515625,0.056640625,0.593994140625
678,994,450,2.0682811737060547e-05,0.987060546875,0.123046875,0.996826171875,0.127197265625
679,648,445,5.6415796279907227e-05,0.98779296875,0.65234375,0.998046875,0.6630859375
680,766,445,6.827712059020996e-05,0.985107421875,0.928955078125,0.993408203125,0.94287109375
681,65,444,4.0978193283081055e-05,0.9892578125,0.773681640625,0.99462890625,0.783935546875
682,519,441,0.0001010894775390625,0.218017578125,0.0234375,0.23779296875,0.03662109375
683,77,439,2.98917293548584e-05,0.286865234375,0.021484375,0.308349609375,0.024169921875
684,276,439,9.012222290039062e-05,0.624755859375,0.02685546875,0.64404296875,0.039306640625
685,621,439,0.00013568997383117676,0.024658203125,0.9453125,0.035400390625,0.96923828125
686,92,438,0.00013631582260131836,0.0146484375,0.117919921875,0.029052734375,0.139404296875
687,257,432,0.00012305378913879395,0.0185546875,0.641357421875,0.04150390625,0.65478515625
688,565,430,5.447864532470703e-05,0.98291015625,0.549560546875,0.994873046875,0.562255859375
689,698,428,7.402896881103516e-05,0.007568359375,0.14892578125,0.02490234375,0.15625
690,566,426,0.0001169443130493164,0.00439453125,0.76513671875,0.01708984375,0.781005859375
691,1098,425,3.489851951599121e-05,0.9765625,0.13037109375,0.994873046875,0.135009765625
692,733,421,4.056096076965332e-05,0.00537109375,0.845703125,0.010009765625,0.8564453125
693,862,418,5.564093589782715e-05,0.25634765625,0.00732421875,0.266357421875,0.021240234375
694,943,418,0.00015977025032043457,0.819091796875,0.9453125,0.829833984375,0.972412109375
695,94,415,5.8531761169433594e-05,0.56689453125,0.00244140625,0.58056640625,0.012939453125
696,577,409,0.0002764761447906494,0.069580078125,0.2138671875,0.0869140625,0.2451171875
697,809,405,0.0001169443130493164,0.1669921875,0.017333984375,0.18603515625,0.030517578125
698,191,404,3.3795833587646484e-05,0.98779296875,0.81591796875,0.992919921875,0.8271484375
699,232,402,4.3511390686035156e-05,0.001220703125,0.107177734375,0.01318359375,0.113525390625
700,1081,402,0.00010144710540771484,0.00927734375,0.69091796875,0.022216796875,0.706787109375
701,344,401,0.0001888573169708252,0.44384765625,0.955322265625,0.470703125,0.981689453125
702,613,400,0.0001049339771270752,0.716552734375,0.018310546875,0.7373046875,0.0283203125
703,791,392,0.00012105703353881836,0.8720703125,0.017578125,0.89111328125,0.029052734375
704,430,389,3.853440284729004e-05,0.98486328125,0.447509765625,0.98974609375,0.4609375
705,986,389,4.9948692321777344e-05,0.359375,0.00634765625,0.37109375,0.01904296875
706,624,387,0.00013637542724609375,0.6943359375,0.025634765625,0.714599609375,0.041259765625
707,959,379,6.958842277526855e-05,0.9697265625,0.227294921875,0.98974609375,0.247802734375
708,391,376,3.516674041748047e-05,0.748779296875,0.001953125,0.7548828125,0.01416015625
709,52,374,9.399652481079102e-05,0.004638671875,0.556640625,0.016845703125,0.5703125
710,797,370,6.22868537902832e-05,0.757080078125,0.004150390625,0.77490234375,0.01513671875
711,289,369,6.404519081115723e-05,0.97509765625,0.9443359375,0.992431640625,0.9560546875
712,761,369,9.909272193908691e-05,0.5078125,0.974609375,0.52783203125,0.991943359375
713,867,367,5.811452865600586e-05,0.002197265625,0.711181640625,0.015869140625,0.72021484375
714,793,366,6.195902824401855e-05,0.6064453125,0.002197265625,0.614501953125,0.01513671875
715,423,365,6.699562072753906e-05,0.866943359375,0.004150390625,0.8779296875,0.01611328125
716,333,360,0.0001023709774017334,0.009521484375,0.0908203125,0.02392578125,0.110595703125
717,399,359,9.170174598693848e-05,0.857666015625,0.01025390625,0.86669921875,0.0283203125
718,870,359,7.227063179016113e-05,0.208984375,0.0107421875,0.23046875,0.02685546875
719,918,359,6.502866744995117e-05,0.54541015625,0.01025390625,0.560302734375,0.01708984375
720,494,352,5.5909156799316406e-05,0.469970703125,0.98583984375,0.482177734375,0.994873046875
721,906,348,5.701184272766113e-05,0.26953125,0.001220703125,0.27978515625,0.011962890625
722,255,344,9.85562801361084e-05,0.039794921875,0.013427734375,0.058837890625,0.025146484375
723,136,342,6.80387020111084e-05,0.006103515625,0.381591796875,0.021240234375,0.392578125
724,880,342,5.170702934265137e-05,0.363525390625,0.991943359375,0.373046875,1.0
725,827,340,0.00010979175567626953,0.449951171875,0.011474609375,0.460693359375,0.028076171875
726,1056,340,0.0001379847526550293,0.029541015625,0.410400390625,0.03955078125,0.432861328125
727,102,339,2.327561378479004e-05,0.04931640625,0.001220703125,0.060546875,0.0048828125
728,1047,338,5.2541494369506836e-05,0.0009765625,0.879150390625,0.01416015625,0.8857421875
729,298,336,6.845593452453613e-05,0.001220703125,0.63720703125,0.014892578125,0.64453125
730,1026,332,5.08427619934082e-05,0.98876953125,0.604736328125,0.998046875,0.614013671875
731,239,329,2.1129846572875977e-05,0.200927734375,0.978759765625,0.202880859375,0.99267578125
732,865,328,7.912516593933105e-05,0.017822265625,0.748291015625,0.040283203125,0.75439453125
733,644,327,7.167458534240723e-05,0.57421875,0.952392578125,0.58056640625,0.978515625
734,898,323,2.2530555725097656e-05,0.00341796875,0.00146484375,0.013916015625,0.004638671875
735,258,320,7.861852645874023e-05,0.001220703125,0.1591796875,0.01416015625,0.172607421875
736,868,319,2.8908252716064453e-05,0.549560546875,0.98828125,0.559326171875,0.994384765625
737,33,318,2.9355287551879883e-05,0.377685546875,0.00439453125,0.38720703125,0.011962890625
738,587,318,4.6581029891967773e-05,0.815185546875,0.00439453125,0.825927734375,0.014892578125
739,525,317,2.524256706237793e-05,0.002197265625,0.411376953125,0.0078125,0.418701171875
740,726,317,3.898143768310547e-05,0.084716796875,0.990966796875,0.095458984375,0.998046875
741,608,316,5.361437797546387e-05,0.7744140625,0.989013671875,0.7861328125,0.997802734375
742,657,309,0.0001437664031982422,0.00732421875,0.86181640625,0.024169921875,0.8798828125
743,806,304,0.00010901689529418945,0.287109375,0.00634765625,0.302978515625,0.01708984375
744,974,304,0.00013190507888793945,0.745849609375,0.977783203125,0.768798828125,0.99365234375
745,462,301,5.8323144912719727e-05,0.005126953125,0.490478515625,0.020263671875,0.505615234375
746,617,298,0.00013020634651184082,0.001220703125,0.58837890625,0.01416015625,0.60595703125
747,274,293,8.71121883392334e-05,0.00341796875,0.447998046875,0.014892578125,0.46240234375
748,1084,292,3.853440284729004e-05,0.00146484375,0.185302734375,0.013671875,0.192138671875
749,284,291,0.00011846423149108887,0.083984375,0.016357421875,0.093994140625,0.03662109375
750,1078,285,5.8144330978393555e-05,0.216064453125,0.001220703125,0.2265625,0.010009765625
751,879,284,2.5987625122070312e-05,0.001953125,0.397216796875,0.008056640625,0.405517578125
752,194,276,2.7179718017578125e-05,0.002197265625,0.834228515625,0.009033203125,0.84130859375
753,337,275,2.855062484741211e-05,0.29296875,0.989990234375,0.299072265625,0.998779296875
754,713,275,3.293156623840332e-05,0.9873046875,0.831298828125,0.99462890625,0.841064453125
755,884,273,3.55839729309082e-05,0.91455078125,0.005126953125,0.92578125,0.01318359375
756,159,269,4.0590763092041016e-05,0.682861328125,0.00439453125,0.689697265625,0.01806640625
757,256,269,0.00014346837997436523,0.445068359375,0.983154296875,0.463623046875,0.99560546875
758,817,268,1.6063451766967773e-05,0.351318359375,0.00146484375,0.354736328125,0.009765625
759,432,264,3.102421760559082e-05,0.790771484375,0.9892578125,0.80029296875,0.99560546875
760,482,264,9.605288505554199e-05,0.714599609375,0.005126953125,0.72900390625,0.01416015625
761,535,263,3.063678741455078e-05,0.00537109375,0.53564453125,0.014892578125,0.548828125
762,372,262,3.1113624572753906e-05,0.057373046875,0.98583984375,0.061767578125,0.997802734375
763,287,258,9.047985076904297e-05,0.08984375,0.00341796875,0.10546875,0.015869140625
764,646,258,7.995963096618652e-05,0.489501953125,0.008544921875,0.50146484375,0.02587890625
765,782,258,2.8908252716064453e-05,0.3115234375,0.9912109375,0.3212890625,0.99560546875
766,661,249,3.567337989807129e-05,0.00439453125,0.051025390625,0.0078125,0.06787109375
767,721,248,4.4405460357666016e-05,0.155029296875,0.990966796875,0.164306640625,0.999755859375
768,631,247,6.961822509765625e-05,0.988037109375,0.788818359375,0.997802734375,0.80029296875
769,546,246,7.578730583190918e-05,0.929931640625,0.006103515625,0.945068359375,0.016357421875
770,455,243,2.2590160369873047e-05,0.2080078125,0.9931640625,0.21630859375,0.997802734375
771,586,243,9.816884994506836e-05,0.0380859375,0.986328125,0.052490234375,0.99755859375
772,1058,242,5.182623863220215e-05,0.32666015625,0.989013671875,0.337646484375,0.99560546875
773,682,240,2.1278858184814453e-05,0.749755859375,0.9921875,0.7568359375,0.999755859375
774,768,240,1.761317253112793e-05,0.989990234375,0.30126953125,0.997802734375,0.30517578125
775,208,238,9.554624557495117e-05,0.970458984375,0.047119140625,0.98583984375,0.06787109375
776,533,238,7.385015487670898e-05,0.823974609375,0.98583984375,0.837158203125,0.997802734375
777,616,236,2.7745962142944336e-05,0.0009765625,0.480224609375,0.010009765625,0.4853515625
778,380,235,3.725290298461914e-05,0.00341796875,0.203857421875,0.014892578125,0.21923828125
779,51,234,2.518296241760254e-05,0.3857421875,0.991943359375,0.3916015625,1.0
780,524,233,6.109476089477539e-05,0.07421875,0.00927734375,0.083251953125,0.0244140625
781,1087,232,3.0040740966796875e-05,0.063232421875,0.003173828125,0.069091796875,0.01416015625
782,957,231,9.253621101379395e-05,0.099609375,0.98291015625,0.123046875,0.993896484375
783,760,228,2.5480985641479492e-05,0.84130859375,0.9921875,0.846435546875,0.999755859375
784,915,228,5.167722702026367e-05,0.985107421875,0.529296875,0.99462890625,0.5419921875
785,916,228,4.07099723815918e-05,0.98828125,0.629638671875,0.99658203125,0.639892578125
786,72,227,2.238154411315918e-05,0.277099609375,0.989013671875,0.28662109375,0.996826171875
787,76,226,2.54213809967041e-05,0.003173828125,0.257568359375,0.011962890625,0.265380859375
788,1000,225,2.7239322662353516e-05,0.9892578125,0.8046875,0.998779296875,0.80859375
789,205,223,2.086162567138672e-05,0.03369140625,0.00146484375,0.044677734375,0.004638671875
790,851,222,3.123283386230469e-05,0.8408203125,0.005615234375,0.85302734375,0.01171875
791,1065,221,4.026293754577637e-05,0.882080078125,0.002197265625,0.888916015625,0.01318359375
792,273,219,3.1888484954833984e-05,0.986083984375,0.71826171875,0.99072265625,0.73046875
793,297,215,1.537799835205078e-05,0.595703125,0.00732421875,0.5986328125,0.021240234375
794,741,215,5.53131103515625e-05,0.9892578125,0.865966796875,0.99755859375,0.875732421875
795,441,214,1.806020736694336e-05,0.0009765625,0.989990234375,0.00390625,0.997802734375
796,841,214,1.1205673217773438e-05,0.00244140625,0.09375,0.0078125,0.098388671875
797,356,211,1.9043684005737305e-05,0.002197265625,0.120361328125,0.010986328125,0.125
798,202,205,2.22623348236084e-05,0.24658203125,0.98486328125,0.2509765625,0.995849609375
799,864,205,4.023313522338867e-05,0.9892578125,0.3857421875,0.99560546875,0.396728515625
800,271,204,7.24494457244873e-05,0.0009765625,0.503662109375,0.01123046875,0.515625
801,722,203,5.40316104888916e-05,0.98828125,0.88134765625,0.99658203125,0.892822265625
802,450,202,2.3037195205688477e-05,0.9931640625,0.4814453125,0.997802734375,0.489013671875
803,109,199,7.778406143188477e-06,0.156005859375,0.001220703125,0.158203125,0.006103515625
804,942,199,4.503130912780762e-05,0.0009765625,0.5751953125,0.01416015625,0.58251953125
805,332,198,1.5676021575927734e-05,0.011474609375,0.996337890625,0.02099609375,0.999755859375
806,20,195,2.822279930114746e-05,0.9873046875,0.216064453125,0.99658203125,0.223388671875
807,495,193,2.5212764739990234e-05,0.984130859375,0.8505859375,0.99365234375,0.861572265625
808,1037,192,2.6017427444458008e-05,0.529052734375,0.9873046875,0.535888671875,0.99755859375
809,541,189,2.9325485229492188e-05,0.990234375,0.916748046875,0.99755859375,0.924560546875
810,1089,189,1.8537044525146484e-05,0.994140625,0.447021484375,1.0,0.454345703125
811,522,186,0.00010731816291809082,0.465087890625,0.002197265625,0.478759765625,0.01416015625
812,475,185,3.072619438171387e-05,0.989990234375,0.200927734375,0.996826171875,0.210205078125
813,843,183,4.017353057861328e-05,0.8759765625,0.968994140625,0.8818359375,0.992431640625
814,890,181,2.294778823852539e-05,0.001220703125,0.92626953125,0.0087890625,0.932373046875
815,704,178,1.290440559387207e-05,0.018798828125,0.001220703125,0.029052734375,0.003662109375
816,227,177,2.4557113647460938e-05,0.624755859375,0.9921875,0.631591796875,0.99853515625
817,1041,177,1.7762184143066406e-05,0.001220703125,0.17724609375,0.009765625,0.182861328125
818,1097,177,2.8342008590698242e-05,0.98291015625,0.3095703125,0.994873046875,0.317138671875
819,510,174,2.7507543563842773e-05,0.9951171875,0.028564453125,1.0,0.03759765625
820,325,173,8.821487426757812e-06,0.9951171875,0.66748046875,0.997802734375,0.672119140625
821,1031,173,2.256035804748535e-05,0.00146484375,0.47216796875,0.0107421875,0.47607421875
822,897,172,5.1528215408325195e-05,0.43798828125,0.00146484375,0.451171875,0.0107421875
823,493,170,2.1517276763916016e-05,0.86181640625,0.9931640625,0.86767578125,0.999755859375
824,633,170,2.4944543838500977e-05,0.00146484375,0.666259765625,0.0087890625,0.67236328125
825,317,167,8.589029312133789e-05,0.92724609375,0.97509765625,0.939697265625,0.994384765625
826,531,166,0.00012189149856567383,0.00439453125,0.724609375,0.01806640625,0.744384765625
827,259,164,9.986758232116699e-05,0.390869140625,0.012451171875,0.406494140625,0.0283203125
828,557,164,4.494190216064453e-05,0.142822265625,0.001953125,0.151123046875,0.01220703125
829,1046,164,3.2782554626464844e-05,0.9921875,0.232421875,0.998779296875,0.24169921875
830,532,163,3.516674041748047e-05,0.00341796875,0.611572265625,0.010986328125,0.62451171875
831,701,163,2.6404857635498047e-05,0.391845703125,0.003173828125,0.401611328125,0.008056640625
832,492,161,1.9341707229614258e-05,0.237060546875,0.992431640625,0.2421875,0.99951171875
833,727,160,2.0831823348999023e-05,0.9951171875,0.041748046875,0.9990234375,0.0517578125
834,341,158,1.3530254364013672e-05,0.658203125,0.990234375,0.6611328125,0.998779296875
835,440,158,1.582503318786621e-05,0.42333984375,0.002197265625,0.43310546875,0.010986328125
836,983,156,3.8057565689086914e-05,0.98828125,0.172119140625,0.99462890625,0.182861328125
837,997,155,1.004338264465332e-05,0.8974609375,0.9921875,0.901123046875,0.999755859375
838,593,153,3.2275915145874023e-05,0.828125,0.0009765625,0.837158203125,0.01123046875
839,1054,149,6.517767906188965e-05,0.124267578125,0.005615234375,0.13818359375,0.0146484375
840,1083,145,1.189112663269043e-05,0.986328125,0.359375,0.99462890625,0.36181640625
841,307,143,1.0788440704345703e-05,0.994140625,0.7275390625,0.999755859375,0.730224609375
842,212,139,1.2189149856567383e-05,0.991455078125,0.54443359375,0.99853515625,0.550048828125
843,308,139,8.463859558105469e-06,0.8720703125,0.992919921875,0.874755859375,0.9990234375
844,813,139,1.1295080184936523e-05,0.39599609375,0.992919921875,0.3994140625,1.0
845,48,138,1.1235475540161133e-05,0.435791015625,0.988037109375,0.43994140625,0.99658203125
846,573,138,3.808736801147461e-05,0.1103515625,0.0009765625,0.11962890625,0.01123046875
847,645,138,1.385807991027832e-05,0.994140625,0.458740234375,0.998779296875,0.46484375
848,583,136,4.0084123611450195e-05,0.9892578125,0.75830078125,0.99755859375,0.7685546875
849,885,134,1.8209218978881836e-05,0.9912109375,0.436767578125,0.999755859375,0.441162109375
850,1008,134,7.361173629760742e-06,0.340087890625,0.002197265625,0.343505859375,0.005859375
851,705,131,1.4901161193847656e-05,0.498779296875,0.001220703125,0.50341796875,0.0068359375
852,473,129,1.4424324035644531e-05,0.9921875,0.1640625,0.998779296875,0.16748046875
853,993,129,6.079673767089844e-06,0.17822265625,0.001220703125,0.179931640625,0.005859375
854,378,126,6.076693534851074e-05,0.650390625,0.00244140625,0.662841796875,0.012939453125
855,1066,123,1.7702579498291016e-05,0.986083984375,0.40234375,0.996826171875,0.407470703125
856,1082,123,7.927417755126953e-06,0.009521484375,0.8017578125,0.016845703125,0.803466796875
857,398,122,5.364418029785156e-06,0.990478515625,0.751953125,0.995361328125,0.753662109375
858,567,122,1.7076730728149414e-05,0.8505859375,0.993408203125,0.857421875,0.99853515625
859,694,122,5.093216896057129e-05,0.98828125,0.053955078125,0.99658203125,0.06494140625
860,146,120,4.7266483306884766e-05,0.98486328125,0.34228515625,0.992919921875,0.354736328125
861,863,118,8.106231689453125e-06,0.37060546875,0.0009765625,0.373046875,0.006103515625
862,40,116,1.004338264465332e-05,0.00439453125,0.196533203125,0.01171875,0.19921875
863,216,115,2.9295682907104492e-05,0.989990234375,0.61865234375,0.9990234375,0.62548828125
864,491,115,8.761882781982422e-06,0.00146484375,0.72265625,0.0078125,0.724853515625
865,877,115,2.828240394592285e-05,0.9892578125,0.14794921875,0.99853515625,0.1591796875
866,917,115,6.8247318267822266e-06,0.540283203125,0.994384765625,0.545166015625,0.99658203125
867,928,115,7.510185241699219e-06,0.066650390625,0.994384765625,0.068603515625,0.99951171875
868,59,114,3.74913215637207e-05,0.98583984375,0.189208984375,0.996826171875,0.1962890625
869,261,114,1.9669532775878906e-05,0.025634765625,0.996337890625,0.03515625,0.999755859375
870,1059,114,3.594160079956055e-05,0.1142578125,0.9912109375,0.122802734375,0.998779296875
871,539,113,1.704692840576172e-05,0.71630859375,0.9931640625,0.72412109375,0.997802734375
872,947,113,4.3720006942749023e-05,0.734619140625,0.00634765625,0.74462890625,0.01708984375
873,743,112,1.0132789611816406e-05,0.995361328125,0.505615234375,0.99951171875,0.510498046875
874,251,111,1.0818243026733398e-05,0.00146484375,0.628662109375,0.006591796875,0.6328125
875,523,107,3.802776336669922e-05,0.00244140625,0.22509765625,0.009765625,0.235595703125
876,605,107,1.704692840576172e-05,0.555908203125,0.002197265625,0.56201171875,0.0068359375
877,267,106,4.348158836364746e-05,0.9912109375,0.423095703125,0.999755859375,0.432373046875
878,829,103,9.5367431640625e-06,0.81591796875,0.993408203125,0.81982421875,0.99853515625
879,823,102,1.195073127746582e-05,0.522216796875,0.001220703125,0.525634765625,0.0068359375
880,253,99,1.0162591934204102e-05,0.001220703125,0.29443359375,0.0068359375,0.297607421875
881,995,99,4.500150680541992e-06,0.00341796875,0.6767578125,0.0078125,0.67822265625
882,618,95,3.904104232788086e-05,0.66552734375,0.9892578125,0.67626953125,0.99658203125
883,678,95,4.112720489501953e-06,0.486572265625,0.99609375,0.489013671875,0.998779296875
884,279,94,3.930926322937012e-05,0.002197265625,0.3564453125,0.010009765625,0.367919921875
885,166,93,3.096461296081543e-05,0.7021484375,0.9892578125,0.7119140625,0.99755859375
886,572,93,3.343820571899414e-05,0.00146484375,0.912841796875,0.0107421875,0.92138671875
887,927,90,6.020069122314453e-06,0.172119140625,0.001220703125,0.173828125,0.005859375
888,231,88,1.8805265426635742e-05,0.00146484375,0.93701171875,0.006591796875,0.94384765625
889,718,87,4.738569259643555e-06,0.00244140625,0.860595703125,0.006591796875,0.862548828125
890,365,83,5.453824996948242e-06,0.998046875,0.994140625,1.0,0.998779296875
891,670,82,4.649162292480469e-06,0.20654296875,0.00146484375,0.20849609375,0.005615234375
892,874,82,1.5467405319213867e-05,0.990234375,0.64404296875,0.99755859375,0.64794921875
893,244,81,5.8710575103759766e-06,0.635009765625,0.00146484375,0.6376953125,0.004638671875
894,1102,81,5.7220458984375e-06,0.994140625,0.517333984375,0.998779296875,0.519287109375
895,362,80,8.493661880493164e-06,0.995361328125,0.015625,0.999755859375,0.024169921875
896,489,80,9.149312973022461e-06,0.37744140625,0.994140625,0.38037109375,0.998779296875
897,746,76,5.513429641723633e-06,0.07373046875,0.00244140625,0.076904296875,0.004638671875
898,680,75,1.0818243026733398e-05,0.455810546875,0.001220703125,0.459716796875,0.0068359375
899,755,75,5.5730342864990234e-06,0.00244140625,0.760009765625,0.005615234375,0.762939453125
900,954,75,1.9550323486328125e-05,0.991943359375,0.49658203125,1.0,0.50146484375
901,98,73,1.9043684005737305e-05,0.584228515625,0.001220703125,0.58984375,0.010986328125
902,247,73,6.079673767089844e-06,0.856689453125,0.001953125,0.859375,0.006103515625
903,254,73,1.8268823623657227e-05,0.683837890625,0.994384765625,0.689453125,0.99951171875
904,504,72,4.857778549194336e-06,0.773681640625,0.00146484375,0.77587890625,0.004638671875
905,750,69,6.4373016357421875e-06,0.9912109375,0.3349609375,0.99755859375,0.339599609375
906,904,67,6.586313247680664e-06,0.001220703125,0.423583984375,0.005859375,0.426025390625
907,266,65,2.434849739074707e-05,0.9951171875,0.00244140625,0.999755859375,0.0107421875
908,549,65,2.422928810119629e-05,0.00634765625,0.372802734375,0.02099609375,0.381103515625
909,397,64,6.288290023803711e-06,0.992919921875,0.524169921875,1.0,0.53076171875
910,364,63,4.380941390991211e-06,0.944091796875,0.993896484375,0.946044921875,0.998779296875
911,950,63,8.016824722290039e-06,0.990966796875,0.0693359375,0.997802734375,0.072021484375
912,951,61,9.775161743164062e-06,0.54443359375,0.00146484375,0.54931640625,0.005615234375
913,521,60,2.0444393157958984e-05,0.5078125,0.994140625,0.514404296875,0.999755859375
914,81,58,6.318092346191406e-06,0.995361328125,0.71435546875,0.998779296875,0.718994140625
915,454,57,3.904104232788086e-06,0.00244140625,0.703125,0.004638671875,0.705810546875
916,789,57,5.364418029785156e-06,0.427490234375,0.99609375,0.43017578125,0.998779296875
917,878,57,4.172325134277344e-06,0.994140625,0.246337890625,0.998779296875,0.248046875
918,637,56,1.6391277313232422e-06,0.00244140625,0.969482421875,0.004638671875,0.970458984375
919,902,56,5.5730342864990234e-06,0.412109375,0.9951171875,0.416015625,0.998779296875
920,1107,55,2.7418136596679688e-06,0.9970703125,0.382568359375,0.9990234375,0.384521484375
921,54,53,2.9206275939941406e-06,0.642333984375,0.00146484375,0.6435546875,0.004638671875
922,638,50,1.519918441772461e-06,0.003173828125,0.74462890625,0.005859375,0.74560546875
923,673,50,3.933906555175781e-06,0.002197265625,0.314697265625,0.0068359375,0.318115234375
924,6,49,3.248453140258789e-06,0.00341796875,0.30224609375,0.0048828125,0.30517578125
925,7,49,3.546476364135742e-06,0.003173828125,0.9482421875,0.0048828125,0.951171875
926,520,49,2.1845102310180664e-05,0.00146484375,0.692138671875,0.009765625,0.698486328125
927,736,49,4.082918167114258e-06,0.00244140625,0.286865234375,0.004638671875,0.289794921875
928,859,47,2.7120113372802734e-06,0.002197265625,0.7998046875,0.0048828125,0.80126953125
929,883,45,7.659196853637695e-06,0.907470703125,0.003173828125,0.910400390625,0.010009765625
930,968,45,2.86102294921875e-06,0.003173828125,0.962646484375,0.0048828125,0.96533203125
931,390,44,1.996755599975586e-06,0.004150390625,0.955322265625,0.005126953125,0.958251953125
932,42,43,2.2649765014648438e-06,0.002197265625,0.4306640625,0.003662109375,0.432861328125
933,178,43,3.2186508178710938e-06,0.53515625,0.00146484375,0.537109375,0.003662109375
934,1103,43,2.2649765014648438e-06,0.00634765625,0.467041015625,0.010009765625,0.468017578125
935,747,42,3.516674041748047e-06,0.949462890625,0.00341796875,0.953125,0.005615234375
936,19,41,3.904104232788086e-06,0.500732421875,0.99609375,0.50341796875,0.998779296875
937,55,41,2.652406692504883e-06,0.26953125,0.996337890625,0.272705078125,0.99755859375
938,948,41,2.8908252716064453e-06,0.9970703125,0.343994140625,0.9990234375,0.345947265625
939,1035,40,2.86102294921875e-06,0.49365234375,0.99609375,0.49609375,0.997802734375
940,134,39,1.4007091522216797e-06,0.2626953125,0.00146484375,0.264404296875,0.002685546875
941,354,38,2.0265579223632812e-06,0.46484375,0.997314453125,0.467041015625,0.998779296875
942,534,38,7.152557373046875e-06,0.482421875,0.003173828125,0.485107421875,0.009033203125
943,861,38,1.5795230865478516e-06,0.599365234375,0.00146484375,0.60107421875,0.002685546875
944,1060,38,1.4394521713256836e-05,0.578369140625,0.993896484375,0.58349609375,1.0
945,79,37,4.291534423828125e-06,0.995361328125,0.6767578125,0.99951171875,0.67822265625
946,252,37,2.8014183044433594e-06,0.08154296875,0.00146484375,0.083251953125,0.004638671875
947,779,37,1.996755599975586e-06,0.256591796875,0.0009765625,0.258056640625,0.0029296875
948,39,36,1.6987323760986328e-06,0.87939453125,0.9970703125,0.880615234375,0.9990234375
949,1006,36,1.043081283569336e-06,0.001220703125,0.811767578125,0.0029296875,0.812744140625
950,172,35,2.7120113372802734e-06,0.518798828125,0.996337890625,0.520751953125,0.99853515625
951,483,34,8.046627044677734e-07,0.00048828125,0.984130859375,0.00146484375,0.9853515625
952,536,34,2.5331974029541016e-06,0.90087890625,0.002197265625,0.90283203125,0.00390625
953,692,34,1.519918441772461e-06,0.998291015625,0.095947265625,0.999755859375,0.09716796875
954,771,34,1.3709068298339844e-06,0.00146484375,0.610595703125,0.002685546875,0.6123046875
955,1077,34,2.086162567138672e-06,0.00146484375,0.203857421875,0.003662109375,0.205078125
956,1115,34,1.6391277313232422e-06,0.17919921875,0.99755859375,0.180908203125,0.99951171875
957,57,33,2.3245811462402344e-06,0.34228515625,0.99609375,0.343505859375,0.998779296875
958,1007,33,2.205371856689453e-06,0.997314453125,0.9462890625,0.998779296875,0.947998046875
959,1011,33,2.4437904357910156e-06,0.9970703125,0.81298828125,0.998779296875,0.814697265625
960,772,32,1.3113021850585938e-06,0.9970703125,0.365234375,0.9990234375,0.3662109375
961,355,31,1.996755599975586e-06,0.001220703125,0.805908203125,0.0029296875,0.807373046875
962,250,30,2.175569534301758e-06,0.989013671875,0.845458984375,0.99365234375,0.84619140625
963,263,30,1.0728836059570312e-06,0.86376953125,0.002197265625,0.86474609375,0.00390625
964,780,30,1.1026859283447266e-06,0.570068359375,0.998291015625,0.571533203125,0.99951171875
965,173,29,2.086162567138672e-06,0.00146484375,0.52001953125,0.003662109375,0.521728515625
966,1040,29,1.055002212524414e-05,0.074462890625,0.9921875,0.080078125,0.998779296875
967,1113,29,1.7583370208740234e-06,0.997314453125,0.114990234375,0.998779296875,0.116943359375
968,56,28,2.5033950805664062e-06,0.63818359375,0.996337890625,0.640625,0.99853515625
969,886,28,7.867813110351562e-06,0.961669921875,0.002197265625,0.967041015625,0.0068359375
970,46,27,1.7285346984863281e-06,0.996337890625,0.47607421875,0.99853515625,0.47705078125
971,190,27,1.4007091522216797e-06,0.25146484375,0.002197265625,0.252197265625,0.0048828125
972,360,27,1.9669532775878906e-06,0.90576171875,0.996337890625,0.908203125,0.99755859375
973,574,27,1.7583370208740234e-06,0.998291015625,0.107177734375,0.999755859375,0.108642578125
974,801,27,1.2218952178955078e-06,0.003173828125,0.56982421875,0.00390625,0.57177734375
975,189,26,2.175569534301758e-06,0.20068359375,0.9970703125,0.2021484375,0.9990234375
976,374,26,3.1888484954833984e-06,0.42041015625,0.99609375,0.423095703125,0.997802734375
977,429,26,1.3113021850585938e-06,0.996337890625,0.46923828125,0.997802734375,0.471923828125
978,434,26,1.8775463104248047e-06,0.984130859375,0.001220703125,0.985595703125,0.002685546875
979,836,26,1.2516975402832031e-06,0.998291015625,0.58935546875,0.999755859375,0.590576171875
980,1064,26,8.046627044677734e-07,0.37744140625,0.00048828125,0.37841796875,0.00146484375
981,10,25,1.1026859283447266e-06,0.444580078125,0.9970703125,0.445556640625,0.998779296875
982,264,25,1.1324882507324219e-06,0.8515625,0.002197265625,0.8525390625,0.00390625
983,359,25,8.046627044677734e-07,0.759033203125,0.001220703125,0.759765625,0.002685546875
984,394,25,1.3709068298339844e-06,0.998291015625,0.29541015625,0.999755859375,0.296630859375
985,435,25,2.8014183044433594e-06,0.694091796875,0.99609375,0.696533203125,0.997802734375
986,157,24,1.6689300537109375e-06,0.255615234375,0.998291015625,0.257080078125,0.999755859375
987,199,24,1.2814998626708984e-06,0.6455078125,0.9970703125,0.646484375,0.9990234375
988,457,24,1.7285346984863281e-06,0.998291015625,0.2646484375,0.999755859375,0.266357421875
989,554,24,1.1026859283447266e-06,0.7666015625,0.998291015625,0.767578125,0.999755859375
990,895,24,8.642673492431641e-07,0.00048828125,0.336669921875,0.001708984375,0.337646484375
991,147,23,1.2814998626708984e-06,0.003173828125,0.5263671875,0.00390625,0.528564453125
992,323,23,2.3245811462402344e-06,0.18505859375,0.997314453125,0.187255859375,0.998779296875
993,855,23,1.0728836059570312e-06,0.26171875,0.99853515625,0.26318359375,0.99951171875
994,1048,23,1.5795230865478516e-06,0.998291015625,0.583251953125,0.999755859375,0.584716796875
995,110,22,9.834766387939453e-07,0.0,0.22119140625,0.0009765625,0.222412109375
996,316,22,2.3543834686279297e-06,0.304443359375,0.00146484375,0.30908203125,0.005615234375
997,375,22,1.6391277313232422e-06,0.997314453125,0.81884765625,0.998779296875,0.821044921875
998,896,22,1.4007091522216797e-06,0.997314453125,0.8251953125,0.99853515625,0.826904296875
999,1009,22,9.834766387939453e-07,0.92822265625,0.998046875,0.929443359375,0.9990234375
1000,15,21,1.4603137969970703e-06,0.9970703125,0.56494140625,0.9990234375,0.56640625
1001,113,21,1.5795230865478516e-06,0.998291015625,0.2587890625,0.999755859375,0.26025390625
1002,123,21,1.5795230865478516e-06,0.530029296875,0.00244140625,0.531005859375,0.004638671875
1003,424,21,1.3709068298339844e-06,0.998291015625,0.851806640625,0.999755859375,0.853271484375
1004,654,21,1.1324882507324219e-06,0.998291015625,0.595703125,0.999755859375,0.5966796875
1005,1013,21,1.2814998626708984e-06,0.19140625,0.998291015625,0.193115234375,0.99951171875
1006,1027,21,6.258487701416016e-07,0.998046875,0.283203125,0.998779296875,0.28466796875
1007,402,20,6.556510925292969e-07,0.002197265625,0.37158203125,0.0029296875,0.373046875
1008,487,20,1.817941665649414e-06,0.001220703125,0.873046875,0.0029296875,0.874755859375
1009,634,20,8.642673492431641e-07,0.998291015625,0.101806640625,0.999755859375,0.102783203125
1010,734,20,9.5367431640625e-07,0.6240234375,0.00048828125,0.625244140625,0.00146484375
1011,1119,20,5.662441253662109e-07,0.998291015625,0.896484375,0.999755859375,0.897216796875
1012,651,19,1.1920928955078125e-06,0.00146484375,0.146728515625,0.00244140625,0.1484375
1013,652,19,1.1324882507324219e-06,0.922119140625,0.996337890625,0.92333984375,0.99853515625
1014,824,19,1.2814998626708984e-06,0.243408203125,0.00048828125,0.244873046875,0.001708984375
1015,987,19,8.642673492431641e-07,0.912841796875,0.998046875,0.914306640625,0.9990234375
1016,1070,19,7.450580596923828e-07,0.989990234375,0.001220703125,0.99072265625,0.002685546875
1017,1075,19,1.0728836059570312e-06,0.23193359375,0.998291015625,0.23291015625,0.999755859375
1018,1095,19,1.1920928955078125e-06,0.138427734375,0.002197265625,0.13916015625,0.0048828125
1019,1110,19,4.470348358154297e-07,0.29638671875,0.00048828125,0.296875,0.001708984375
1020,1112,19,1.043081283569336e-06,0.132568359375,0.00048828125,0.134033203125,0.00146484375
1021,153,18,1.0132789611816406e-06,0.59326171875,0.00146484375,0.594970703125,0.002685546875
1022,192,18,8.642673492431641e-07,0.00244140625,0.309326171875,0.004638671875,0.310302734375
1023,553,17,8.642673492431641e-07,0.0,0.008544921875,0.0009765625,0.009765625
1024,675,17,1.043081283569336e-06,0.7294921875,0.00146484375,0.73046875,0.003662109375
1025,685,17,8.940696716308594e-07,0.99755859375,0.35009765625,0.99853515625,0.351806640625
1026,714,17,6.258487701416016e-07,0.0,0.563720703125,0.0009765625,0.564453125
1027,773,17,9.5367431640625e-07,0.003173828125,0.442626953125,0.005859375,0.443359375
1028,821,17,7.748603820800781e-07,0.002197265625,0.781494140625,0.0029296875,0.783203125
1029,952,17,8.344650268554688e-07,0.9970703125,0.409912109375,0.998779296875,0.410888671875
1030,1,16,9.238719940185547e-07,0.977783203125,0.001953125,0.9794921875,0.0029296875
1031,47,16,4.470348358154297e-07,0.56396484375,0.998291015625,0.5654296875,0.998779296875
1032,181,16,7.748603820800781e-07,0.00048828125,0.39013671875,0.00146484375,0.391357421875
1033,622,16,6.854534149169922e-07,0.617919921875,0.00048828125,0.619140625,0.001708984375
1034,732,16,1.4901161193847656e-06,0.001953125,0.4375,0.004150390625,0.4384765625
1035,753,16,6.854534149169922e-07,0.3134765625,0.001220703125,0.314208984375,0.0029296875
1036,835,16,8.046627044677734e-07,0.99853515625,0.92919921875,0.99951171875,0.930419921875
1037,1017,16,6.258487701416016e-07,0.0,0.539306640625,0.0009765625,0.5400390625
1038,1104,16,6.258487701416016e-07,0.73486328125,0.001220703125,0.736083984375,0.001953125
1039,14,15,5.364418029785156e-07,0.998291015625,0.198486328125,0.999755859375,0.199462890625
1040,784,15,8.940696716308594e-07,0.998046875,0.25244140625,0.9990234375,0.254150390625
1041,1036,15,8.046627044677734e-07,0.998291015625,0.289306640625,0.999755859375,0.29052734375
1042,22,14,6.556510925292969e-07,0.00146484375,0.15283203125,0.00244140625,0.154541015625
1043,112,14,5.960464477539062e-07,0.290283203125,0.00048828125,0.29150390625,0.001708984375
1044,240,14,1.2218952178955078e-06,0.9716796875,0.00146484375,0.973388671875,0.002685546875
1045,410,14,7.152557373046875e-07,0.998046875,0.183349609375,0.9990234375,0.184814453125
1046,437,14,1.1324882507324219e-06,0.00146484375,0.866943359375,0.00244140625,0.86865234375
1047,471,14,4.76837158203125e-07,0.648193359375,0.0,0.64892578125,0.0009765625
1048,653,14,5.960464477539062e-07,0.0,0.6826171875,0.0009765625,0.68359375
1049,921,14,8.344650268554688e-07,0.303466796875,0.998046875,0.304931640625,0.9990234375
1050,932,14,5.364418029785156e-07,0.797607421875,0.00048828125,0.798583984375,0.001708984375
1051,4,13,5.066394805908203e-07,0.00048828125,0.467041015625,0.001708984375,0.4677734375
1052,103,13,7.152557373046875e-07,0.00048828125,0.2392578125,0.001708984375,0.239990234375
1053,200,13,9.5367431640625e-07,0.998046875,0.935302734375,0.9990234375,0.936767578125
1054,329,13,6.854534149169922e-07,0.998046875,0.415283203125,0.9990234375,0.416748046875
1055,446,13,9.5367431640625e-07,0.00048828125,0.377685546875,0.001708984375,0.379150390625
1056,449,13,1.3113021850585938e-06,0.61181640625,0.998291015625,0.613037109375,0.999755859375
1057,497,13,5.364418029785156e-07,0.5791015625,0.0,0.579833984375,0.0009765625
1058,711,13,8.046627044677734e-07,0.0,0.128173828125,0.0009765625,0.129150390625
1059,976,13,1.0132789611816406e-06,0.893798828125,0.00244140625,0.895751953125,0.003662109375
1060,1002,13,4.76837158203125e-07,0.707275390625,0.0,0.7080078125,0.0009765625
1061,1118,13,7.450580596923828e-07,0.0,0.7548828125,0.0009765625,0.755859375
1062,570,12,5.0961971282958984e-06,0.162841796875,0.004150390625,0.167724609375,0.006103515625
1063,703,12,7.450580596923828e-07,0.00048828125,0.384033203125,0.001708984375,0.385009765625
1064,776,12,5.662441253662109e-07,0.0,0.48974609375,0.0009765625,0.490966796875
1065,819,12,7.450580596923828e-07,0.001220703125,0.496826171875,0.001953125,0.498046875
1066,839,12,6.854534149169922e-07,0.929931640625,0.002197265625,0.930908203125,0.00390625
1067,25,11,6.556510925292969e-07,0.998046875,0.85791015625,0.9990234375,0.859375
1068,236,11,4.172325134277344e-07,0.693359375,0.001220703125,0.6943359375,0.001708984375
1069,415,11,5.066394805908203e-07,0.74072265625,0.000244140625,0.741455078125,0.001708984375
1070,480,11,4.470348358154297e-07,0.365478515625,0.00048828125,0.365966796875,0.00146484375
1071,503,11,7.748603820800781e-07,0.31884765625,0.0,0.320068359375,0.0009765625
1072,16,10,9.5367431640625e-07,0.003173828125,0.544677734375,0.00390625,0.546875
1073,338,10,6.556510925292969e-07,0.431640625,0.001220703125,0.43310546875,0.002685546875
1074,411,10,3.8743019104003906e-07,0.12255859375,0.000244140625,0.12353515625,0.0009765625
1075,749,10,3.8743019104003906e-07,0.107177734375,0.000244140625,0.1083984375,0.000732421875
1076,804,10,2.9206275939941406e-06,0.004150390625,0.35009765625,0.009033203125,0.351806640625
1077,114,9,1.7881393432617188e-07,0.000244140625,0.845458984375,0.000732421875,0.84619140625
1078,235,9,6.556510925292969e-07,0.941162109375,0.00048828125,0.94189453125,0.00146484375
1079,358,9,6.556510925292969e-07,0.0,0.244140625,0.0009765625,0.2451171875
1080,385,9,5.364418029785156e-07,0.0,0.0498046875,0.0009765625,0.05078125
1081,581,9,3.8743019104003906e-07,0.998291015625,0.845703125,0.998779296875,0.84716796875
1082,671,9,3.8743019104003906e-07,0.0,0.78759765625,0.0009765625,0.788330078125
1083,800,9,3.5762786865234375e-07,0.712158203125,0.0,0.712890625,0.0009765625
1084,847,9,1.2814998626708984e-06,0.9970703125,0.95263671875,0.9990234375,0.953857421875
1085,972,9,2.980232238769531e-07,0.76123046875,0.9970703125,0.76171875,0.998779296875
1086,1039,9,1.0728836059570312e-06,0.19482421875,0.00048828125,0.19580078125,0.001708984375
1087,101,8,5.066394805908203e-07,0.0,0.53369140625,0.0009765625,0.53466796875
1088,665,8,4.172325134277344e-07,0.508056640625,0.000244140625,0.50927734375,0.000732421875
1089,697,8,3.2782554626464844e-07,0.664306640625,0.000244140625,0.665283203125,0.000732421875
1090,756,8,4.470348358154297e-07,0.099853515625,0.998291015625,0.1005859375,0.999755859375
1091,3,7,2.980232238769531e-07,0.0,0.75,0.0009765625,0.75048828125
1092,382,7,3.8743019104003906e-07,0.6298828125,0.00048828125,0.630615234375,0.001708984375
1093,752,7,2.384185791015625e-07,0.99853515625,0.941162109375,0.99951171875,0.941650390625
1094,83,5,2.384185791015625e-07,0.606689453125,0.998291015625,0.60693359375,0.999755859375
1095,1117,5,2.384185791015625e-07,0.72265625,0.0,0.72314453125,0.0009765625
1096,234,4,2.682209014892578e-07,0.000244140625,0.8505859375,0.000732421875,0.851318359375
1097,300,4,2.682209014892578e-07,0.6533203125,0.996337890625,0.65380859375,0.99853515625
1098,655,4,5.364418029785156e-07,0.950439453125,0.998291015625,0.951904296875,0.999755859375
1099,792,4,1.7881393432617188e-07,0.200927734375,0.000244140625,0.201904296875,0.000732421875
1100,1012,4,2.682209014892578e-07,0.0,0.660400390625,0.0009765625,0.6611328125
1101,1014,4,3.2782554626464844e-07,0.935302734375,0.0009765625,0.9365234375,0.001953125
1102,392,3,1.7881393432617188e-07,0.000244140625,0.855712890625,0.000732421875,0.8564453125
1103,844,3,2.980232238769531e-07,0.359619140625,0.001220703125,0.36083984375,0.001708984375
1104,1038,3,2.980232238769531e-07,0.0,0.73974609375,0.0009765625,0.740234375
1105,1085,3,1.7881393432617188e-07,0.71728515625,0.000244140625,0.718017578125,0.000732421875
1106,401,2,0.0,0.0,0.79296875,0.0009765625,0.79296875
1107,808,2,0.0,0.000244140625,0.97509765625,0.000732421875,0.97509765625
1108,164,1,8.344650268554688e-07,0.10888671875,0.9970703125,0.10986328125,0.998779296875
1109,233,1,5.960464477539063e-08,0.74609375,0.000244140625,0.746337890625,0.000732421875
1110,265,1,1.5497207641601562e-06,0.61962890625,0.993408203125,0.62060546875,0.99658203125
1111,348,1,3.5762786865234375e-07,0.7724609375,0.998291015625,0.77294921875,0.999755859375
1112,486,1,0.0,0.513671875,0.00048828125,0.5146484375,0.00048828125
1113,543,1,0.0,0.80322265625,0.000244140625,0.80322265625,0.000732421875
1114,591,1,4.172325134277344e-07,0.998291015625,0.27685546875,0.998779296875,0.278564453125
1115,707,1,7.152557373046875e-07,0.001953125,0.551513671875,0.00390625,0.55224609375
1116,881,1,5.960464477539063e-08,0.000244140625,0.923095703125,0.000732421875,0.92333984375
1117,1021,1,2.980232238769531e-07,0.2841796875,0.001220703125,0.285400390625,0.001708984375
1118,1044,1,2.682209014892578e-07,0.48974609375,0.00341796875,0.491943359375,0.003662109375
1119,1045,1,4.172325134277344e-07,0.998291015625,0.270751953125,0.998779296875,0.2724609375
