rank,island_id,faces,summed_uv_area,min_u,min_v,max_u,max_v
0,1468,310,0.006251771504815115,0.05591798573732376,0.001537138014100492,0.2069379985332489,0.04637892171740532
1,1176,284,0.0013495680792443565,0.410808801651001,0.5209138989448547,0.43779879808425903,0.5989691615104675
2,116,228,0.0013056608711612405,0.14398720860481262,0.42331063747406006,0.1713802069425583,0.5159392952919006
3,368,177,0.0008160888831318935,0.6800009608268738,0.1750165969133377,0.7406148910522461,0.20179596543312073
4,115,171,0.0010546826287642919,0.17661041021347046,0.31124377250671387,0.20079673826694489,0.4165201187133789
5,1287,163,0.000623135889439963,0.6800009608268738,0.11282526701688766,0.7409507036209106,0.13862133026123047
6,568,132,0.0029074562995798914,0.44087305665016174,0.5209138989448547,0.49730679392814636,0.5974484086036682
7,1173,127,0.00065008678425027,0.09611723572015762,0.5209138989448547,0.11101100593805313,0.6044451594352722
8,710,102,0.00031001046098966256,0.06654445827007294,0.7438515424728394,0.07902668416500092,0.7944748401641846
9,1670,101,0.002253386471573915,0.07960077375173569,0.6080798506736755,0.11102695763111115,0.6788997650146484
10,114,86,0.0004937712195731692,0.5274102687835693,0.39257487654685974,0.601063072681427,0.40528589487075806
11,383,82,0.0007083360460899968,0.49462705850601196,0.7438515424728394,0.5174666047096252,0.7906205058097839
12,1145,81,0.00047495347220616324,0.2100123167037964,0.2863216698169708,0.31951606273651123,0.2980680465698242
13,24,79,0.0018070902808939027,0.05591800436377525,0.04945320636034012,0.1992473602294922,0.08631303161382675
14,25,77,0.0018894620347593982,0.055917996913194656,0.08938729763031006,0.1964133381843567,0.12869462370872498
15,205,77,0.000246953253296045,0.15601074695587158,0.6080797910690308,0.1626223474740982,0.6796798706054688
16,98,71,0.000173602991218047,0.5187796354293823,0.5209138989448547,0.522267758846283,0.5986995100975037
17,134,71,0.0015801497024370281,0.039730727672576904,0.17721430957317352,0.06944219022989273,0.30187347531318665
18,202,67,0.00022551571568030226,0.5274102091789246,0.5375429391860962,0.6005408763885498,0.5443921685218811
19,2346,67,9.056511253557886e-05,0.23095032572746277,0.52091383934021,0.24204833805561066,0.6019355654716492
20,249,66,0.0020608920325154573,0.0015371397603303194,0.0015371411573141813,0.05284370854496956,0.1741400510072708
21,1685,66,0.001124110912639878,0.02244623936712742,0.17721432447433472,0.036656446754932404,0.30280810594558716
22,1288,64,0.00021760789287128546,0.6000124216079712,0.8364201188087463,0.6130270957946777,0.8646407127380371
23,78,63,0.00016979596439359312,0.3190155625343323,0.31124377250671387,0.3224542438983917,0.3903253972530365
24,512,63,0.0009393236103305558,0.13318650424480438,0.17721432447433472,0.14791658520698547,0.2974799871444702
25,746,63,0.0009796114297446201,0.2100123018026352,0.08877799659967422,0.32321324944496155,0.09959016740322113
26,1641,63,0.0016943916382660684,0.07251644134521484,0.17721432447433472,0.09661270678043365,0.3018876314163208
27,94,62,6.600854112370769e-05,0.6089468598365784,0.4317108690738678,0.6733471751213074,0.43830570578575134
28,1144,61,0.00033374461525736976,0.210012286901474,0.13016767799854279,0.3218815326690674,0.14142288267612457
29,642,60,0.0014607584004660001,0.231306254863739,0.42331063747406006,0.2687565088272095,0.5146838426589966
30,136,59,0.00037685898765627,0.5274102091789246,0.3355471193790436,0.6015602350234985,0.3513326048851013
31,745,59,0.0005295768997372607,0.6800009608268738,0.012667088769376278,0.7423074245452881,0.02352721244096756
32,118,57,0.0016487744034314744,0.4338114559650421,0.1867629885673523,0.5219324827194214,0.21469521522521973
33,497,57,0.00039207252256012737,0.743227481842041,0.798340380191803,0.7618102431297302,0.8290438652038574
34,799,57,0.0006021990297984114,0.210012286901474,0.24258525669574738,0.3207293450832367,0.26196107268333435
35,146,56,1.398505821903484e-05,0.2579445242881775,0.8364201188087463,0.2602108120918274,0.8663654327392578
36,1178,56,3.969426224870176e-05,0.7349434494972229,0.7438516020774841,0.7392567992210388,0.7892204523086548
37,1467,56,0.001303480610134189,0.055917978286743164,0.1564517617225647,0.18538063764572144,0.1728372871875763
38,290,55,0.0012637502897350217,0.6800009608268738,0.4167933166027069,0.7374585866928101,0.44841721653938293
39,1028,55,0.00116991032686814,0.05591800436377525,0.13176892697811127,0.18992893397808075,0.1533774733543396
40,1192,55,6.220460359607216e-05,0.5655488967895508,0.6837517619132996,0.569564700126648,0.7368389368057251
41,1219,54,3.3431939222339224e-05,0.6089468598365784,0.5129312872886658,0.6723963618278503,0.5173129439353943
42,1387,54,0.00032179418595168485,0.1132105365395546,0.798340380191803,0.12873512506484985,0.8323940634727478
43,2300,54,7.24381986652034e-05,0.4760463237762451,0.6080798506736755,0.486773818731308,0.6771185398101807
44,54,53,4.189244091934441e-05,0.20252634584903717,0.6837517619132996,0.20776671171188354,0.7398887276649475
45,1459,53,0.0009416976164660085,0.14792630076408386,0.3112437427043915,0.17353612184524536,0.4164874255657196
46,2022,53,0.0008183362304912123,0.19206365942955017,0.52091383934021,0.20904800295829773,0.6032461524009705
47,420,52,5.297825232108977e-05,0.6800009608268738,0.40500226616859436,0.7392104864120483,0.41371914744377136
48,1455,52,0.0009415657118035936,0.2100123018026352,0.2201649248600006,0.320779949426651,0.23951098322868347
49,182,51,7.448286498279444e-05,0.6800009608268738,0.21430975198745728,0.7413820028305054,0.2207007259130478
50,1136,51,0.0010211803161763629,0.0015371403424069285,0.3112437427043915,0.040038228034973145,0.4200536906719208
51,2345,51,8.648208621853115e-05,0.27331823110580444,0.52091383934021,0.2833116054534912,0.6007803678512573
52,55,50,4.5176508798761006e-05,0.6089469194412231,0.49879440665245056,0.6723019480705261,0.5098569989204407
53,580,50,5.0253680972112136e-05,0.6800009608268738,0.3272486925125122,0.7401883006095886,0.33712631464004517
54,241,49,0.0014015329169013713,0.32774510979652405,0.03950176388025284,0.42951878905296326,0.06290006637573242
55,1055,49,0.001036714475326772,0.4338114857673645,0.058610737323760986,0.5234752297401428,0.08025665581226349
56,1625,49,0.0003653321364467388,0.32774507999420166,0.3661755621433258,0.42283177375793457,0.37753647565841675
57,1856,49,0.00020830612611488775,0.16569657623767853,0.6080797910690308,0.174579456448555,0.6795287132263184
58,800,48,0.00042843583239204897,0.2100123018026352,0.12070312350988388,0.3223269581794739,0.12709346413612366
59,1179,48,3.307717782163877e-05,0.7455297708511353,0.6385897994041443,0.7861606478691101,0.6423786282539368
60,2659,48,0.0010273719276598925,0.09968701750040054,0.17721432447433472,0.1126832515001297,0.2996559739112854
61,129,47,5.979016588675279e-05,0.6981977224349976,0.6837517619132996,0.7018749117851257,0.7360119223594666
62,162,47,0.00041960049966816015,0.32774510979652405,0.38061079382896423,0.4228461980819702,0.3904273509979248
63,801,47,0.0004766752955019937,0.210012286901474,0.06944681704044342,0.3238236904144287,0.08570374548435211
64,2085,47,0.0007525807370852358,0.2100123018026352,0.0015371287008747458,0.32467082142829895,0.026173913851380348
65,128,46,7.512816912236264e-05,0.7455297708511353,0.01953313499689102,0.7907553315162659,0.022439245134592056
66,168,46,0.00045467946547006477,0.5274102687835693,0.5052085518836975,0.6002758145332336,0.5219417810440063
67,1035,46,0.0013811963716684212,0.0015371537301689386,0.17721432447433472,0.019371958449482918,0.30816948413848877
68,3269,46,0.0003023224662301871,0.6800010204315186,0.20487025380134583,0.7414953708648682,0.21123546361923218
69,96,45,7.620951681985844e-05,0.4338114857673645,0.4505493640899658,0.5196582674980164,0.4562467932701111
70,126,45,7.482813214920725e-05,0.45546436309814453,0.7438515424728394,0.4588824510574341,0.7918494939804077
71,239,45,0.00048816925611894213,0.12799867987632751,0.31124377250671387,0.14485204219818115,0.4179286062717438
72,279,45,0.0008972823488895276,0.32774510979652405,0.13991370797157288,0.42714792490005493,0.1573406159877777
73,1500,45,4.948109657121336e-06,0.8670147061347961,0.5757265686988831,0.8902474641799927,0.5775649547576904
74,1635,45,4.484818695438264e-05,0.6800009608268738,0.6789800524711609,0.7349629998207092,0.6804274916648865
75,794,44,0.001294869128810383,0.210012286901474,0.14449720084667206,0.32076242566108704,0.17310203611850739
76,2082,44,0.0006949553026203148,0.2100123167037964,0.10266445577144623,0.3221023976802826,0.1176287904381752
77,357,43,0.00045231340140117204,0.4338114261627197,0.14892233908176422,0.5225874185562134,0.16476431488990784
78,779,43,0.00047547768886713193,0.32774510979652405,0.10320176184177399,0.4290221333503723,0.1142495796084404
79,1011,43,0.0012809704093269536,0.04311252012848854,0.31124377250671387,0.058614332228899,0.42023634910583496
80,1140,43,0.0005129951109577036,0.5274102091789246,0.30657267570495605,0.6020309925079346,0.32038506865501404
81,1669,43,0.0009513843915818221,0.20387102663516998,0.31124377250671387,0.22950221598148346,0.4155064523220062
82,2756,43,0.00020483829583106683,0.44716760516166687,0.6080798506736755,0.46362176537513733,0.6771406531333923
83,795,42,0.0011445733786540901,0.2100122720003128,0.02924821898341179,0.32460489869117737,0.05037258565425873
84,1201,42,7.870197949255697e-05,0.6800010204315186,0.48093441128730774,0.7378829717636108,0.49499139189720154
85,2151,42,0.0002923003784764955,0.2100123167037964,0.3011423647403717,0.31563106179237366,0.3075476288795471
86,2173,42,5.968498340747086e-05,0.4338114559650421,0.0833309143781662,0.5237081050872803,0.09935455024242401
87,9,41,0.0008032157308082155,0.25440719723701477,0.31124377250671387,0.2657517194747925,0.41544613242149353
88,135,41,0.00021083903003749072,0.37908563017845154,0.5209138989448547,0.3920817971229553,0.5997854471206665
89,197,41,0.0006104557622603757,0.11575748026371002,0.1772143542766571,0.1301121711730957,0.29935958981513977
90,236,41,2.940482927549226e-05,0.601306676864624,0.6080797910690308,0.6056219339370728,0.6746968626976013
91,252,41,0.0009323488541342906,0.32774513959884644,0.0799500048160553,0.42909812927246094,0.10012748092412949
92,870,41,0.0007384933278623551,0.17023639380931854,0.17721432447433472,0.1832001805305481,0.29324615001678467
93,35,40,0.0009392702591586449,0.32774513959884644,0.013635697774589062,0.42985859513282776,0.03642750903964043
94,209,40,0.0008806148886724152,0.23257648944854736,0.31124377250671387,0.2513329088687897,0.4151374399662018
95,1160,40,2.9127923362182173e-05,0.1978880912065506,0.7438515424728394,0.2009112387895584,0.7934818863868713
96,2156,40,0.0002035099830859366,0.6089468598365784,0.44138002395629883,0.6728222370147705,0.4551814794540405
97,2654,40,0.00042164989048787405,0.32774507999420166,0.32754582166671753,0.4235415458679199,0.3478635251522064
98,3134,40,0.00023283799554763007,0.32774507999420166,0.2264835089445114,0.42577216029167175,0.2459019124507904
99,10,39,0.0008378278677648732,0.08088288456201553,0.31124377250671387,0.09229989349842072,0.4198459982872009
100,160,39,0.00037221895904426816,0.2114512175321579,0.42331060767173767,0.2282319962978363,0.5157243609428406
101,666,39,0.0008657936493989826,0.6089468598365784,0.08809829503297806,0.6750891804695129,0.12003733217716217
102,762,39,0.000677652979294785,0.02378656715154648,0.42331063747406006,0.043282318860292435,0.5177157521247864
103,970,39,0.0005259610713185259,0.4338115155696869,0.10242882370948792,0.5235786437988281,0.11459295451641083
104,972,39,0.0009259696754455593,0.2100123167037964,0.26503536105155945,0.32008984684944153,0.2832473814487457
105,1036,39,0.0010414671620599947,0.1862744688987732,0.1772143393754959,0.20367904007434845,0.29188552498817444
106,1692,39,0.0014893548165906267,0.15756343305110931,0.52091383934021,0.18898935616016388,0.6025645136833191
107,1787,39,0.001029564274722894,0.42488840222358704,0.798340380191803,0.4505530595779419,0.8305539488792419
108,2011,39,0.0008775767574753512,0.07888077944517136,0.42331066727638245,0.10067571699619293,0.5164533257484436
109,2092,39,0.0007287616323735646,0.0953742265701294,0.31124377250671387,0.10574626177549362,0.41877099871635437
110,2784,39,6.759866765992939e-05,0.33515065908432007,0.6837517619132996,0.338645339012146,0.7385733723640442
111,3116,39,0.0012186198239061419,0.32774510979652405,0.11732388287782669,0.42738449573516846,0.13683944940567017
112,5,38,0.0008148509185335051,0.28683608770370483,0.31124377250671387,0.30006590485572815,0.41449880599975586
113,101,38,5.3645052529915915e-05,0.6902446746826172,0.6837517619132996,0.6951234340667725,0.7360254526138306
114,154,38,0.0008122194392092309,0.0015371403424069285,0.42331060767173767,0.020712286233901978,0.5178395509719849
115,353,38,7.116891471481424e-05,0.2267550230026245,0.6837517619132996,0.22956614196300507,0.739799976348877
116,807,38,0.0006422839965978255,0.5274102687835693,0.5474664568901062,0.5997326374053955,0.5703967809677124
117,1029,38,0.0009942149346716667,0.10374999791383743,0.42331060767173767,0.11729680746793747,0.5168124437332153
118,1169,38,0.00098551805563174,0.32774510979652405,0.27812695503234863,0.42442587018013,0.29481738805770874
119,1170,38,0.0010203913731023917,0.2688260078430176,0.31124377250671387,0.28376179933547974,0.4145156145095825
120,1671,38,8.751764030900944e-05,0.4439789056777954,0.6837517619132996,0.4559181332588196,0.7370960116386414
121,1796,38,0.0008209604159521433,0.4338114559650421,0.45932117104530334,0.5186044573783875,0.47501468658447266
122,2527,38,0.0007346923583037013,0.2100123167037964,0.05344688892364502,0.3246428668498993,0.0663725882768631
123,8,37,0.0007936516519928549,0.32774510979652405,0.1757795661687851,0.4273327589035034,0.18898218870162964
124,246,37,0.0005406551952251704,0.36927562952041626,0.6080798506736755,0.38114607334136963,0.677753210067749
125,301,37,0.0003089712986508175,0.20142585039138794,0.42331060767173767,0.2083769589662552,0.5168064832687378
126,385,37,0.0008397672175406434,0.32774510979652405,0.20748484134674072,0.4262872040271759,0.22340920567512512
127,483,37,0.0011570846570047033,0.2100123018026352,0.17617633938789368,0.3214164972305298,0.1913754791021347
128,999,37,0.0003836470457886376,0.4338114559650421,0.11766723543405533,0.5232886672019958,0.1320488154888153
129,1064,37,0.0006229245777085168,0.5274102091789246,0.573471188545227,0.5997512340545654,0.5928743481636047
130,1077,37,0.0009148167652845984,0.6089469194412231,0.5759212374687195,0.670791745185852,0.6073034405708313
131,1153,37,0.0005531278286388108,0.4338114857673645,0.4053002595901489,0.5189197659492493,0.4298779368400574
132,1191,37,4.913785683768879e-05,0.7284513115882874,0.7438515424728394,0.7318691611289978,0.7894776463508606
133,1710,37,0.0009783427779933573,0.12037111073732376,0.42331063747406006,0.14091293513774872,0.5162999629974365
134,2088,37,0.0010982612725267682,0.15099087357521057,0.1772143393754959,0.16716213524341583,0.2941887080669403
135,3124,37,0.000394463695492675,0.35331258177757263,0.5209138989448547,0.36456912755966187,0.6002131700515747
136,22,36,1.4616231577058159e-05,0.47349080443382263,0.7983403205871582,0.4761902391910553,0.8314392566680908
137,41,36,0.0010159881709130847,0.06304948031902313,0.5209138989448547,0.08071798831224442,0.6043948531150818
138,222,36,0.0006930847016461961,0.32774510979652405,0.3509378433227539,0.42293694615364075,0.36310139298439026
139,433,36,0.00033034384400210115,0.4338114857673645,0.29581454396247864,0.5199540853500366,0.3138646185398102
140,789,36,0.000794392661783494,0.32774510979652405,0.3935016095638275,0.422031044960022,0.41771405935287476
141,826,36,0.0003045936052509246,0.32774510979652405,0.06597431749105453,0.4297404885292053,0.07687567174434662
142,1034,36,0.0013912016739295319,0.061688587069511414,0.31124377250671387,0.07780860364437103,0.42015668749809265
143,1123,36,2.9005379840185697e-06,0.9180300235748291,0.12711268663406372,0.9333775043487549,0.12834754586219788
144,1154,36,9.080479094780713e-05,0.5274102091789246,0.1666872352361679,0.6045545935630798,0.1762094497680664
145,1368,36,0.0003455405823653557,0.32774510979652405,0.1604148894548416,0.4273829460144043,0.1727052927017212
146,1382,36,6.002286613782104e-05,0.21084100008010864,0.6837517619132996,0.21437744796276093,0.7398433089256287
147,1631,36,0.0011593280255665084,0.2100123167037964,0.19444972276687622,0.3208794891834259,0.21709062159061432
148,1707,36,0.0002846077840605865,0.17254939675331116,0.7438516020774841,0.1805785596370697,0.7938148975372314
149,2072,36,0.0012197738845720618,0.32774510979652405,0.24897617101669312,0.4247473478317261,0.27505266666412354
150,2766,36,8.924342329352797e-05,0.5274101495742798,0.21774066984653473,0.604631781578064,0.2235972136259079
151,102,35,0.0007519191147147275,0.37866929173469543,0.42331063747406006,0.40727245807647705,0.5135441422462463
152,177,35,0.0004104217622145079,0.4338115155696869,0.25751519203186035,0.5221180319786072,0.26839324831962585
153,238,35,0.0002587697985418913,0.4338114857673645,0.34959933161735535,0.5201689600944519,0.35601872205734253
154,571,35,3.718235833893857e-05,0.4013271927833557,0.7438515424728394,0.403461217880249,0.7922133803367615
155,579,35,2.9548980934102076e-05,0.7455297112464905,0.38713809847831726,0.7882432341575623,0.3889261484146118
156,763,35,0.0004934882337672697,0.11410123854875565,0.6080798506736755,0.13570712506771088,0.6791355013847351
157,1008,35,0.0011385176190783497,0.41034674644470215,0.42331063747406006,0.426277220249176,0.5140951871871948
158,1152,35,0.0005515833640594714,0.4338115155696869,0.2714674770832062,0.5211397409439087,0.29274022579193115
159,1639,35,0.0001665235671080012,0.5203033685684204,0.6080798506736755,0.526887059211731,0.6766142249107361
160,1734,35,0.0007836259847024962,0.2718307673931122,0.42331063747406006,0.28580227494239807,0.515298068523407
161,1829,35,0.0009313363114928919,0.4898480772972107,0.6080798506736755,0.5103394389152527,0.6762095093727112
162,1836,35,0.0006960669504840755,0.06047546863555908,0.42331066727638245,0.07580649852752686,0.5174190402030945
163,2162,35,0.0003743044304274079,0.1744544357061386,0.42331063747406006,0.18223120272159576,0.5167996883392334
164,2251,35,0.0006867438887199918,0.32774507999420166,0.001537150121293962,0.430737167596817,0.01056142058223486
165,2767,35,8.880332922434064e-05,0.5274102091789246,0.323459267616272,0.6020200848579407,0.3324727714061737
166,179,34,0.0004040398410745105,0.4338114559650421,0.31693896651268005,0.5199686288833618,0.32891181111335754
167,331,34,0.0009400211516590318,0.32774510979652405,0.29789161682128906,0.4238865375518799,0.32447150349617004
168,816,34,0.0006609413259482458,0.5274101495742798,0.0015371434856206179,0.6058725714683533,0.015452772378921509
169,1172,34,0.0010218394425933752,0.10882049053907394,0.31124377250671387,0.12492436915636063,0.41827836632728577
170,1341,34,8.448421919382554e-05,0.5274102091789246,0.4803817570209503,0.6011853814125061,0.48581552505493164
171,1614,34,0.0007747509970905675,0.3469012677669525,0.42331063747406006,0.36345458030700684,0.5143707394599915
172,2097,34,0.00031434866574375775,0.25738525390625,0.52091383934021,0.27024394273757935,0.6014000773429871
173,2309,34,0.0004080165373441247,0.4338114857673645,0.4329521954059601,0.5193395614624023,0.4474751055240631
174,2543,34,0.0007026163542178665,0.4225025177001953,0.6080797910690308,0.4440933167934418,0.6769928932189941
175,2645,34,0.0006459267298257743,0.4338114559650421,0.3319859802722931,0.5198081135749817,0.34652501344680786
176,3153,34,0.0005287629986456821,0.6800009608268738,0.22377505898475647,0.7408969402313232,0.23983719944953918
177,3158,34,0.0004954968943293725,0.18530553579330444,0.42331063747406006,0.19835151731967926,0.516507625579834
178,132,33,0.0005046772741783556,0.5274102091789246,0.48888981342315674,0.6007219552993774,0.5021342039108276
179,142,33,3.0220416824100482e-05,0.7455297112464905,0.3305015563964844,0.7884699702262878,0.33608826994895935
180,253,33,0.0006937055234033096,0.6800009608268738,0.5674364566802979,0.7367823719978333,0.5917194485664368
181,584,33,1.1012086869044424e-05,0.8366196751594543,0.4235612154006958,0.8627484440803528,0.42463621497154236
182,981,33,0.0011932348435630402,0.6089469194412231,0.3453148603439331,0.6734457612037659,0.36804112792015076
183,1074,33,0.0006462007132697067,0.5632780194282532,0.7438516020774841,0.5885433554649353,0.7896055579185486
184,1118,33,0.0007292713759570191,0.32768121361732483,0.5209138989448547,0.35023829340934753,0.5997048020362854
185,2023,33,0.0006283811189806698,0.32774513959884644,0.19205646216869354,0.42716237902641296,0.20441055297851562
186,2090,33,0.0005786345991629638,0.36652883887290955,0.42331063747406006,0.37559497356414795,0.5145506262779236
187,2544,33,0.00033791440986219445,0.6089469194412231,0.032000940293073654,0.6766122579574585,0.039629384875297546
188,2634,33,0.0006613846023522107,0.5274102091789246,0.17928367853164673,0.6041744351387024,0.19611534476280212
189,3271,33,4.810200532112674e-05,0.6089468598365784,0.6756035089492798,0.6694561243057251,0.6779029369354248
190,144,32,0.0002961304644344409,0.4036673903465271,0.6080798506736755,0.4194282591342926,0.6774428486824036
191,596,32,0.00043641022172113964,0.6800009608268738,0.28266748785972595,0.7405064702033997,0.295163094997406
192,670,32,0.0008871228689373289,0.7455297708511353,0.12070097029209137,0.7892798781394958,0.14466261863708496
193,788,32,0.0006017501650046331,0.4338114857673645,0.041494205594062805,0.5239516496658325,0.055536460131406784
194,1007,32,0.0004729222371526731,0.6089468598365784,0.264224648475647,0.6744310259819031,0.27820703387260437
195,1133,32,0.000271173828874538,0.5274102687835693,0.4253024756908417,0.6009619832038879,0.43754178285598755
196,1134,32,0.0002535001221074529,0.03578868508338928,0.6080798506736755,0.04569556936621666,0.6802458763122559
197,1171,32,0.0007736678433887256,0.4338114857673645,0.3730616569519043,0.5194830298423767,0.3886326551437378
198,1199,32,0.0002762192990850565,0.3473592698574066,0.6080798506736755,0.3574424982070923,0.6780636310577393
199,1354,32,0.00039523025385790334,0.7288985848426819,0.8364201188087463,0.7439095377922058,0.863565981388092
200,1617,32,0.00022964470068265186,0.7455297112464905,0.22536225616931915,0.7893739938735962,0.23384162783622742
201,1744,32,0.000254580336628063,0.183652862906456,0.7438515424728394,0.1948138028383255,0.7935454845428467
202,1865,32,3.744531921334726e-05,0.7938632369041443,0.5352426171302795,0.8305665850639343,0.537887454032898
203,2089,32,0.0006205687758287226,0.2637122869491577,0.6837517619132996,0.27864310145378113,0.738684356212616
204,2356,32,0.0006510118883089611,0.28887659311294556,0.42331063747406006,0.3019793629646301,0.5148354172706604
205,3109,32,0.0004063929387394527,0.5274102091789246,0.09211340546607971,0.6050713062286377,0.1046290472149849
206,176,31,0.000350936100243171,0.5274102091789246,0.1367889642715454,0.6049426198005676,0.1458103507757187
207,178,31,0.0003748788363013844,0.30191364884376526,0.5209138989448547,0.31058868765830994,0.6005312204360962
208,573,31,0.0005800260420749659,0.5274102091789246,0.1488846391439438,0.6043677926063538,0.16361293196678162
209,717,31,0.0007125622355719785,0.5274101495742798,0.01852704957127571,0.6052942276000977,0.042778074741363525
210,764,31,0.000578341819974959,0.018008776009082794,0.52091383934021,0.04040911793708801,0.6042847037315369
211,819,31,0.0006335549140361781,0.4338114857673645,0.001537132658995688,0.5243358612060547,0.02231639437377453
212,1047,31,0.0001166751216574724,0.36764341592788696,0.5209138989448547,0.37601137161254883,0.600045919418335
213,1165,31,0.0006718579325444285,0.4338114857673645,0.21776950359344482,0.5222313404083252,0.23851998150348663
214,2013,31,0.0006381109725834833,0.30314022302627563,0.31124377250671387,0.31594133377075195,0.4144088923931122
215,2035,31,0.0006435774318194198,0.3317902088165283,0.42331063747406006,0.3438270092010498,0.5146523714065552
216,2059,31,0.0007036376820606927,0.01315219234675169,0.6837517619132996,0.030237523838877678,0.7403354048728943
217,2222,31,0.00040783229218721573,0.2187827080488205,0.6080798506736755,0.22823409736156464,0.6792047023773193
218,2323,31,0.00037548463178183056,0.5274101495742798,0.061252932995557785,0.6057014465332031,0.0718335211277008
219,2385,31,1.9793542541002296e-05,0.31286853551864624,0.7438515424728394,0.3149416148662567,0.7930595278739929
220,2632,31,0.0005495688038550384,0.4338114857673645,0.35909298062324524,0.5199076533317566,0.3699873983860016
221,11,30,0.0005247316901995092,0.06307312846183777,0.6080797910690308,0.07652649283409119,0.6799667477607727
222,29,30,1.7304315733213116e-05,0.7455297112464905,0.538322925567627,0.7872512340545654,0.5400445461273193
223,86,30,0.0006997393381849015,0.7455297112464905,0.055329978466033936,0.7891601324081421,0.08479881286621094
224,103,30,0.000646296535433244,0.4338114261627197,0.4780888855457306,0.5185609459877014,0.49411365389823914
225,232,30,0.0005510382804712055,0.04876985028386116,0.6080797910690308,0.059998851269483566,0.6801003217697144
226,594,30,0.0003396171671061765,0.5274102091789246,0.1197940856218338,0.604720950126648,0.1337146759033203
227,595,30,0.0003068154712555504,0.5274102091789246,0.24231275916099548,0.6038669943809509,0.25338783860206604
228,660,30,0.0005536842498639061,0.38422033190727234,0.6080798506736755,0.400593101978302,0.6775272488594055
229,748,30,0.00028417302097238917,0.5274102091789246,0.5250159502029419,0.600626528263092,0.5344685912132263
230,817,30,0.0005997354058320248,0.5274101495742798,0.045852355659008026,0.6058467030525208,0.058178599923849106
231,969,30,0.00045092622914921776,0.5274102091789246,0.1077033281326294,0.6052122116088867,0.1167198121547699
232,1002,30,0.0004668763695353795,0.4338114857673645,0.02539067529141903,0.5240231156349182,0.03841988742351532
233,1042,30,0.0006858691757161695,0.046356599777936935,0.42331060767173767,0.05740118771791458,0.5177217125892639
234,1049,30,0.00010181952734100719,0.5274102091789246,0.29615524411201477,0.6033055782318115,0.30349838733673096
235,1083,30,0.00039678910435281267,0.5274102687835693,0.44061604142189026,0.6008450388908386,0.45513424277305603
236,1141,30,0.00023793099308377919,0.38901835680007935,0.6837517619132996,0.3979324400424957,0.7376330494880676
237,1544,30,0.00011512360095800034,0.5274102091789246,0.4726966917514801,0.6012561917304993,0.4773074984550476
238,1545,30,0.00013598484181276405,0.5274102091789246,0.3544068932533264,0.6017143726348877,0.35951390862464905
239,1909,30,3.054542858116349e-05,0.7172316312789917,0.8364201188087463,0.7202211618423462,0.8644030690193176
240,2024,30,0.0005533289690529131,0.4338114857673645,0.1351230889558792,0.5230684876441956,0.14584806561470032
241,2121,30,0.0008614789853058635,0.4338114857673645,0.24159421026706696,0.5221875905990601,0.25444087386131287
242,2629,30,0.0003947428645130202,0.6800010204315186,0.36736783385276794,0.7391837239265442,0.3863673806190491
243,2780,30,0.0010256974044304812,0.3050536811351776,0.42331060767173767,0.3287159502506256,0.5142842531204224
244,2783,30,0.0001689961225146419,0.5497966408729553,0.6080798506736755,0.5554431676864624,0.6765496134757996
245,3276,30,4.070299784864062e-05,0.5134137272834778,0.6080797910690308,0.5172290205955505,0.6769226789474487
246,12,29,0.000490625214529139,0.3334711492061615,0.6080798506736755,0.3442849814891815,0.6781154870986938
247,44,29,0.000728260542325998,0.21212227642536163,0.52091383934021,0.22787605226039886,0.6024258136749268
248,229,29,1.8216313589114463e-05,0.7455297112464905,0.4258136451244354,0.7879400253295898,0.4276789724826813
249,758,29,0.0004854653794819086,0.4338115453720093,0.3917069435119629,0.5197082757949829,0.40222591161727905
250,780,29,0.0009830730679958322,0.17765377461910248,0.6080798506736755,0.20412443578243256,0.6786124110221863
251,790,29,0.0005418748581806909,0.5003811717033386,0.5209138989448547,0.5157053470611572,0.5993964672088623
252,1117,29,0.0003236632439493903,0.3096739947795868,0.6080798506736755,0.3200044333934784,0.6782577037811279
253,1166,29,0.0005781187321474146,0.4338114857673645,0.16783860325813293,0.5225750207901001,0.1836887151002884
254,1644,29,0.0006345595046495234,0.4338114857673645,0.49718791246414185,0.517985999584198,0.5119131803512573
255,1701,29,7.724823525345759e-05,0.7455297112464905,0.0255135390907526,0.7905440926551819,0.028478987514972687
256,1852,29,0.00025564308518921663,0.24512261152267456,0.5209138989448547,0.2543109655380249,0.6016424894332886
257,2020,29,1.2839974568024104e-05,0.7938631176948547,0.7169374823570251,0.8292070627212524,0.7232056856155396
258,2285,29,0.0005041440893411853,0.14346493780612946,0.5209138989448547,0.1544891744852066,0.6040527820587158
259,2662,29,0.0003872367086212511,0.001537167001515627,0.5209138989448547,0.014934522099792957,0.6050055623054504
260,3128,29,0.0002884863326855225,0.5274102091789246,0.5959485769271851,0.6001036763191223,0.6014087200164795
261,106,28,4.459852406757392e-05,0.17929261922836304,0.7983403205871582,0.18113838136196136,0.8325475454330444
262,283,28,0.0009327804285081953,0.7455296516418457,0.7365856766700745,0.7843353152275085,0.7703959345817566
263,921,28,0.0009545237341903601,0.7938631176948547,0.6577562093734741,0.8285695910453796,0.6837788224220276
264,1137,28,0.000503498337900421,0.5274102091789246,0.1991896629333496,0.6042301654815674,0.2146664261817932
265,1686,28,0.0010383658683306152,0.5274102091789246,0.25646212697029114,0.6029976606369019,0.27498582005500793
266,1733,28,0.00034672434998617163,0.10270670801401138,0.6837517619132996,0.11677967756986618,0.7399735450744629
267,1843,28,7.906970419391257e-05,0.6089468598365784,0.6103776097297668,0.6716670989990234,0.6167888641357422
268,1870,28,0.0005336321818010248,0.6089469194412231,0.37111541628837585,0.673398494720459,0.3904933035373688
269,2168,28,0.0006747536081357433,0.001537167001515627,0.6080798506736755,0.014859583228826523,0.6806774735450745
270,2657,28,0.0002588088216297635,0.4666960835456848,0.6080798506736755,0.4729720652103424,0.6775580048561096
271,2768,28,0.00045855257653037995,0.5274102091789246,0.4582085609436035,0.6009200811386108,0.4696224331855774
272,165,27,0.00046938439872779014,0.5274102687835693,0.36258813738822937,0.601357638835907,0.3738165497779846
273,194,27,0.0002536189917909937,0.3605167269706726,0.6080797910690308,0.3662013113498688,0.6780645251274109
274,195,27,0.00023057063926168464,0.6089469194412231,0.05337124317884445,0.6764535307884216,0.059550315141677856
275,210,27,2.245808547840511e-05,0.35994914174079895,0.7438516020774841,0.3638363480567932,0.7927038669586182
276,240,27,0.0010186885399263712,0.0434834249317646,0.5209138989448547,0.05997522175312042,0.6045577526092529
277,265,27,0.00019922565261154546,0.7455296516418457,0.6709392070770264,0.7857843041419983,0.681175947189331
278,617,27,0.00022311604912417238,0.6516485810279846,0.6837517619132996,0.6611070036888123,0.7361570000648499
279,786,27,0.0006359883713686898,0.2882992625236511,0.6080797910690308,0.3065997362136841,0.6778644323348999
280,1650,27,0.00026625560982695973,0.20719872415065765,0.6080797910690308,0.2157084345817566,0.6792652010917664
281,1719,27,0.0003683476181297607,0.6641812920570374,0.6837517619132996,0.6785228252410889,0.7358103394508362
282,1912,27,9.716667755732544e-05,0.25639185309410095,0.6837517619132996,0.260638028383255,0.7394090890884399
283,2170,27,0.0005292904689975231,0.2863858640193939,0.52091383934021,0.29883939027786255,0.6005671620368958
284,2286,27,0.0008233362655774012,0.6089468598365784,0.06262459605932236,0.6755725145339966,0.08502400666475296
285,2439,27,0.00024160632269687454,0.6089468598365784,0.4066862463951111,0.6733043789863586,0.41760045289993286
286,2462,27,1.9603305034365803e-05,0.7192642092704773,0.7438515424728394,0.7198646664619446,0.7897313237190247
287,2653,27,0.00026038464293609564,0.3230787515640259,0.6080797910690308,0.3303968906402588,0.6783627271652222
288,2794,27,0.0008745575794701921,0.3951560854911804,0.5209138989448547,0.40773454308509827,0.5997757911682129
289,3089,27,0.0004932245776636535,0.6089468598365784,0.6554218530654907,0.6709619164466858,0.6725292801856995
290,23,26,0.00029953046754371826,0.6089469194412231,0.39356765151023865,0.6738207340240479,0.40361207723617554
291,95,26,5.188137601397358e-05,0.37462571263313293,0.6837517619132996,0.3772517442703247,0.738281786441803
292,99,26,0.000779551096907305,0.5274102091789246,0.40836024284362793,0.6009514927864075,0.42222824692726135
293,145,26,0.000177149243616892,0.6800009608268738,0.24291150271892548,0.741215705871582,0.2525162398815155
294,170,26,0.00028435030131435113,0.6089468598365784,0.20684541761875153,0.6754332780838013,0.21932175755500793
295,782,26,0.0009004519089748086,0.4010067284107208,0.6837517619132996,0.42933136224746704,0.7365691661834717
296,1098,26,0.000681154846105203,0.07882285118103027,0.6837517619132996,0.09963242709636688,0.7399129271507263
297,1225,26,0.0001098672465182915,0.7938631772994995,0.5690646767616272,0.8301204442977905,0.5747280120849609
298,1226,26,0.00010986924860523217,0.20061229169368744,0.798340380191803,0.20644164085388184,0.8321377038955688
299,1717,26,0.0003370725068414515,0.05262348800897598,0.7438515424728394,0.06347016990184784,0.7947673201560974
300,1762,26,0.0003797956226224697,0.6800009608268738,0.0455840639770031,0.7419114112854004,0.06097952648997307
301,1913,26,8.76076496414413e-05,0.3554011881351471,0.6837517619132996,0.35914239287376404,0.7383255362510681
302,2167,26,0.00041004510726727617,0.12993259727954865,0.5209138989448547,0.14039066433906555,0.6045559048652649
303,2331,26,0.00023592227035873492,0.6800009608268738,0.31167370080947876,0.7402174472808838,0.3241744637489319
304,2395,26,0.00040293560058524136,0.2471049576997757,0.6080797910690308,0.25556114315986633,0.6790760159492493
305,2443,26,4.36266237588967e-05,0.8366196751594543,0.6377373933792114,0.8619112372398376,0.639882504940033
306,2650,26,0.0006175866408408837,0.2695717215538025,0.6080797910690308,0.285224974155426,0.6780790686607361
307,2769,26,0.00047315929291702474,0.5274102687835693,0.2266715168952942,0.6039949059486389,0.23923847079277039
308,3273,26,7.158727753608929e-05,0.7938631772994995,0.25188109278678894,0.8325075507164001,0.2558501064777374
309,479,25,2.0078771807874318e-05,0.7229388952255249,0.7438515424728394,0.7253769636154175,0.7896196246147156
310,522,25,0.0008651523707179365,0.5274102091789246,0.27806010842323303,0.6031654477119446,0.29308098554611206
311,852,25,0.0008484846731811047,0.529961347579956,0.6080798506736755,0.5467223525047302,0.6760789155960083
312,993,25,0.00025930611409802004,0.0015371403424069285,0.6837517619132996,0.01007791142910719,0.740777313709259
313,1001,25,0.0006168838616478212,0.08379224687814713,0.5209138989448547,0.09304292500019073,0.6047885417938232
314,1168,25,1.35282931950087e-05,0.21584439277648926,0.8364201188087463,0.21763458847999573,0.8666126728057861
315,1250,25,4.535962336937871e-05,0.28694283962249756,0.8706486225128174,0.29090431332588196,0.8923553228378296
316,1618,25,0.00012317558524976846,0.650506854057312,0.7438516020774841,0.6583631038665771,0.7898324131965637
317,1704,25,2.4261049759388698e-05,0.7455297708511353,0.5431188941001892,0.7870089411735535,0.5449659824371338
318,2370,25,0.0005621031405806942,0.11408531665802002,0.5209138989448547,0.12685830891132355,0.6045345664024353
319,2637,25,0.0003467684832889617,0.6800009608268738,0.27165788412094116,0.7410846948623657,0.27959319949150085
320,2666,25,0.0006041173141460021,0.6089468598365784,0.15936142206192017,0.6758015751838684,0.1724015772342682
321,2778,25,0.0004697519930241256,0.5274102091789246,0.3768908679485321,0.6011983156204224,0.3895006477832794
322,2782,25,0.0004366050611426253,0.6800009608268738,0.14169560372829437,0.7417144775390625,0.15202046930789948
323,3049,25,9.999938057170255e-05,0.3803260326385498,0.6837517619132996,0.38594406843185425,0.7378231883049011
324,3279,25,3.0511566222912734e-05,0.6800009608268738,0.672766387462616,0.737239420413971,0.675905704498291
325,43,24,0.00047071265501585913,0.6800009608268738,0.06405385583639145,0.7417387962341309,0.08043333142995834
326,83,24,0.0005235092761726179,0.23130838572978973,0.6080798506736755,0.24403071403503418,0.6790022253990173
327,296,24,0.0002464625699358791,0.25863543152809143,0.6080798506736755,0.2664974331855774,0.678658664226532
328,369,24,0.0005951195436516253,0.6089469194412231,0.0015371922636404634,0.6769267320632935,0.011998409405350685
329,566,24,0.0006511479869271142,0.5274102091789246,0.07490774244070053,0.6051246523857117,0.08903912454843521
330,656,24,0.0006326407420065294,0.6800009608268738,0.49806568026542664,0.7372157573699951,0.519620418548584
331,987,24,0.0005727659400570073,0.6800009608268738,0.02660154551267624,0.7418990731239319,0.042509838938713074
332,1061,24,0.00028285182824983046,0.7938631176948547,0.001537130679935217,0.8335056304931641,0.01551393698900938
333,1109,24,0.00026850391552146746,0.1472042202949524,0.7438516020774841,0.15673941373825073,0.7938944697380066
334,1340,24,0.00011255137713739316,0.8366196751594543,0.7357231974601746,0.8615557551383972,0.742280125617981
335,1732,24,0.0006440234369016196,0.12453677505254745,0.7438515424728394,0.14412997663021088,0.7934225797653198
336,1805,24,0.0006132068397905477,0.6089469194412231,0.015072634443640709,0.6765718460083008,0.028926661238074303
337,1972,24,0.0004211906183622105,0.18340733647346497,0.6837517619132996,0.19945207238197327,0.7394991517066956
338,2249,24,0.00038477056864572035,0.5864798426628113,0.6080797910690308,0.5982323288917542,0.6760270595550537
339,2635,24,0.00024577414241377937,0.6614373922348022,0.7438515424728394,0.6706477403640747,0.7896175384521484
340,2706,24,0.00043675897356054705,0.6089469194412231,0.2379109263420105,0.6748014688491821,0.24780714511871338
341,3041,24,0.0003391275494905033,0.6089468598365784,0.042703717947006226,0.676548421382904,0.05029701814055443
342,3118,24,0.0005892850764652735,0.6089468598365784,0.29532352089881897,0.6742908954620361,0.3104548156261444
343,3,23,5.882169354265443e-06,0.6948837041854858,0.8706486225128174,0.6963428258895874,0.8914391994476318
344,26,23,0.0005110258581630944,0.6089468598365784,0.19020593166351318,0.6754122376441956,0.20377114415168762
345,104,23,3.476057636930818e-05,0.7938631176948547,0.7764917016029358,0.8289308547973633,0.7782936096191406
346,237,23,8.301362766838238e-05,0.11686123162508011,0.7438516020774841,0.12146249413490295,0.7943764328956604
347,570,23,3.2389484897699106e-05,0.45291629433631897,0.8364201188087463,0.4554039239883423,0.8656799793243408
348,818,23,0.0002792288448763003,0.6800009608268738,0.6148676872253418,0.7369537949562073,0.6279675960540771
349,1147,23,0.00020486375660588863,0.6089469194412231,0.32830163836479187,0.673947811126709,0.3422406017780304
350,1163,23,0.00037975719231697624,0.6089468598365784,0.1754758507013321,0.6756299138069153,0.1871315985918045
351,1402,23,1.453984670840569e-05,0.19360394775867462,0.798340380191803,0.19753795862197876,0.8322597742080688
352,1728,23,0.00045766938430968906,0.6089468598365784,0.48477619886398315,0.672519862651825,0.49572017788887024
353,1848,23,0.00015111546569812617,0.6089469194412231,0.47626572847366333,0.6728755235671997,0.48170188069343567
354,2001,23,0.00038357272315714397,0.572638988494873,0.6837517619132996,0.5817174315452576,0.736577570438385
355,2080,23,0.0001926652321335709,0.3180158734321594,0.7438516020774841,0.3247925043106079,0.7926926612854004
356,2093,23,0.0007713997707079479,0.13878141343593597,0.6080798506736755,0.15293645858764648,0.6794301271438599
357,2150,23,0.00016104124713400836,0.7074658274650574,0.7438516020774841,0.7161899209022522,0.7893680930137634
358,2165,23,0.00029334315137141687,0.6800009608268738,0.5947936177253723,0.7375686168670654,0.6025512218475342
359,2293,23,0.0008316089075290356,0.017933864146471024,0.6080798506736755,0.03271443024277687,0.680481493473053
360,2369,23,0.000611438707048606,0.31366294622421265,0.5209138989448547,0.32460692524909973,0.6003901958465576
361,2507,23,1.867828102142255e-05,0.7938632369041443,0.3355434536933899,0.8320735692977905,0.3382222652435303
362,2664,23,0.0001820448291667276,0.6089469194412231,0.5496718287467957,0.67208331823349,0.5557346940040588
363,2798,23,0.000279017561832795,0.6089469194412231,0.2508814036846161,0.6746408343315125,0.2611503601074219
364,207,22,0.00024618997822845046,0.6089469194412231,0.42067480087280273,0.6733514070510864,0.4286366105079651
365,223,22,0.00032874047611208823,0.680000901222229,0.6438446640968323,0.7369937300682068,0.6542752981185913
366,520,22,0.0008353565641070482,0.6089468598365784,0.12311160564422607,0.6758370399475098,0.13667690753936768
367,621,22,0.00014500020716479156,0.7455297112464905,0.29456090927124023,0.7886204719543457,0.30529990792274475
368,772,22,0.0003110332935509774,0.5395885109901428,0.6837517619132996,0.5501660108566284,0.7365833520889282
369,991,22,0.00028173174287005054,0.23264041543006897,0.6837517619132996,0.23919284343719482,0.7395520806312561
370,1027,22,0.0005037589822709521,0.48079293966293335,0.6837517619132996,0.4939824044704437,0.7368543148040771
371,1101,22,0.0005684497942617384,0.6800009608268738,0.08350756764411926,0.7416446208953857,0.09754917770624161
372,1139,22,0.00026468719704819677,0.049722641706466675,0.6837517619132996,0.06108245998620987,0.7404732704162598
373,1186,22,1.9340945992318836e-05,0.7938631772994995,0.30433109402656555,0.8323496580123901,0.30914372205734253
374,1365,22,0.00039905707901777276,0.30389150977134705,0.6837517619132996,0.31586015224456787,0.7384509444236755
375,1435,22,0.0007135892781020559,0.7455297112464905,0.4941868782043457,0.7865579724311829,0.5169024467468262
376,1729,22,0.00042017595253618367,0.6089469194412231,0.31352901458740234,0.6743273138999939,0.325227290391922
377,1748,22,0.00037147219972766266,0.6089468598365784,0.6408179998397827,0.6712640523910522,0.6523475646972656
378,1916,22,0.0005362445084706735,0.6089468002319336,0.6198632121086121,0.6709768772125244,0.6377437114715576
379,2012,22,0.00032572110271811283,0.6089469194412231,0.2812812626361847,0.6745069622993469,0.2922492027282715
380,2166,22,0.0003990798011646035,0.5585174560546875,0.6080797910690308,0.5682623982429504,0.6761597990989685
381,2299,22,1.8391911693171892e-05,0.7455297112464905,0.6548230648040771,0.7861375212669373,0.6587496995925903
382,2307,22,0.0003463119363403544,0.015447995625436306,0.7438516020774841,0.028206028044223785,0.7950192093849182
383,2386,22,0.000384564953899158,0.6089469194412231,0.22239601612091064,0.6753167510032654,0.234836608171463
384,3113,22,0.00025841258569503367,0.43240565061569214,0.6837517619132996,0.4409046471118927,0.7374985218048096
385,3125,22,0.0001907067078441571,0.2817173898220062,0.6837517619132996,0.28750017285346985,0.7390406131744385
386,3147,22,0.0003600154684786361,0.6089469194412231,0.537335216999054,0.6719821095466614,0.546597421169281
387,174,21,1.0420615513595521e-05,0.8670146465301514,0.7454600930213928,0.8897777795791626,0.7462009787559509
388,226,21,0.0006624456606569851,0.6060022711753845,0.6837517619132996,0.6206327080726624,0.7359572649002075
389,486,21,0.000499707626898882,0.8366197347640991,0.23955252766609192,0.8623193502426147,0.25820133090019226
390,521,21,0.0007134880105201802,0.6089468598365784,0.13975119590759277,0.6756339073181152,0.15628720819950104
391,773,21,0.00026464675571524765,0.40653547644615173,0.7438516020774841,0.41684767603874207,0.791803777217865
392,785,21,0.0005315891480757173,0.24226713180541992,0.6837517619132996,0.25331756472587585,0.7392365336418152
393,973,21,0.0002699125503689004,0.06415672600269318,0.6837517619132996,0.07574856281280518,0.7404546737670898
394,1167,21,1.9623986422523387e-05,0.8366197347640991,0.48418107628822327,0.8623635172843933,0.485518217086792
395,1333,21,0.000207395153576595,0.14972229301929474,0.798340380191803,0.16089361906051636,0.8321454524993896
396,1548,21,0.00010935292716673928,0.7455296516418457,0.628960371017456,0.7860334515571594,0.635515570640564
397,1632,21,0.0007539181401075012,0.6089468598365784,0.5203872323036194,0.6718122363090515,0.5342609882354736
398,1674,21,0.0005589364211946446,0.6089468598365784,0.5588089227676392,0.671684205532074,0.5728469491004944
399,2008,21,7.002445137516133e-06,0.8670146465301514,0.8597042560577393,0.8894208073616028,0.8617727756500244
400,2086,21,0.00023170005358053025,0.7455297112464905,0.10006703436374664,0.7896321415901184,0.11762663722038269
401,2229,21,0.0004592810776156142,0.6800010204315186,0.5531416535377502,0.7375388741493225,0.564362108707428
402,2589,21,0.0007699375279055509,0.6800010204315186,0.15509472787380219,0.7411367893218994,0.171942338347435
403,2781,21,0.0004516917208503557,0.6800009608268738,0.2982374131679535,0.7404707074165344,0.30859947204589844
404,3048,21,8.402213488922783e-05,0.7455297112464905,0.011647232808172703,0.7907888889312744,0.01645890809595585
405,3121,21,0.0005115466015865877,0.6800010204315186,0.3501468598842621,0.7396823763847351,0.3642936050891876
406,3123,21,0.0004496675096952174,0.6800010204315186,0.4514915645122528,0.7380508780479431,0.46368640661239624
407,3194,21,0.00040006500036060544,0.3417196273803711,0.6837517619132996,0.3523269295692444,0.7381001710891724
408,3250,21,0.0002294090941732975,0.6800009608268738,0.001537134638056159,0.7424554228782654,0.009592808783054352
409,167,20,6.206382001128219e-05,0.17004741728305817,0.8364201188087463,0.17580929398536682,0.8665614724159241
410,208,20,0.0002083403913299975,0.6800010204315186,0.5424243211746216,0.7378263473510742,0.5500673651695251
411,323,20,0.0007610362772823009,0.2632850706577301,0.8364201188087463,0.28801727294921875,0.8652333617210388
412,590,20,2.8278856092356364e-05,0.5792478919029236,0.9176657795906067,0.5813440084457397,0.9337092041969299
413,602,20,0.0001555807775526219,0.3669106364250183,0.7438516020774841,0.3744792938232422,0.7925176620483398
414,624,20,0.00011104509108861293,0.46232932806015015,0.798340380191803,0.47041651606559753,0.8312234282493591
415,759,20,0.0002736510488727806,0.680000901222229,0.10062344372272491,0.741843044757843,0.10975097864866257
416,783,20,0.0003954005762007995,0.6800009608268738,0.38944169878959656,0.739035964012146,0.4019278883934021
417,1116,20,0.00022038429854553954,0.3775535523891449,0.7438516020774841,0.3852226436138153,0.7924041748046875
418,1420,20,1.031240110194176e-05,0.8366196751594543,0.8439710736274719,0.8616779446601868,0.8445764183998108
419,1479,20,1.2946528824997472e-05,0.5286498069763184,0.7983403205871582,0.5293170809745789,0.8312745690345764
420,1576,20,8.362708592390966e-05,0.7938631772994995,0.08700121939182281,0.8332961797714233,0.09297915548086166
421,1603,20,0.00035378474486158495,0.7049492001533508,0.6837517619132996,0.7199313044548035,0.7354252934455872
422,1725,20,0.0003856286199805936,0.29057446122169495,0.6837517619132996,0.3008172810077667,0.7386937141418457
423,1800,20,0.00043042909394053197,0.805844783782959,0.798340380191803,0.8235968351364136,0.8288784623146057
424,1845,20,8.281423997558157e-05,0.10997219383716583,0.7438516020774841,0.11378695070743561,0.7945014238357544
425,2291,20,0.0002850253143211745,0.3622167110443115,0.6837517619132996,0.3715514540672302,0.7380146980285645
426,2338,20,0.0003025898937440985,0.6800010204315186,0.2555905282497406,0.7409963607788086,0.26858362555503845
427,2528,20,0.00027462775626219127,0.6800010204315186,0.34020063281059265,0.7402573227882385,0.3470725417137146
428,2608,20,0.0005088921373399558,0.5713366866111755,0.6080798506736755,0.583405613899231,0.6760261654853821
429,2623,20,0.000324764946439432,0.001537167001515627,0.7438516020774841,0.012373714707791805,0.7952268123626709
430,2789,20,0.0003839083197902937,0.5532403588294983,0.6837517619132996,0.5624746084213257,0.7366209626197815
431,2972,20,0.00010121260214468464,0.5887445211410522,0.7983403205871582,0.5946045517921448,0.8306059241294861
432,3016,20,0.0006663820911123608,0.6089468598365784,0.4582557678222656,0.6726655960083008,0.47319141030311584
433,3135,20,0.0001262097298724285,0.6800010204315186,0.6056255102157593,0.7373846769332886,0.6117934584617615
434,80,19,0.00031985918823629333,0.6800010204315186,0.4667607545852661,0.7380775213241577,0.47786015272140503
435,84,19,0.00013305401828311858,0.23486334085464478,0.7438516020774841,0.24269558489322662,0.7931336760520935
436,89,19,0.0005487036631617315,0.7230055332183838,0.6837517619132996,0.7392038106918335,0.7350371479988098
437,217,19,0.00022574180735013272,0.6800009608268738,0.631041944026947,0.7370585799217224,0.6407703161239624
438,400,19,0.0005537730755738046,0.7455297708511353,0.16669508814811707,0.789095401763916,0.18876466155052185
439,464,19,0.0003529329508200618,0.35645413398742676,0.8364201188087463,0.3708989918231964,0.8653450012207031
440,546,19,0.0002966802986044126,0.7455297112464905,0.08787308633327484,0.7901729345321655,0.09699280560016632
441,572,19,0.00014250417953842742,0.37051770091056824,0.7983403205871582,0.38016968965530396,0.8316223621368408
442,585,19,8.004633056835075e-06,0.8946393132209778,0.41936174035072327,0.9141813516616821,0.42012178897857666
443,589,19,4.26599367537861e-05,0.47833406925201416,0.8706486225128174,0.4832216203212738,0.8917578458786011
444,700,19,0.0006449572712878826,0.09276248514652252,0.8364201188087463,0.12122537940740585,0.8657709360122681
445,767,19,0.0003020040881396291,0.08210098743438721,0.7438515424728394,0.09375700354576111,0.7942817211151123
446,975,19,0.00075333062970806,0.15084531903266907,0.6837517619132996,0.16668812930583954,0.7397151589393616
447,1234,19,0.00021137722611541676,0.8670147061347961,0.45917409658432007,0.8897398114204407,0.477936714887619
448,1347,19,0.0003604141551507567,0.14900514483451843,0.8706486225128174,0.16682235896587372,0.8919748067855835
449,1731,19,0.00044229904074821746,0.4970566928386688,0.6837517619132996,0.5086248517036438,0.7368393540382385
450,1832,19,0.0003058810756613184,0.5205408930778503,0.7438515424728394,0.5306868553161621,0.7910188436508179
451,2149,19,0.00014770693041832317,0.7455297112464905,0.14773692190647125,0.7901725769042969,0.15368978679180145
452,2258,19,0.00032243985612367965,0.6800010204315186,0.5226947665214539,0.7379232048988342,0.5298606753349304
453,2335,19,0.0003249219515755186,0.16976238787174225,0.6837517023086548,0.18033304810523987,0.7399070858955383
454,2454,19,0.00017001216393097707,0.5983033776283264,0.7438516020774841,0.6050628423690796,0.7904736399650574
455,2663,19,0.0001924837998514839,0.21745175123214722,0.6837517619132996,0.22368073463439941,0.7396682500839233
456,2751,19,6.044277509786866e-05,0.5916175842285156,0.7438516020774841,0.5952290892601013,0.7906624674797058
457,2811,19,0.00018166250810836004,0.6800009608268738,0.5329349040985107,0.7378998398780823,0.5393500924110413
458,2920,19,8.321984727645282e-06,0.9180300235748291,0.001537126605398953,0.9335076212882996,0.0026659471914172173
459,3098,19,0.0004047255672307015,0.03331182897090912,0.6837517619132996,0.046648379415273666,0.7404681444168091
460,3275,19,5.42192946166864e-05,0.41172003746032715,0.798340380191803,0.41498419642448425,0.8317950963973999
461,87,18,0.0002759306343715906,0.6081370115280151,0.7438516020774841,0.6164364218711853,0.7903336882591248
462,107,18,0.0006134523108808354,0.023066513240337372,0.7983403205871582,0.03841342031955719,0.8325953483581543
463,155,18,0.00024046045684933404,0.388296902179718,0.7438516020774841,0.3982529044151306,0.7922871112823486
464,365,18,4.7429280623845216e-05,0.6489930152893066,0.8706486821174622,0.6516496539115906,0.8914900422096252
465,396,18,0.0005145567963538156,0.673721969127655,0.7438515424728394,0.6938608288764954,0.7888799905776978
466,535,18,0.0004899235121995638,0.13562682271003723,0.6837517619132996,0.14777103066444397,0.7400026321411133
467,553,18,0.0003876725370792755,0.2812882959842682,0.7438515424728394,0.29433751106262207,0.7927393913269043
468,770,18,9.45167068664432e-05,0.6277266144752502,0.7438516020774841,0.6324892640113831,0.7901259660720825
469,781,18,0.0005816042361779239,0.327866792678833,0.7438515424728394,0.34328165650367737,0.7922545075416565
470,824,18,4.283024174447925e-05,0.8366196751594543,0.009701290167868137,0.8639205694198608,0.013028707355260849
471,1103,18,1.3882956356070508e-05,0.9538222551345825,0.4891749322414398,0.9652893543243408,0.49153462052345276
472,1213,18,6.677931171417129e-05,0.8366196751594543,0.7834964990615845,0.8615092635154724,0.7898069620132446
473,1445,18,0.0005245739301269481,0.668297290802002,0.798340380191803,0.6949602365493774,0.829012393951416
474,1711,18,0.0003053748441028681,0.21915137767791748,0.7438515424728394,0.2317890077829361,0.7929086089134216
475,2055,18,0.0006274489523718785,0.5214986205101013,0.6837517619132996,0.5365142822265625,0.7364187240600586
476,2094,18,0.000283538196265809,0.0312802828848362,0.7438516020774841,0.037588853389024734,0.7952660918235779
477,2113,18,0.0003055859748877232,0.7455297708511353,0.2085799127817154,0.7894724607467651,0.22228789329528809
478,2234,18,7.2891204241365415e-06,0.8366196751594543,0.10473741590976715,0.8636676073074341,0.10516437888145447
479,2238,18,0.00016611098780838773,0.4619567096233368,0.7438515424728394,0.47000592947006226,0.7915114760398865
480,2259,18,0.00030169129563173414,0.47094038128852844,0.6837517619132996,0.47771865129470825,0.7371827363967896
481,2545,18,0.0001073261815154325,0.6195107102394104,0.7438515424728394,0.6246522068977356,0.7902214527130127
482,2694,18,3.4335657481676662e-06,0.943339467048645,0.9377777576446533,0.943812906742096,0.9497835040092468
483,2954,18,0.0006005603669656523,0.680000901222229,0.6573495268821716,0.7368446588516235,0.6696921586990356
484,2970,18,9.844170617334669e-05,0.7078453302383423,0.798340380191803,0.712779700756073,0.829932689666748
485,3038,18,0.00015345118128884394,0.7455297112464905,0.5265977382659912,0.7869804501533508,0.5352485775947571
486,3144,18,0.00030495569255983845,0.04066319018602371,0.7438516020774841,0.04954926297068596,0.7951303124427795
487,3199,18,0.00030740721044608676,0.45899248123168945,0.6837517619132996,0.46786612272262573,0.7371975183486938
488,3225,18,0.0001941168478079014,0.7455297708511353,0.15676401555538177,0.7899631261825562,0.16362078487873077
489,3280,18,1.9471154796946166e-05,0.7455297708511353,0.5199766755104065,0.7874729037284851,0.5235234498977661
490,152,17,9.75135370022695e-05,0.7455297708511353,0.04705143719911575,0.7903801798820496,0.052255671471357346
491,297,17,0.00028509084967787146,0.7938632369041443,0.5228471755981445,0.8302499651908875,0.5321683883666992
492,384,17,0.0006598395042800576,0.5847917199134827,0.6837517619132996,0.6029279828071594,0.7359462976455688
493,699,17,0.0004645829376337396,0.20398551225662231,0.7438515424728394,0.2160770744085312,0.7929480671882629
494,704,17,0.00034027781788115163,0.8670147061347961,0.308052659034729,0.8901894688606262,0.32519981265068054
495,1194,17,0.00011024217494082222,0.15981368720531464,0.7438516020774841,0.16947512328624725,0.7938658595085144
496,1284,17,6.433023710172847e-06,0.5095233917236328,0.8959178328514099,0.5100789666175842,0.9138525724411011
497,1326,17,0.00017376231757193494,0.8366197347640991,0.344072550535202,0.8624280095100403,0.35426416993141174
498,1366,17,0.0002780388626881791,0.8670146465301514,0.050097573548555374,0.8911172747612,0.06618951261043549
499,1374,17,0.0002521291662964664,0.24576985836029053,0.7438516020774841,0.255049467086792,0.7930126190185547
500,1393,17,6.408103443433788e-06,0.5296860337257385,0.8959178328514099,0.5330727696418762,0.913659930229187
501,1423,17,1.0984127641222585e-05,0.8366197347640991,0.44836801290512085,0.8625907897949219,0.44976896047592163
502,1480,17,5.813002549293067e-05,0.8670147061347961,0.11950643360614777,0.8913742303848267,0.1248142421245575
503,1508,17,0.00014900093510827883,0.05219108611345291,0.798340380191803,0.060871709138154984,0.8328518271446228
504,1573,17,6.96949572986938e-05,0.16396787762641907,0.798340380191803,0.16874995827674866,0.8324232697486877
505,1574,17,7.980058596812611e-05,0.1423492431640625,0.7983403205871582,0.14664803445339203,0.8325588703155518
506,1575,17,7.90714981278029e-05,0.277799129486084,0.7983403205871582,0.282282292842865,0.8320572376251221
507,1616,17,0.0002613866777707585,0.6969351768493652,0.7438515424728394,0.7043915390968323,0.7894681096076965
508,1629,17,1.0538016088190716e-05,0.8366197943687439,0.5296511650085449,0.8622715473175049,0.5304132103919983
509,1871,17,0.0002604188218739978,0.6385377049446106,0.6837517619132996,0.6485742926597595,0.7361396551132202
510,2016,17,4.3254509796142315e-06,0.8946393132209778,0.46196621656417847,0.914042055606842,0.46349141001701355
511,2039,17,0.00031927099254591695,0.7455297708511353,0.19183894991874695,0.7895014882087708,0.20550565421581268
512,2256,17,7.074588563327211e-05,0.8366197347640991,0.5334875583648682,0.8619405031204224,0.5394945740699768
513,2288,17,0.00022389620196516802,0.7455297708511353,0.33916258811950684,0.7882766723632812,0.3461157977581024
514,2296,17,8.444313689182081e-05,0.7455296516418457,0.7281551957130432,0.7857664227485657,0.7335113883018494
515,2424,17,6.116815926660024e-06,0.5634667873382568,0.8364201188087463,0.5642659068107605,0.8653057217597961
516,2524,17,1.5694360509854732e-05,0.8288384079933167,0.8364201784133911,0.8317747712135315,0.8637793064117432
517,2560,17,0.0001928670720108272,0.7938631772994995,0.5092988014221191,0.8302211165428162,0.5197728872299194
518,2571,17,0.00041370044490740554,0.7455297112464905,0.46470919251441956,0.787011981010437,0.4820793867111206
519,2603,17,0.0002814363677883236,0.27065691351890564,0.7438515424728394,0.2782140076160431,0.7930238246917725
520,2661,17,0.00016168381095837958,0.6815970540046692,0.6837517619132996,0.6871703863143921,0.7360409498214722
521,3051,17,0.0006072699197723352,0.31893447041511536,0.6837517619132996,0.33207640051841736,0.7382229566574097
522,3054,17,8.830084728295162e-06,0.8366197347640991,0.3058116137981415,0.8629617691040039,0.3066738545894623
523,3102,17,0.00022831354204289056,0.7455297112464905,0.2618141174316406,0.7888753414154053,0.2730996012687683
524,3115,17,0.00014722681327672404,0.7455297112464905,0.30837416648864746,0.7886455059051514,0.3152475357055664
525,3175,17,5.7699843249992e-05,0.7455297112464905,0.6242062449455261,0.7863317131996155,0.6258860230445862
526,3191,17,0.00020758473165116698,0.32476451992988586,0.798340380191803,0.3355052173137665,0.8316936492919922
527,40,16,0.00013780127070972537,0.7938632369041443,0.03410955145955086,0.833419919013977,0.041454724967479706
528,364,16,0.00014063060110380832,0.7938631772994995,0.29444482922554016,0.8322864174842834,0.3012567460536957
529,424,16,9.762774954680253e-06,0.894639253616333,0.7026368975639343,0.9136450886726379,0.7036358714103699
530,493,16,0.0003365879377739134,0.8670146465301514,0.8234484195709229,0.8890854716300964,0.8338313698768616
531,544,16,0.00033880925250784344,0.34635597467422485,0.7438516020774841,0.35687491297721863,0.7924072742462158
532,623,16,7.962666456151624e-05,0.13361571729183197,0.8364201188087463,0.13964314758777618,0.8667351007461548
533,637,16,0.00022204742925779897,0.7938631772994995,0.5541279315948486,0.8298655152320862,0.5659903287887573
534,638,16,0.000261630425727688,0.8946391940116882,0.5425662398338318,0.9131050705909729,0.5587605237960815
535,971,16,0.0006333891523686574,0.4367951452732086,0.7438515424728394,0.45239004492759705,0.7913435697555542
536,1236,16,0.000578629585358037,0.4730801582336426,0.7438515424728394,0.49155279994010925,0.7909022569656372
537,1353,16,1.782099230851486e-05,0.5000379681587219,0.9176657795906067,0.5027292966842651,0.9338164329528809
538,1518,16,0.00037951438678263116,0.533761203289032,0.7438516020774841,0.5449906587600708,0.7909206748008728
539,1627,16,0.0001292982702540968,0.7972203493118286,0.798340380191803,0.8027705550193787,0.8295009732246399
540,1688,16,0.00042790069512932405,0.8366197347640991,0.745354413986206,0.8609908223152161,0.7627792358398438
541,1691,16,0.000280858165589315,0.7455297708511353,0.43075332045555115,0.7874032258987427,0.44258877635002136
542,1761,16,0.00032700849452460545,0.7455297112464905,0.6101680397987366,0.7863414883613586,0.621131956577301
543,1809,16,0.0002264743080218068,0.8366197347640991,0.4007550776004791,0.8622580766677856,0.41179582476615906
544,1847,16,5.404064161185218e-05,0.7938631176948547,0.15130797028541565,0.832909107208252,0.15574538707733154
545,1908,16,0.00026750236835582086,0.5480648875236511,0.7438515424728394,0.5602036714553833,0.7904449105262756
546,2021,16,6.5638416746338635e-06,0.6934561729431152,0.8959178328514099,0.6942296028137207,0.9134553074836731
547,2122,16,6.905565656523116e-06,0.04236132651567459,0.8364201188087463,0.04372519999742508,0.8673598170280457
548,2178,16,8.725340005444338e-05,0.7455297112464905,0.4073391556739807,0.7879882454872131,0.41071557998657227
549,2326,16,2.7415964754445854e-05,0.009609507396817207,0.798340380191803,0.010925887152552605,0.833345890045166
550,2542,16,0.00029979713926575613,0.7455297708511353,0.3635201156139374,0.7880488038063049,0.3725592792034149
551,2618,16,0.00044927910442771335,0.1198539286851883,0.6837517619132996,0.13255248963832855,0.7400204539299011
552,2633,16,0.0003610035124782529,0.7938631772994995,0.0185882318764925,0.833545446395874,0.031035225838422775
553,2636,16,0.00018045078563888595,0.7938631772994995,0.2234068661928177,0.8324050903320312,0.23041127622127533
554,2720,16,0.00024771976883641855,0.7455297112464905,0.5899349451065063,0.7866390347480774,0.5972611904144287
555,2743,16,0.00012377550086384304,0.6355635523796082,0.7438516020774841,0.6394295692443848,0.7901067137718201
556,2774,16,0.0003274705457856353,0.09683128446340561,0.7438515424728394,0.10689791291952133,0.7941912412643433
557,2793,16,6.354551024934096e-05,0.7938631176948547,0.6521545648574829,0.8298586010932922,0.6546819806098938
558,2986,16,0.00034578118698025406,0.7455297708511353,0.2761738896369934,0.7884769439697266,0.29148659110069275
559,3015,16,9.91489999533357e-05,0.38324403762817383,0.798340380191803,0.39175888895988464,0.8316587805747986
560,3017,16,2.1542951997410853e-05,0.4792645275592804,0.7983403205871582,0.48251956701278687,0.8313828706741333
561,3018,16,1.996737634124557e-05,0.22090108692646027,0.7983403205871582,0.225515678524971,0.832150936126709
562,3111,16,0.00025461998509612727,0.8670147061347961,0.3543700873851776,0.8901311755180359,0.3713219165802002
563,3120,16,0.00028214229475809205,0.7938631176948547,0.09605348855257034,0.8331047296524048,0.1058092713356018
564,3306,16,7.81707062671444e-05,0.7455297708511353,0.25356826186180115,0.7892036437988281,0.2587398588657379
565,156,15,0.00014275129373331197,0.7455297708511353,0.5797547698020935,0.7866514325141907,0.5868605971336365
566,185,15,7.277038362119015e-06,0.9005686640739441,0.9539369344711304,0.9015828967094421,0.9637840390205383
567,206,15,0.00010343922297728625,0.7455297112464905,0.4851537346839905,0.7875140905380249,0.49111267924308777
568,244,15,0.00038013140297543657,0.7455297112464905,0.5645139813423157,0.786406934261322,0.5766804814338684
569,456,15,0.0001452608439949099,0.06394603848457336,0.798340380191803,0.07120507955551147,0.832922637462616
570,461,15,5.495464942484318e-05,0.29058152437210083,0.9377778172492981,0.2956092655658722,0.9504243731498718
571,554,15,0.00040005756400596226,0.6237069964408875,0.6837517619132996,0.6354633569717407,0.7360580563545227
572,583,15,8.883803172210492e-06,0.5667694807052612,0.8706486225128174,0.5683380365371704,0.8918368220329285
573,628,15,5.023457613217985e-06,0.06815751641988754,0.9377777576446533,0.06894626468420029,0.9508626461029053
574,747,15,0.00024234777668219465,0.7455296516418457,0.6948341727256775,0.7858270406723022,0.7028674483299255
575,922,15,0.00030110107556513555,0.7455297708511353,0.37563356757164,0.7880560755729675,0.38406386971473694
576,995,15,0.000333079127184277,0.5116991996765137,0.6837517619132996,0.5184243321418762,0.7368461489677429
577,998,15,0.00011862154679054271,0.7938631772994995,0.3992147147655487,0.8309932947158813,0.4045097827911377
578,1126,15,0.000394940953756473,0.7455297112464905,0.03155327960848808,0.7900684475898743,0.04397718608379364
579,1183,15,9.60393223969902e-06,0.7232954502105713,0.8364201784133911,0.7258243560791016,0.864273190498352
580,1295,15,0.00012715709239596862,0.16989666223526,0.8706486225128174,0.17898957431316376,0.8923805952072144
581,1338,15,0.00025064584107070687,0.6681484580039978,0.8706485629081726,0.6837775707244873,0.8907831907272339
582,1345,15,0.00023818894681104652,0.09504465758800507,0.8706485629081726,0.11110442876815796,0.8921836018562317
583,1383,15,2.9191897415348222e-05,0.8366196751594543,0.15412794053554535,0.8634661436080933,0.15610748529434204
584,1540,15,0.00012204080423883212,0.8670147061347961,0.16191570460796356,0.8910712599754333,0.1701013594865799
585,1672,15,5.251947853501804e-05,0.25181493163108826,0.8364201188087463,0.25487020611763,0.8663302063941956
586,1712,15,0.000175196533534816,0.7938632369041443,0.540961742401123,0.8300427198410034,0.5510537028312683
587,1811,15,0.00023896880717444446,0.5375939607620239,0.8364201784133911,0.5501981377601624,0.864767849445343
588,1850,15,6.109292412093126e-05,0.7938631772994995,0.10888350009918213,0.8334074020385742,0.11233540624380112
589,1873,15,6.480198335800935e-05,0.7938631772994995,0.6951999664306641,0.8293862342834473,0.6993453502655029
590,2036,15,0.00026538379682072843,0.7938631772994995,0.6285252571105957,0.8295994997024536,0.6393435597419739
591,2074,15,9.136967355871661e-05,0.6200789213180542,0.8364201188087463,0.6256017088890076,0.8649715781211853
592,2304,15,0.00020487740907981777,0.7938631772994995,0.04452895373106003,0.8334508538246155,0.050645992159843445
593,2334,15,0.00015282043690056923,0.6425038576126099,0.7438515424728394,0.6474325656890869,0.7900305986404419
594,2431,15,9.42815584892287e-06,0.5691944360733032,0.8959178328514099,0.5704322457313538,0.9137064814567566
595,2437,15,3.859161820152224e-05,0.8366197347640991,0.8476508259773254,0.8615697622299194,0.8502598404884338
596,2491,15,1.2879226961359791e-05,0.8366197347640991,0.8639541864395142,0.8612703680992126,0.8657839298248291
597,2510,15,0.00046934731818915054,0.29741179943084717,0.7438515424728394,0.30979427695274353,0.7925693988800049
598,2718,15,0.0002255721445454384,0.7455297112464905,0.7846714854240417,0.7853548526763916,0.7930651307106018
599,2719,15,0.00011111394615781478,0.7938631772994995,0.39071789383888245,0.8312482833862305,0.396140456199646
600,2971,15,7.957314862139242e-05,0.8366197347640991,0.35733842849731445,0.8627006411552429,0.36194127798080444
601,2987,15,0.00017973340094901147,0.3385794758796692,0.798340380191803,0.3466736376285553,0.831813395023346
602,345,14,0.00041543880612682216,0.7938632369041443,0.4075840711593628,0.8303101062774658,0.42553719878196716
603,392,14,0.0003286925452998801,0.7938631176948547,0.12730352580547333,0.8328274488449097,0.1391889452934265
604,401,14,0.0005172545517293514,0.7938631772994995,0.2589244544506073,0.831935465335846,0.27432981133461
605,410,14,0.0001452885066927645,0.01604456827044487,0.9176657795906067,0.027077235281467438,0.9342650175094604
606,447,14,0.00014801242322803887,0.6191917061805725,0.798340380191803,0.6266817450523376,0.8302735090255737
607,473,14,1.890439633633889e-05,0.8670145869255066,0.6718499660491943,0.8898906111717224,0.6735358238220215
608,771,14,0.00011632288568286242,0.13180941343307495,0.798340380191803,0.1392749547958374,0.8326002359390259
609,861,14,0.0007291219419078843,0.2522003650665283,0.798340380191803,0.2747248709201813,0.8312217593193054
610,1006,14,0.00021708852121538058,0.7938632369041443,0.3731026351451874,0.8314111232757568,0.38125357031822205
611,1105,14,0.00010777131271666462,0.17182424664497375,0.798340380191803,0.17621836066246033,0.8324376344680786
612,1113,14,0.00013657354981155834,0.7938631772994995,0.34129655361175537,0.8317644000053406,0.3498660624027252
613,1331,14,0.00013665335553803004,0.5323913097381592,0.798340380191803,0.5393106341362,0.8308961391448975
614,1343,14,0.0002235727050710068,0.7938631772994995,0.750666081905365,0.8286371827125549,0.7635035514831543
615,1376,14,0.00015339567050576264,0.7938631772994995,0.19670341908931732,0.8326273560523987,0.20170678198337555
616,1401,14,1.3979850008283279e-05,0.33107590675354004,0.8706486225128174,0.3340111970901489,0.892313539981842
617,1496,14,6.13258767838687e-05,0.3437114953994751,0.8706486225128174,0.34817585349082947,0.8921599984169006
618,1541,14,0.00010574708006849676,0.8366197943687439,0.4646527171134949,0.8622446656227112,0.47169575095176697
619,1564,14,0.00010084573841595557,0.7938631176948547,0.7665777802467346,0.8287484645843506,0.7734175324440002
620,1570,14,1.736893260151362e-05,0.44109222292900085,0.8364201188087463,0.44346120953559875,0.8657736778259277
621,1611,14,2.4910699372604483e-05,0.23475170135498047,0.8959178924560547,0.2384282648563385,0.9142073392868042
622,1646,14,0.0004375930169473463,0.7455297112464905,0.23691585659980774,0.7889887094497681,0.25049400329589844
623,1651,14,0.00018124859792578718,0.7938631772994995,0.3122178912162781,0.8319558501243591,0.3185216188430786
624,1849,14,5.7124624849080874e-05,0.7938631772994995,0.38432782888412476,0.831470787525177,0.38764357566833496
625,1868,14,0.00016095536747950945,0.7938631772994995,0.11540979146957397,0.8330953121185303,0.1242293044924736
626,1952,14,0.0002933776846418823,0.5359051823616028,0.9176657795906067,0.5491369962692261,0.933185338973999
627,1993,14,0.000246144455003261,0.7938632369041443,0.5778021812438965,0.8297901749610901,0.5898869633674622
628,2009,14,3.956798377835469e-06,0.9180301427841187,0.22893644869327545,0.9332788586616516,0.2294800579547882
629,2135,14,0.0001005175188382168,0.7938631772994995,0.7262800931930542,0.8290634751319885,0.7326344847679138
630,2263,14,9.531785694061323e-05,0.7938631772994995,0.053720325231552124,0.8333245515823364,0.060382574796676636
631,2404,14,1.9776388533898626e-05,0.8366197347640991,0.4190177321434021,0.8627352118492126,0.4204869270324707
632,2442,14,0.0001342244776463275,0.0876808688044548,0.7983403205871582,0.09346482157707214,0.8329091668128967
633,2452,14,0.00015348019974403826,0.7938631176948547,0.363820880651474,0.8315771818161011,0.3700283467769623
634,2453,14,0.00013842436466759978,0.7938631772994995,0.5013383626937866,0.8306584358215332,0.5062245726585388
635,2529,14,0.000324483546181753,0.2581236958503723,0.7438515424728394,0.26758265495300293,0.7929587364196777
636,2556,14,2.6509259987150813e-06,0.9538222551345825,0.04641498997807503,0.9657496213912964,0.04708297923207283
637,2565,14,0.0004453673238504763,0.7455297112464905,0.5480402112007141,0.786414623260498,0.5614397525787354
638,2622,14,0.00014185874230454587,0.7938631772994995,0.17348958551883698,0.8325943350791931,0.18155816197395325
639,2716,14,0.0002737488367730023,0.7455297112464905,0.41378992795944214,0.7876605987548828,0.4227394163608551
640,2744,14,0.00010701923709000027,0.7455297112464905,0.7059416770935059,0.7858822345733643,0.7100301384925842
641,2754,14,3.313830671480833e-05,0.037106264382600784,0.8364201188087463,0.03928704559803009,0.8675742745399475
642,2787,14,0.00018143810991855247,0.7455297112464905,0.44566312432289124,0.7876100540161133,0.4519742429256439
643,2995,14,0.00039350374284374823,0.41992196440696716,0.7438515424728394,0.4337208867073059,0.7915952801704407
644,3046,14,0.000338512233648558,0.7455297112464905,0.34919002652168274,0.7879598140716553,0.3604457974433899
645,3050,14,0.0003063131024712007,0.7455297708511353,0.31832176446914673,0.7884155511856079,0.3274272084236145
646,3203,14,0.00015366625750799084,0.7455297708511353,0.0015371344052255154,0.7907286286354065,0.008572900667786598
647,3246,14,0.00012305705745774276,0.7938631772994995,0.28537940979003906,0.8323363661766052,0.29137060046195984
648,108,13,0.0005065417881504608,0.7938631772994995,0.23348550498485565,0.8319869041442871,0.24880681931972504
649,164,13,1.0858958169990274e-05,0.8670146465301514,0.7829430103302002,0.8895978927612305,0.7847298383712769
650,295,13,0.00010873622517593162,0.032210156321525574,0.8706486225128174,0.04335771128535271,0.8925634622573853
651,434,13,0.00011744918011835637,0.5183611512184143,0.798340380191803,0.5255755186080933,0.8309915661811829
652,463,13,0.00023094858667538354,0.8670147061347961,0.03281666338443756,0.8913086652755737,0.04702327027916908
653,471,13,1.8844579155796737e-05,0.8670146465301514,0.8369056582450867,0.8895256519317627,0.838352382183075
654,539,13,0.00021530936179559035,0.7938632369041443,0.3529403805732727,0.831630527973175,0.36074668169021606
655,658,13,0.0003402847536868592,0.7938631176948547,0.7357087135314941,0.8286990523338318,0.7475917339324951
656,761,13,0.00010609483601564662,0.7938631772994995,0.06345685571432114,0.8333507180213928,0.0694502592086792
657,974,13,0.0001372046667622584,0.7455297708511353,0.600335419178009,0.7866396903991699,0.6070938110351562
658,1089,13,3.038105857111617e-06,0.24066978693008423,0.9176658391952515,0.2410127967596054,0.9343563914299011
659,1143,13,2.570274083080193e-05,0.24642126262187958,0.8364201784133911,0.24874067306518555,0.8663809299468994
660,1184,13,4.424656504298241e-06,0.8946393728256226,0.5381730198860168,0.9138532280921936,0.5394919514656067
661,1200,13,3.8134493900443545e-05,0.8670146465301514,0.7221288681030273,0.8897961974143982,0.7242735028266907
662,1212,13,4.2568431636524906e-05,0.5894101858139038,0.8706485629081726,0.5945841670036316,0.8915800452232361
663,1237,13,0.00013353533983107013,0.5522112250328064,0.9176657795906067,0.5585923194885254,0.933523952960968
664,1378,13,0.00010189031089868905,0.31098783016204834,0.8364201784133911,0.3163582682609558,0.8661198616027832
665,1534,13,0.00012169217318458436,0.8366196751594543,0.11975225806236267,0.8632103204727173,0.1282101720571518
666,1542,13,0.0001287512141781022,0.8366197943687439,0.19740521907806396,0.8631913661956787,0.202821746468544
667,1551,13,7.383013997319665e-05,0.7938631772994995,0.6039391160011292,0.8300566077232361,0.6085824966430664
668,1554,13,7.078068484567268e-05,0.7938631772994995,0.6213021874427795,0.8300046920776367,0.6254509091377258
669,1610,13,4.5784313480012884e-05,0.7246936559677124,0.9176657795906067,0.7296901941299438,0.9333811402320862
670,1615,13,0.00024917634813270695,0.5501576662063599,0.798340380191803,0.5608825087547302,0.8306099772453308
671,1676,13,0.0003865841549628435,0.7938631772994995,0.15881966054439545,0.8325484991073608,0.17041531205177307
672,1700,13,3.133570453250911e-05,0.8366197347640991,0.42771056294441223,0.862636923789978,0.43101006746292114
673,1764,13,0.0002795291621131568,0.7938631772994995,0.4601730406284332,0.8306124210357666,0.4689015746116638
674,1872,13,4.1715940550801633e-05,0.44653549790382385,0.8364201784133911,0.4498419463634491,0.8657242655754089
675,2176,13,8.02337668304176e-06,0.7582850456237793,0.8364201784133911,0.7599288821220398,0.8641416430473328
676,2257,13,4.374579206611884e-05,0.6025921702384949,0.8959178924560547,0.608039140701294,0.9133966565132141
677,2306,13,0.00011529283704447835,0.7455296516418457,0.6618239283561707,0.7860185503959656,0.6678648591041565
678,2522,13,0.00016941075595333643,0.7938631772994995,0.3215959370136261,0.8317067623138428,0.3324691355228424
679,2615,13,0.00012557901277077121,0.7455296516418457,0.6454529166221619,0.7860292792320251,0.651748776435852
680,2619,13,0.00032892429619391095,0.7455297112464905,0.3920004367828369,0.7875530123710632,0.4042648673057556
681,2712,13,0.00020728023182137179,0.7455297112464905,0.7734702229499817,0.7855596542358398,0.7815971970558167
682,2831,13,2.1484723220055457e-05,0.7663427591323853,0.9377778172492981,0.7696421146392822,0.9498887062072754
683,2849,13,4.9487050139518374e-05,0.26625561714172363,0.9176657199859619,0.2696705758571625,0.9341773986816406
684,2922,13,4.561717574791402e-06,0.17653317749500275,0.9377777576446533,0.17829777300357819,0.950685977935791
685,2989,13,0.00014963906343723465,0.5976788401603699,0.798340380191803,0.6055706739425659,0.8304581642150879
686,2993,13,0.0002574551379073142,0.7938631772994995,0.42861148715019226,0.8305875062942505,0.44023197889328003
687,2996,13,0.00013291054390673906,0.3463501036167145,0.8364201784133911,0.35337984561920166,0.8658117651939392
688,3145,13,0.00022725346996432805,0.7938631772994995,0.18463249504566193,0.8325150012969971,0.193629190325737
689,3146,13,0.0001334450324791403,0.04148772358894348,0.7983403205871582,0.04911686107516289,0.8329141736030579
690,3220,13,0.00010934845452692521,0.06627872586250305,0.8706485629081726,0.07463831454515457,0.8926719427108765
691,3247,13,0.0001891832142808525,0.7938631772994995,0.1422632336616516,0.8329997062683105,0.14823369681835175
692,36,12,0.00022845199810817007,0.8366197347640991,0.7928812503814697,0.8612459897994995,0.8041214942932129
693,100,12,0.00017199321798422318,0.5067663192749023,0.7983403205871582,0.5152868628501892,0.8309453725814819
694,120,12,6.8160420223506435e-06,0.894639253616333,0.17955562472343445,0.9146867990493774,0.1803472489118576
695,242,12,0.0003563780725620025,0.8366197347640991,0.030257245525717735,0.8628819584846497,0.05171320587396622
696,352,12,1.378389974071581e-05,0.8366196751594543,0.7794293165206909,0.8617857694625854,0.7804221510887146
697,457,12,0.0001102199400704329,0.0694979801774025,0.8364201784133911,0.07695526629686356,0.8669676184654236
698,482,12,0.0003206077983788358,0.8366197347640991,0.08028247207403183,0.8629826307296753,0.09462115168571472
699,485,12,0.0005085838056135827,0.7938631772994995,0.20478107035160065,0.8320243954658508,0.2203325629234314
700,562,12,0.0001699385170867984,0.3116670846939087,0.7983403205871582,0.3216902017593384,0.8317354321479797
701,567,12,0.000559527159597728,0.2853565514087677,0.798340380191803,0.3085927963256836,0.8310854434967041
702,601,12,5.559611354577498e-05,0.41805848479270935,0.798340380191803,0.4218141436576843,0.8316826224327087
703,605,12,9.815060376272555e-05,0.4027933180332184,0.798340380191803,0.4086458086967468,0.8316802382469177
704,711,12,3.3355704882609416e-06,0.6996229887008667,0.967793881893158,0.7003341913223267,0.9768486022949219
705,825,12,5.1217345254706004e-05,0.24444830417633057,0.7983403205871582,0.24912604689598083,0.8321245312690735
706,866,12,0.00021224551407428294,0.8366197347640991,0.6429568529129028,0.8616136312484741,0.6504705548286438
707,1039,12,0.00013683570646527698,0.7938631772994995,0.6868531107902527,0.8295372724533081,0.692125678062439
708,1114,12,0.00011624367568963123,0.7938631772994995,0.6116567850112915,0.8299588561058044,0.6182279586791992
709,1131,12,0.00012190594295446999,0.7455297112464905,0.45504850149154663,0.7875896692276001,0.46163490414619446
710,1490,12,4.722340112195411e-05,0.337085485458374,0.8706486225128174,0.3406371772289276,0.8922492861747742
711,1522,12,5.238371662885655e-05,0.8946391940116882,0.09846676141023636,0.9146847128868103,0.1030200719833374
712,1523,12,6.081299773086357e-05,0.8670146465301514,0.811512291431427,0.8893899917602539,0.8161084055900574
713,1613,12,0.00021939958372207968,0.8151102066040039,0.8364201784133911,0.8257642388343811,0.8634942173957825
714,1742,12,4.712630306147325e-05,0.8366196751594543,0.09769546240568161,0.8634947538375854,0.10166318714618683
715,1760,12,0.000351465977626475,0.6431130766868591,0.798340380191803,0.6652230024337769,0.8293131589889526
716,1841,12,1.7508824152301372e-05,0.894639253616333,0.3100777566432953,0.9143847227096558,0.31248119473457336
717,2041,12,0.000124081117100161,0.77406907081604,0.7983403205871582,0.7807230949401855,0.8296253681182861
718,2046,12,6.148216173151866e-05,0.4864811599254608,0.8364201784133911,0.49160531163215637,0.8653098940849304
719,2049,12,5.227189178524938e-05,0.8366196751594543,0.1769622564315796,0.8633357882499695,0.18082475662231445
720,2130,12,0.00020193191233275343,0.7938631772994995,0.48749417066574097,0.8303747773170471,0.49826401472091675
721,2265,12,1.5986070712514788e-05,0.8366196751594543,0.6631239056587219,0.86191725730896,0.6640956401824951
722,2308,12,0.00014116105468264806,0.1524551808834076,0.8364201784133911,0.1583300232887268,0.8666032552719116
723,2357,12,0.0003809137114583194,0.7938632369041443,0.4719759225845337,0.8303854465484619,0.4844198524951935
724,2444,12,8.808831642781456e-06,0.7591463923454285,0.8706485629081726,0.7603508234024048,0.8913462162017822
725,2494,12,0.00020389886782368194,0.8366197347640991,0.7165479063987732,0.8610926866531372,0.7326489686965942
726,2516,12,0.0002084988764268214,0.7938631176948547,0.07252449542284012,0.8330693244934082,0.0839269757270813
727,2540,12,9.42445927663016e-05,0.12429969012737274,0.8364201784133911,0.1305413693189621,0.8668413758277893
728,2621,12,0.00011835608206478554,0.18421268463134766,0.798340380191803,0.19052967429161072,0.8322556614875793
729,2624,12,0.0001405178389717321,0.7938631772994995,0.592961311340332,0.8299134373664856,0.600864827632904
730,2745,12,9.719739654912019e-05,0.7938631176948547,0.7911858558654785,0.8287510275840759,0.7948638200759888
731,2750,12,5.683348034679625e-05,0.5001457333564758,0.7983403205871582,0.5036920309066772,0.8312150835990906
732,2762,12,9.575501588088287e-06,0.4040791690349579,0.8706485629081726,0.40639618039131165,0.8920701146125793
733,2879,12,4.351721827688948e-05,0.8302373290061951,0.9176657795906067,0.8336523771286011,0.933174192905426
734,2880,12,0.0002626412391864008,0.21533294022083282,0.8706486225128174,0.23138247430324554,0.8919175863265991
735,2912,12,9.303056506482221e-06,0.894639253616333,0.8911487460136414,0.9132866263389587,0.8924234509468079
736,3026,12,0.0001045706264912738,0.453627347946167,0.7983403205871582,0.45925500988960266,0.8313550353050232
737,3061,12,6.553876273684978e-06,0.894639253616333,0.32269030809402466,0.9144172668457031,0.32357826828956604
738,3112,12,0.00010215544075542482,0.29109153151512146,0.8364201188087463,0.2967950701713562,0.8661127686500549
739,3173,12,3.309535457418633e-05,0.8670147061347961,0.5707317590713501,0.8902729749679565,0.572652280330658
740,3272,12,1.9024955298263535e-05,0.6161013841629028,0.8364201188087463,0.6170046925544739,0.8652190566062927
741,3278,12,8.358397289498498e-05,0.22997251152992249,0.8364201188087463,0.2343980222940445,0.8663927912712097
742,92,11,4.781851424251471e-05,0.06391670554876328,0.8364201784133911,0.066423699259758,0.8672439455986023
743,271,11,0.00019236912616982238,0.8946393132209778,0.5032139420509338,0.9133791327476501,0.5150518417358398
744,408,11,0.0003043118939327627,0.8366197347640991,0.32177165150642395,0.8623217940330505,0.33455610275268555
745,442,11,4.410888891470677e-06,0.9365820288658142,0.6097739934921265,0.9500652551651001,0.6106131076812744
746,468,11,0.00037023947739411867,0.09653908014297485,0.7983403205871582,0.11013621836900711,0.8324987292289734
747,477,11,6.337170185943819e-06,0.8946393132209778,0.567425549030304,0.9137921929359436,0.5690378546714783
748,494,11,0.00020036155759584062,0.8946393132209778,0.8066263198852539,0.9130706787109375,0.8151615858078003
749,600,11,4.399040663738418e-05,0.43455401062965393,0.8364201188087463,0.43801793456077576,0.8657920956611633
750,606,11,3.733546076745142e-05,0.9180300235748291,0.29711008071899414,0.9329529404640198,0.30152344703674316
751,739,11,4.360003035053239e-06,0.13553044199943542,0.9176657795906067,0.1362367421388626,0.9346011281013489
752,768,11,9.106701342354029e-05,0.8366197347640991,0.6891849040985107,0.8615627288818359,0.69645756483078
753,792,11,1.1229364977216605e-05,0.0877164974808693,0.8959178328514099,0.08897940814495087,0.9145229458808899
754,806,11,0.0003505839996762461,0.2285899668931961,0.798340380191803,0.24137400090694427,0.8317359685897827
755,929,11,0.000166183380889251,0.6980345845222473,0.7983403205871582,0.7047710418701172,0.8299991488456726
756,1025,11,1.9170067909968225e-05,0.7560569047927856,0.8959178328514099,0.7589123845100403,0.9131985902786255
757,1115,11,0.0001156277959780197,0.0015371403424069285,0.7983403205871582,0.006535213440656662,0.8331722021102905
758,1185,11,5.290096460441873e-06,0.639863908290863,0.8959178328514099,0.6411839723587036,0.9135285019874573
759,1229,11,0.0001240031697271604,0.8366197347640991,0.3097480833530426,0.8625523447990417,0.31869736313819885
760,1246,11,5.6797673615882616e-05,0.9365819692611694,0.34314242005348206,0.9501110315322876,0.349346399307251
761,1407,11,0.00010702438722098861,0.8366197347640991,0.47477006912231445,0.8621718883514404,0.4811067283153534
762,1434,11,0.00033172317727281353,0.20052312314510345,0.8364201188087463,0.21277005970478058,0.8661249279975891
763,1481,11,3.9581333249216755e-05,0.8946391940116882,0.21890796720981598,0.9144378304481506,0.22313521802425385
764,1482,11,3.836986371652529e-05,0.894639253616333,0.35418757796287537,0.9142052531242371,0.35747742652893066
765,1503,11,0.0001840471627412854,0.023875346407294273,0.8364201188087463,0.03403192758560181,0.8671912550926208
766,1628,11,7.534859596702859e-06,0.6973039507865906,0.8959178924560547,0.6979796290397644,0.9134454727172852
767,1812,11,0.000282928241199798,0.8445327877998352,0.8959178328514099,0.8573859333992004,0.912594735622406
768,2043,11,0.00010331870916013841,0.8366196751594543,0.06376796215772629,0.8634681105613708,0.06978867948055267
769,2076,11,6.107538284094716e-05,0.8670147061347961,0.4810110032558441,0.8904247283935547,0.4860265851020813
770,2125,11,0.00020247267780781897,0.6086449027061462,0.798340380191803,0.6161173582077026,0.8303396105766296
771,2129,11,0.00016729031844775477,0.7837974429130554,0.7983403205871582,0.7941460609436035,0.8293564915657043
772,2137,11,3.971671173075286e-05,0.8946391940116882,0.1060943529009819,0.9147120118141174,0.11008629202842712
773,2139,11,8.262763140187701e-05,0.8063254356384277,0.8364201188087463,0.8120359182357788,0.8637545704841614
774,2169,11,0.00031242749565052463,0.4855938255786896,0.798340380191803,0.49707141518592834,0.8308860063552856
775,2250,11,7.71929178773334e-05,0.16140435636043549,0.8364201188087463,0.16697318851947784,0.8666156530380249
776,2321,11,5.759061830090673e-06,0.6313681602478027,0.9176657199859619,0.6325404047966003,0.9337058663368225
777,2457,11,0.00012223187210835817,0.7469838261604309,0.8364201784133911,0.7552107572555542,0.8638312816619873
778,2496,11,0.00021286803292053236,0.49467960000038147,0.8364201188087463,0.5057368874549866,0.8649588227272034
779,2514,11,0.000158730605154922,0.7938631772994995,0.2774040997028351,0.8324015140533447,0.28230512142181396
780,2533,11,2.1388691131107862e-05,0.9538223147392273,0.41942450404167175,0.9652832746505737,0.4228707253932953
781,2752,11,4.790421053346705e-05,0.47352537512779236,0.8364201784133911,0.4767879843711853,0.8655474185943604
782,2795,11,9.989615842975752e-06,0.8946393132209778,0.07663184404373169,0.914914608001709,0.07780029624700546
783,2854,11,0.00016719466812986639,0.8946393132209778,0.7374223470687866,0.912966787815094,0.7509639263153076
784,3012,11,8.404839935449715e-05,0.17888356745243073,0.8364201188087463,0.1846056580543518,0.8665539026260376
785,3028,11,1.5048755313884499e-05,0.8366196751594543,0.8164336681365967,0.8616317510604858,0.8194059133529663
786,3043,11,0.00029892475179060796,0.7938631772994995,0.702419638633728,0.8289983868598938,0.7138632535934448
787,3047,11,8.437165698893523e-05,0.8670146465301514,0.7691949605941772,0.8895024061203003,0.7740213871002197
788,3083,11,8.277878478069045e-05,0.8366197347640991,0.05478748679161072,0.8635239005088806,0.060693684965372086
789,251,10,0.00033414379803531347,0.5639567971229553,0.7983403205871582,0.5766390562057495,0.8304969072341919
790,264,10,0.00016723807510299338,0.8366197347640991,0.2724531590938568,0.8627859354019165,0.2816476821899414
791,275,10,0.00021810637239361164,0.8670147061347961,0.08241251856088638,0.8914043307304382,0.09170640259981155
792,317,10,0.00017166551642445668,0.001537167001515627,0.8959178328514099,0.018323542550206184,0.9138634204864502
793,417,10,0.00023247261929215668,0.8670147061347961,0.1278885304927826,0.8905490040779114,0.14925919473171234
794,446,10,0.00010384180146871813,0.8366197347640991,0.5999925136566162,0.8617299795150757,0.6076979637145996
795,574,10,0.00012925906898431094,0.8670147061347961,0.5324904918670654,0.89020836353302,0.5394601225852966
796,593,10,3.6356516448066145e-05,0.8366197347640991,0.772544801235199,0.8616474866867065,0.7763550877571106
797,645,10,0.00025524827631073777,0.8670146465301514,0.43757307529449463,0.8897789120674133,0.4560997784137726
798,766,10,9.267798712819797e-05,0.8670147061347961,0.19835755228996277,0.8909690380096436,0.20618772506713867
799,828,10,6.318244859748745e-06,0.4016019403934479,0.8959178328514099,0.4023689329624176,0.9140418171882629
800,936,10,0.00041212214039632045,0.7158539891242981,0.798340380191803,0.7357838749885559,0.8291810750961304
801,1148,10,1.9799930059960502e-05,0.7764976620674133,0.8364201188087463,0.778371274471283,0.8640537858009338
802,1193,10,8.896920948409104e-05,0.3739732801914215,0.8364201784133911,0.37881556153297424,0.8658113479614258
803,1252,10,4.097011327175437e-05,0.6747105717658997,0.9677938222885132,0.6789129972457886,0.9766936302185059
804,1272,10,6.836090655149007e-05,0.8366197347640991,0.6671700477600098,0.8617176413536072,0.672021746635437
805,1332,10,8.57403935952128e-05,0.8366197943687439,0.13128438591957092,0.8633267283439636,0.13706737756729126
806,1539,10,0.000269885987963292,0.7455296516418457,0.7131043672561646,0.7854511141777039,0.7250809073448181
807,1612,10,0.00015260320237864278,0.5714122653007507,0.8706486225128174,0.580565869808197,0.891456127166748
808,1681,10,0.00016980974580071972,0.799453616142273,0.8959177732467651,0.813018262386322,0.9125893712043762
809,1703,10,4.2532521787652655e-05,0.18206383287906647,0.8706485629081726,0.1847020834684372,0.892695963382721
810,1763,10,0.00024888687518753727,0.9180300831794739,0.5742276310920715,0.9321011900901794,0.5880876779556274
811,1772,10,0.00022539233004881254,0.894639253616333,0.1639634668827057,0.9142099618911743,0.17648132145404816
812,1851,10,2.461665280240055e-05,0.8366197347640991,0.43408429622650146,0.8626803755760193,0.43614059686660767
813,2038,10,8.593412147495094e-05,0.11672144383192062,0.8959178924560547,0.12410347908735275,0.914176881313324
814,2040,10,0.00014596922042819926,0.1876799315214157,0.8364201784133911,0.19744887948036194,0.86628657579422
815,2068,10,0.0001785248317069943,0.5499071478843689,0.8706486225128174,0.5636951327323914,0.891235888004303
816,2140,10,5.157613694173335e-05,0.8366197347640991,0.6107722520828247,0.8618742823600769,0.6148281693458557
817,2183,10,5.5440821764563e-06,0.8366196751594543,0.8595301508903503,0.8615219593048096,0.8608798384666443
818,2216,10,3.9011133539101905e-06,0.9538221955299377,0.03418800234794617,0.9657582640647888,0.03477262705564499
819,2297,10,1.694801824037029e-05,0.6514267325401306,0.8364201188087463,0.6529654860496521,0.8649598956108093
820,2301,10,5.187741871637286e-06,0.894639253616333,0.8182359337806702,0.9133970737457275,0.8199728727340698
821,2344,10,1.843474799834155e-05,0.45806601643562317,0.9176657199859619,0.45998185873031616,0.9338811039924622
822,2435,10,5.839486764358526e-06,0.9538222551345825,0.6163734197616577,0.9651700854301453,0.617181122303009
823,2463,10,3.530317383848569e-05,0.738858163356781,0.798340380191803,0.7401531934738159,0.8299972414970398
824,2526,10,0.00014596256876053815,0.3194325268268585,0.8364201784133911,0.32743269205093384,0.8659791350364685
825,2614,10,0.00021605780241173989,0.6297560334205627,0.7983403205871582,0.640038788318634,0.8300719261169434
826,2627,10,6.269060512842373e-05,0.8366197347640991,0.5091800093650818,0.8621103763580322,0.5146775245666504
827,2647,10,0.00015123117809245912,0.8670147061347961,0.3419836163520813,0.8905367255210876,0.3512957990169525
828,2699,10,1.252098593695905e-06,0.9688326716423035,0.9650389552116394,0.976232647895813,0.9653704166412354
829,2881,10,1.5534158254837394e-05,0.9365819692611694,0.7034311890602112,0.9498876929283142,0.705716609954834
830,2942,10,0.0002925761749312805,0.07427935302257538,0.798340380191803,0.0846065878868103,0.8327024579048157
831,3024,10,7.50527102324483e-05,0.8366197347640991,0.297082781791687,0.8629158735275269,0.3027372658252716
832,3037,10,1.6292584444244085e-05,0.9180300831794739,0.8234229683876038,0.9324235916137695,0.8251792788505554
833,3114,10,0.00010109982456940614,0.8670147061347961,0.24746321141719818,0.891007125377655,0.25286731123924255
834,3177,10,9.321356807490133e-05,0.8366196751594543,0.8071958422660828,0.8614959120750427,0.8133594989776611
835,3222,10,0.00014369049190454675,0.22070881724357605,0.8364201188087463,0.2268981784582138,0.8663396835327148
836,3254,10,0.00012911315306052273,0.2374723106622696,0.8364201188087463,0.24334698915481567,0.8662853837013245
837,3257,10,0.00014620466930603815,0.01400016713887453,0.7983403205871582,0.01999223791062832,0.8330919742584229
838,3263,10,9.801530708308803e-05,0.7980702519416809,0.8364201188087463,0.8032511472702026,0.8638673424720764
839,3268,10,7.07477798453926e-05,0.8366196751594543,0.07286296039819717,0.8635232448577881,0.07720820605754852
840,49,9,1.4311148532897278e-06,0.9365819692611694,0.25950682163238525,0.9504987001419067,0.25983214378356934
841,60,9,3.5115421717080153e-06,0.7502722144126892,0.9176657199859619,0.7511432766914368,0.9334808588027954
842,82,9,7.151806747174305e-05,0.5294355154037476,0.8364201188087463,0.5345196723937988,0.8652336597442627
843,85,9,2.1090432390735714e-05,0.8670145869255066,0.7273477911949158,0.8897491693496704,0.7295545935630798
844,125,9,4.292760586110944e-06,0.5502986907958984,0.9539369940757751,0.5509992241859436,0.9641714692115784
845,220,9,0.0002072813617512992,0.6850927472114563,0.8364201188087463,0.6940739154815674,0.8641956448554993
846,460,9,2.28585528052605e-05,0.37138688564300537,0.9176657795906067,0.37409237027168274,0.933935284614563
847,490,9,0.0002616643032062882,0.6286759972572327,0.8364201188087463,0.6397110223770142,0.8646486401557922
848,509,9,8.980239520450795e-06,0.9365820288658142,0.20666688680648804,0.9504948258399963,0.20882810652256012
849,534,9,0.0002159182500820478,0.8670147061347961,0.28059014678001404,0.8905068039894104,0.2926170527935028
850,543,9,0.00015780324194203388,0.6755035519599915,0.8364200592041016,0.6820184588432312,0.8643684387207031
851,586,9,8.437715823816916e-07,0.7357988953590393,0.967793881893158,0.7360901236534119,0.9768255352973938
852,713,9,0.00020785249467225597,0.9180300831794739,0.19708023965358734,0.9329426288604736,0.20578113198280334
853,804,9,2.3878634797469545e-05,0.8670146465301514,0.32827410101890564,0.8908519148826599,0.33164337277412415
854,808,9,0.00011656655356873102,0.8366196751594543,0.6750959157943726,0.8613855838775635,0.6861104965209961
855,827,9,5.549556388206867e-06,0.2245396226644516,0.8959178328514099,0.22533701360225677,0.9143620729446411
856,843,9,0.00018230471019808903,0.936582088470459,0.36721208691596985,0.9499377608299255,0.3765649199485779
857,845,9,0.00011565237106125892,0.5051900744438171,0.9377777576446533,0.5170852541923523,0.9497976303100586
858,899,9,0.00020098918756517037,0.9365819692611694,0.5244566202163696,0.9498224258422852,0.5319226980209351
859,927,9,0.0002485781540606524,0.7938631772994995,0.4433062672615051,0.8304736018180847,0.4570987820625305
860,1069,9,3.603852596434365e-05,0.6107133030891418,0.8706486225128174,0.6141467690467834,0.8916274309158325
861,1071,9,3.932017012964195e-05,0.6039708256721497,0.8706486225128174,0.6076390147209167,0.8916406631469727
862,1082,9,6.53641882397693e-05,0.8670147061347961,0.33471766114234924,0.8908014297485352,0.3389092981815338
863,1197,9,2.3516423501845907e-06,0.34625616669654846,0.9377778172492981,0.34670984745025635,0.9505643844604492
864,1227,9,4.3350064222735796e-05,0.8946393132209778,0.40545615553855896,0.9140288233757019,0.4102327227592468
865,1228,9,9.437081893626242e-05,0.46183499693870544,0.8706486225128174,0.46934643387794495,0.891708493232727
866,1239,9,1.308526345278338e-05,0.9365819692611694,0.24746555089950562,0.9504263997077942,0.24986939132213593
867,1256,9,8.150170554444003e-06,0.41344714164733887,0.9377778172492981,0.4144078493118286,0.9504836797714233
868,1274,9,7.312649199064936e-05,0.8366197347640991,0.15918171405792236,0.8632900714874268,0.1646541804075241
869,1278,9,7.662344969805446e-05,0.8670147061347961,0.38378170132637024,0.8906054496765137,0.39006122946739197
870,1342,9,0.00016820084521018686,0.4301208555698395,0.8706486225128174,0.44296836853027344,0.8914999961853027
871,1359,9,0.000158304270583276,0.17280183732509613,0.9176658391952515,0.18339821696281433,0.9339702129364014
872,1398,9,0.00018162541499222584,0.8366197347640991,0.38185593485832214,0.8620522618293762,0.39768075942993164
873,1476,9,4.236230110254979e-05,0.894639253616333,0.2441263496875763,0.9144235253334045,0.24791908264160156
874,1536,9,6.508548945660664e-05,0.37716659903526306,0.9176657199859619,0.3840475380420685,0.9337263703346252
875,1565,9,6.921678807891851e-05,0.6427853107452393,0.8364201784133911,0.6483525037765503,0.8647932410240173
876,1586,9,3.171169353599623e-05,0.5976583957672119,0.8706486225128174,0.6008965373039246,0.8916653394699097
877,1596,9,0.00012076400837024437,0.7721458673477173,0.8706486225128174,0.7797352075576782,0.8909952044487
878,1643,9,0.00023073291452391231,0.35706815123558044,0.798340380191803,0.3674434423446655,0.8316154479980469
879,1679,9,0.00021910196010654914,0.8366197347640991,0.2847220301628113,0.8627735376358032,0.2940084934234619
880,1684,9,0.00013763318871262697,0.8670146465301514,0.6922578811645508,0.8895357847213745,0.7000033855438232
881,1736,9,1.8201550270546818e-05,0.8946393728256226,0.7850690484046936,0.9134361743927002,0.7877275347709656
882,1775,9,0.0002112857577412086,0.5673401951789856,0.8364201188087463,0.5836340188980103,0.8644995093345642
883,1795,9,0.00022311552287868075,0.8670147061347961,0.06926384568214417,0.891391396522522,0.07933825999498367
884,1839,9,1.5360607369174772e-05,0.8670146465301514,0.6875771880149841,0.8898478150367737,0.6891836524009705
885,1855,9,1.0276179570389843e-05,0.8670146465301514,0.3931354582309723,0.8908349275588989,0.39444583654403687
886,1895,9,0.00010278770428095996,0.8946393132209778,0.20539988577365875,0.9141420722007751,0.21583367884159088
887,2220,9,3.607238827640913e-06,0.7628944516181946,0.9377778172492981,0.7632684707641602,0.9500371217727661
888,2319,9,0.00039373920920660055,0.8366196751594543,0.8224802017211914,0.8608283996582031,0.8408968448638916
889,2379,9,0.00026213802633678895,0.08002956956624985,0.8364201784133911,0.08968822658061981,0.8668358325958252
890,2388,9,2.525809344788854e-06,0.8989948034286499,0.9176657199859619,0.8996922373771667,0.9332083463668823
891,2455,9,7.547066342450393e-05,0.4862959682941437,0.8706486225128174,0.49145597219467163,0.8917393684387207
892,2469,9,4.167217911188459e-06,0.9180301427841187,0.6466579437255859,0.9326927661895752,0.647733747959137
893,2525,9,0.00015386521229476813,0.2998693585395813,0.8364201784133911,0.30791357159614563,0.8659956455230713
894,2535,9,3.098781138000106e-05,0.6994171738624573,0.8706485629081726,0.7027074098587036,0.8913405537605286
895,2631,9,6.801354228758161e-05,0.894639253616333,0.04811454191803932,0.9147576093673706,0.05437209829688072
896,2646,9,3.512799411797829e-05,0.12253525108098984,0.8706486225128174,0.1262790709733963,0.8927592039108276
897,2726,9,0.00037954115880256545,0.0467994287610054,0.8364201784133911,0.060842424631118774,0.8666951060295105
898,2775,9,0.0001916971313846716,0.5169110894203186,0.8364201784133911,0.5263612270355225,0.8650274872779846
899,2779,9,0.00016805534016839374,0.6560397744178772,0.8364201188087463,0.663698673248291,0.8643936514854431
900,2785,9,1.3961004417861744e-05,0.16852620244026184,0.9176657795906067,0.1697276085615158,0.934442937374115
901,2817,9,2.92912326926853e-06,0.9538222551345825,0.5010508298873901,0.9653356075286865,0.5016840696334839
902,2819,9,7.957657887036618e-05,0.11417876183986664,0.8706486225128174,0.11946102976799011,0.8927174210548401
903,2875,9,8.96920493911324e-05,0.5532724261283875,0.8364201784133911,0.560392439365387,0.8650221228599548
904,2877,9,3.05866501340013e-05,0.09898534417152405,0.9539369344711304,0.10238166898488998,0.964532196521759
905,2943,9,0.00021602806730136592,0.6971481442451477,0.8364201188087463,0.7074796557426453,0.8641008138656616
906,2944,9,0.00022569682545636738,0.5867082476615906,0.8364201188087463,0.5969380736351013,0.8647881150245667
907,2963,9,5.411410580968834e-06,0.9180300831794739,0.26233890652656555,0.9332396388053894,0.2629952132701874
908,3031,9,9.637526328014692e-05,0.8366197347640991,0.0015371559420600533,0.863940417766571,0.006627061869949102
909,3067,9,0.00024595983598679066,0.0015371403424069285,0.8364201188087463,0.011082683689892292,0.8673467636108398
910,3103,9,0.0001017301596046849,0.8366197347640991,0.6535447835922241,0.8616493344306946,0.6600496768951416
911,3293,9,9.767772128910224e-06,0.8670146465301514,0.8648471236228943,0.889420211315155,0.8659731149673462
912,3297,9,6.594064796594523e-05,0.8366197347640991,0.8533340692520142,0.8614997863769531,0.8564559817314148
913,157,8,1.710275908095582e-05,0.894639253616333,0.6036370396614075,0.9137240052223206,0.606134295463562
914,193,8,3.795003188478141e-06,0.05473744124174118,0.9806400537490845,0.055698517709970474,0.9863086342811584
915,245,8,7.832628337656189e-05,0.9180300831794739,0.45091530680656433,0.9324681162834167,0.46164557337760925
916,261,8,0.00017953866944786512,0.936582088470459,0.3524206876754761,0.9498212933540344,0.36413782835006714
917,305,8,0.00018974621756129295,0.9180300831794739,0.6167179346084595,0.9321528077125549,0.6290612816810608
918,343,8,7.348966300302351e-05,0.9180300235748291,0.34420809149742126,0.9326832890510559,0.35308802127838135
919,380,8,0.00033262052353304206,0.8670147061347961,0.0015371283516287804,0.8912794589996338,0.01740877702832222
920,445,8,0.00010895324901127879,0.8670146465301514,0.8414266705513,0.8893039226531982,0.8471508622169495
921,577,8,6.79362721136556e-05,0.5853371620178223,0.9377777576446533,0.5930548906326294,0.949905514717102
922,578,8,0.00011066101142809259,0.8670146465301514,0.7492752075195312,0.8894206285476685,0.7569890022277832
923,592,8,1.653811055213339e-05,0.9180301427841187,0.3889671266078949,0.9329712390899658,0.3909158408641815
924,652,8,0.00014442300827788301,0.8366197347640991,0.6272709965705872,0.8616545796394348,0.6346631646156311
925,657,8,0.0002236544907816551,0.38827621936798096,0.8706486225128174,0.4010048806667328,0.8915567994117737
926,787,8,0.00015609413293482532,0.894639253616333,0.5908982157707214,0.9133793711662292,0.6005628108978271
927,803,8,1.8697301415571133e-05,0.8033227324485779,0.8706485629081726,0.8053616285324097,0.8911987543106079
928,982,8,0.00010665520877850554,0.8366197943687439,0.5714606046676636,0.8618739247322083,0.5766228437423706
929,1085,8,0.00023096548668810613,0.6562801599502563,0.8959178328514099,0.6724582314491272,0.9127562046051025
930,1090,8,1.3688003477341226e-06,0.34115493297576904,0.967793881893158,0.34151172637939453,0.9771479964256287
931,1093,8,1.2938725455491351e-06,0.9688326120376587,0.18005064129829407,0.9774092435836792,0.1803845465183258
932,1102,8,3.459775632919104e-05,0.9180301427841187,0.909278154373169,0.9321001768112183,0.9145110249519348
933,1146,8,1.1955926279672013e-05,0.8670147061347961,0.24317994713783264,0.891217052936554,0.24438881874084473
934,1257,8,1.7676661981269604e-05,0.819261908531189,0.8706486225128174,0.8224153518676758,0.8911314606666565
935,1279,8,2.991119858819502e-05,0.8874980211257935,0.8706486225128174,0.8899215459823608,0.8910289406776428
936,1280,8,2.1806676997471186e-05,0.4683513641357422,0.8959178328514099,0.4708692133426666,0.9138408303260803
937,1286,8,0.00012719393113158617,0.8670146465301514,0.7326288819313049,0.8893421292304993,0.7423856854438782
938,1306,8,5.6780713049597864e-05,0.8670147061347961,0.4303886592388153,0.8905344605445862,0.43449878692626953
939,1316,8,0.00011259025363052899,0.8670147061347961,0.2559415400028229,0.8908753395080566,0.26381996273994446
940,1352,8,0.00021430347626250068,0.8946393132209778,0.32665252685546875,0.9137877225875854,0.3392483592033386
941,1371,8,0.00013501740222965353,0.8946391940116882,0.12521058320999146,0.9142885208129883,0.13708391785621643
942,1377,8,7.467001898575631e-05,0.8670146465301514,0.8040546178817749,0.8894516825675964,0.8084380030632019
943,1460,8,0.00019753957288592972,0.3951464295387268,0.8364201188087463,0.41488417983055115,0.8650497794151306
944,1499,8,5.542268226577107e-07,0.9805992245674133,0.6707242131233215,0.9867829084396362,0.6709100604057312
945,1501,8,6.439385225620597e-05,0.9538223147392273,0.2072930634021759,0.9651218056678772,0.21742033958435059
946,1519,8,5.4545073329137495e-05,0.9180300831794739,0.5520932674407959,0.932457685470581,0.5588953495025635
947,1521,8,2.7616626855575532e-05,0.9180300235748291,0.8282536864280701,0.9322900772094727,0.8321939706802368
948,1553,8,2.4561530580946567e-05,0.894639253616333,0.3040951192378998,0.9143646359443665,0.30700352787971497
949,1557,8,6.872858952000627e-05,0.30013665556907654,0.8959178328514099,0.30818498134613037,0.9138776063919067
950,1559,8,2.7737953615769584e-05,0.8946393132209778,0.5618346929550171,0.9137530326843262,0.5643512010574341
951,1561,8,2.7020614984607505e-05,0.36581951379776,0.9176657795906067,0.3683125674724579,0.9339492917060852
952,1562,8,2.1917380738756265e-05,0.9180300235748291,0.2660694420337677,0.9331165552139282,0.2685694396495819
953,1585,8,1.778059790247255e-05,0.9180300831794739,0.08262540400028229,0.93336421251297,0.084671251475811
954,1589,8,8.59587661157235e-05,0.7720940709114075,0.8959178328514099,0.7778515815734863,0.9130160808563232
955,1630,8,0.00025929763790832894,0.8366197347640991,0.14014175534248352,0.8630624413490295,0.15105362236499786
956,1727,8,0.00019056391381067073,0.8670147061347961,0.21711383759975433,0.8907958269119263,0.22807097434997559
957,1907,8,0.0001763489775989946,0.8670147061347961,0.23114518821239471,0.8908668160438538,0.24010565876960754
958,1947,8,9.753654014232893e-06,0.9688326716423035,0.8829320669174194,0.9762346148490906,0.885649561882019
959,1967,8,0.0001402988628260715,0.9538223147392273,0.3644474446773529,0.9649786949157715,0.3754314184188843
960,2025,8,2.030930589924651e-06,0.5591014623641968,0.9377778172492981,0.5593648552894592,0.9503047466278076
961,2073,8,3.657426752834425e-05,0.488036572933197,0.8959178328514099,0.49213021993637085,0.9137040376663208
962,2359,8,1.1469890425885865e-05,0.8653839230537415,0.9176658391952515,0.8663954138755798,0.9332409501075745
963,2470,8,7.107135856054825e-05,0.8946391940116882,0.027385002002120018,0.9148258566856384,0.03304510563611984
964,2502,8,4.632571219076453e-06,0.9180300831794739,0.8780126571655273,0.9323925375938416,0.878541111946106
965,2521,8,0.000186047260861244,0.8366197347640991,0.10823871195316315,0.8632394671440125,0.11667798459529877
966,2530,8,0.0002610272405076941,0.38188982009887695,0.8364201784133911,0.3920721411705017,0.8655292391777039
967,2569,8,0.00021450552517165988,0.7630032300949097,0.8364201784133911,0.7734233736991882,0.8636589050292969
968,2600,8,3.8046778567668582e-06,0.08245498687028885,0.9377778172492981,0.08298984169960022,0.9508430361747742
969,2613,8,0.00020543461673572239,0.8366197347640991,0.18389905989170074,0.8629447817802429,0.19433100521564484
970,2667,8,2.6338579520057692e-05,0.8604601621627808,0.8959178328514099,0.863639771938324,0.9130632281303406
971,2672,8,0.00010027497368625404,0.8366197347640991,0.1677285134792328,0.8632221221923828,0.17388801276683807
972,2735,8,5.797985854449905e-05,0.8670146465301514,0.6192653179168701,0.8899009227752686,0.6245237588882446
973,2759,8,0.0002506272116633568,0.8670147061347961,0.5161662101745605,0.8899351954460144,0.5294160842895508
974,2770,8,5.921271865538813e-05,0.8670146465301514,0.7878040671348572,0.889406144618988,0.7933945655822754
975,2820,8,5.353635267546508e-05,0.8946393132209778,0.7301226854324341,0.9134443402290344,0.7343480587005615
976,2859,8,9.112299165892068e-06,0.8694697022438049,0.9176657795906067,0.8709383010864258,0.933211088180542
977,2894,8,3.3246615060988916e-06,0.9365820288658142,0.44707703590393066,0.9502751231193542,0.44773223996162415
978,2895,8,7.348443216947942e-05,0.29397860169410706,0.8706486225128174,0.299643337726593,0.8922688961029053
979,2905,8,2.704336972803034e-06,0.9805991053581238,0.06939341127872467,0.9878421425819397,0.06985481083393097
980,2911,8,8.15939268505872e-06,0.7768117189407349,0.9377778172492981,0.777824878692627,0.9499975442886353
981,2919,8,1.3378575625111466e-06,0.9805991649627686,0.42121291160583496,0.9871503114700317,0.4215523898601532
982,2921,8,2.1476353868621345e-06,0.9805992245674133,0.5225433707237244,0.9869900345802307,0.5232312083244324
983,3027,8,3.205902053871057e-05,0.8946393132209778,0.72417813539505,0.9135274291038513,0.7270485162734985
984,3042,8,1.5150670119368215e-05,0.4758712351322174,0.9377777576446533,0.47808486223220825,0.9503216743469238
985,3044,8,4.943790546541038e-05,0.9180300831794739,0.8412235975265503,0.9322320222854614,0.8456271290779114
986,3045,8,0.00012442940411716563,0.7927412390708923,0.8706486225128174,0.8002484440803528,0.8909369707107544
987,3082,8,3.420058164849138e-05,0.9027665257453918,0.9176657795906067,0.9066089987754822,0.9330406785011292
988,3087,8,4.391556241323258e-05,0.5417075157165527,0.8706486225128174,0.5468329191207886,0.8916788101196289
989,3094,8,7.702431952960609e-05,0.8670146465301514,0.39752015471458435,0.8906277418136597,0.4025821387767792
990,3133,8,1.1779584443871727e-05,0.8670146465301514,0.8191827535629272,0.8895531296730042,0.8203741908073425
991,3208,8,1.5321855868499767e-06,0.9688326716423035,0.12915709614753723,0.977455735206604,0.1294509619474411
992,3224,8,3.4770598874800385e-05,0.894639253616333,0.8338244557380676,0.9133175611495972,0.8370853662490845
993,42,7,3.3445708832680054e-05,0.42014360427856445,0.8959178328514099,0.42441630363464355,0.9138035178184509
994,59,7,1.7439128825458283e-06,0.9365820288658142,0.924037754535675,0.9497398138046265,0.9245927929878235
995,93,7,5.225163841604541e-06,0.9538222551345825,0.16423019766807556,0.9656336903572083,0.16492010653018951
996,109,7,0.00031237210946066796,0.8670146465301514,0.7030776143074036,0.889117419719696,0.719054639339447
997,196,7,6.044588311659993e-06,0.9538222551345825,0.4153367877006531,0.9654053449630737,0.41635024547576904
998,338,7,0.0002842850889974713,0.894639253616333,0.26952311396598816,0.9138904213905334,0.282687246799469
999,354,7,3.476568558591353e-06,0.9538222551345825,0.11116369813680649,0.9656786322593689,0.11157609522342682
1000,355,7,2.038425840122926e-06,0.9688326120376587,0.19476118683815002,0.9773925542831421,0.19513680040836334
1001,386,7,0.00016558803909560993,0.8946393132209778,0.8486571311950684,0.912922203540802,0.8592545986175537
1002,444,7,8.303366321449346e-05,0.5936548709869385,0.8959178328514099,0.5995178818702698,0.9133810997009277
1003,505,7,9.780870538422803e-05,0.22506408393383026,0.9377778172492981,0.2344544529914856,0.9502511024475098
1004,511,7,7.963130766630577e-05,0.10750637948513031,0.8959177732467651,0.11364715546369553,0.9142451882362366
1005,541,7,0.00022182115732372054,0.8670147061347961,0.17317558825016022,0.8903307914733887,0.19528327882289886
1006,599,7,1.4926473777432392e-05,0.10257912427186966,0.8959178328514099,0.10443209856748581,0.9144818186759949
1007,757,7,5.149839559237535e-07,0.5626897215843201,0.9806400537490845,0.5628848075866699,0.9855431318283081
1008,769,7,6.69852474807775e-06,0.9180300235748291,0.014656170271337032,0.933479905128479,0.01569405198097229
1009,805,7,1.4392464985135689e-05,0.4153003692626953,0.8959178328514099,0.41706928610801697,0.9139356017112732
1010,812,7,6.5284156320899456e-06,0.894639253616333,0.8727169036865234,0.9133743643760681,0.8739050626754761
1011,813,7,6.981624009583243e-06,0.894639253616333,0.8017392158508301,0.913433849811554,0.8035520911216736
1012,814,7,7.050905129479812e-06,0.021397771313786507,0.8959177732467651,0.023270051926374435,0.9145914316177368
1013,928,7,0.0002816445761406605,0.8670147061347961,0.09478066116571426,0.8913610577583313,0.102695532143116
1014,1013,7,5.452431382924061e-05,0.8946391940116882,0.019628068432211876,0.9148995280265808,0.024310721084475517
1015,1026,7,4.7910433578435274e-05,0.10675355792045593,0.9176657795906067,0.11371222138404846,0.934361457824707
1016,1038,7,0.00020982915290623794,0.5265741944313049,0.8706485629081726,0.5386332273483276,0.8913371562957764
1017,1054,7,2.4617605678400878e-06,0.7573606967926025,0.9677938222885132,0.7577553391456604,0.97678542137146
1018,1063,7,0.00016942782310813698,0.3089040219783783,0.8706486225128174,0.31953585147857666,0.8919922709465027
1019,1092,7,1.4333571962676928e-06,0.9688326120376587,0.07189816236495972,0.977519154548645,0.0723174437880516
1020,1244,7,2.416142872441185e-05,0.7852531671524048,0.9176657199859619,0.7877915501594543,0.9332978129386902
1021,1258,7,1.2117135602451867e-05,0.48301932215690613,0.8959178328514099,0.4849622845649719,0.9138220548629761
1022,1260,7,3.546342855464957e-05,0.9365819692611694,0.8875980973243713,0.9495629668235779,0.8925995230674744
1023,1310,7,6.6711457271662056e-06,0.9180300831794739,0.12163931131362915,0.9333248138427734,0.12403840571641922
1024,1386,7,7.226867638721046e-05,0.9365819692611694,0.9059228301048279,0.9493837952613831,0.9138561487197876
1025,1403,7,1.9367807837511464e-06,0.9805991649627686,0.5948895215988159,0.9868701696395874,0.5953156352043152
1026,1475,7,7.774753682632252e-05,0.7828095555305481,0.8706485629081726,0.7896669507026672,0.8909794688224792
1027,1488,7,6.546047903377428e-05,0.8670147061347961,0.26689425110816956,0.8909231424331665,0.27129530906677246
1028,1510,7,3.704614522170857e-05,0.7809258699417114,0.8959178328514099,0.78536456823349,0.9130702614784241
1029,1511,7,3.427887948959096e-05,0.5719908475875854,0.9176658391952515,0.5761735439300537,0.9336187839508057
1030,1583,7,1.7750883118061722e-05,0.283038854598999,0.9176657795906067,0.2851872146129608,0.9341714382171631
1031,1597,7,1.3223627112424197e-05,0.3039468824863434,0.9539369344711304,0.305747389793396,0.9643827080726624
1032,1601,7,2.1709227652211283e-06,0.03985781595110893,0.967793881893158,0.040273021906614304,0.9774877429008484
1033,1606,7,1.6170592029851605e-06,0.9651449918746948,0.967793881893158,0.9654662013053894,0.9765052795410156
1034,1626,7,8.883744104792868e-05,0.894639253616333,0.8401595950126648,0.913201093673706,0.8455827832221985
1035,1636,7,1.307597710109576e-06,0.7608295679092407,0.9677938222885132,0.7611371278762817,0.9767822027206421
1036,1702,7,3.57878689047908e-05,0.7313684225082397,0.8959178328514099,0.7341269850730896,0.913227915763855
1037,1705,7,9.162699226905602e-06,0.35489368438720703,0.8959178328514099,0.3561444878578186,0.914117157459259
1038,1720,7,2.124007434289865e-05,0.6899694800376892,0.9176657795906067,0.6931172609329224,0.9335271716117859
1039,1784,7,0.00022437236426142704,0.7243720889091492,0.8706485629081726,0.7368063926696777,0.8907960057258606
1040,1955,7,0.0002439660075115313,0.8670147061347961,0.4891009032726288,0.889989972114563,0.5021801590919495
1041,2029,7,7.95875182646455e-07,0.6635987162590027,0.9677938222885132,0.6637710332870483,0.9768989086151123
1042,2048,7,2.583348640250449e-05,0.9180301427841187,0.6918480396270752,0.9325048923492432,0.6948446035385132
1043,2152,7,4.08191746767983e-05,0.8747514486312866,0.8959178328514099,0.8775689005851746,0.9130589365959167
1044,2153,7,3.3256962361782882e-06,0.9538222551345825,0.09709621965885162,0.9656677842140198,0.09805862605571747
1045,2262,7,3.094381082924258e-05,0.5836401581764221,0.8706486225128174,0.5863358974456787,0.8917637467384338
1046,2329,7,9.589705512791369e-06,0.9365820288658142,0.21190237998962402,0.9505251049995422,0.21296922862529755
1047,2459,7,5.742607958936219e-06,0.9223852753639221,0.9377778172492981,0.923130989074707,0.9498180150985718
1048,2471,7,0.00013235353707408137,0.36754676699638367,0.8706486225128174,0.3759898841381073,0.8918367028236389
1049,2472,7,0.0001200761191073596,0.894639253616333,0.2857615053653717,0.9141071438789368,0.2943141758441925
1050,2477,7,0.00012050247678541126,0.3512501120567322,0.8706486225128174,0.3584038019180298,0.8920177221298218
1051,2489,7,0.0001099984879466831,0.49453026056289673,0.8706486225128174,0.5063831210136414,0.8913922905921936
1052,2520,7,0.00010469385383782281,0.4521690309047699,0.8706486225128174,0.45876067876815796,0.8917721509933472
1053,2598,7,3.004809105533468e-06,0.9538223147392273,0.6814944744110107,0.9651141166687012,0.6818152070045471
1054,2829,7,1.9452170884726172e-05,0.21158282458782196,0.9176657199859619,0.2136223167181015,0.9343043565750122
1055,2843,7,7.659346627697516e-05,0.8671972155570984,0.8706486225128174,0.8737398386001587,0.890872597694397
1056,2845,7,2.2456296164818923e-05,0.8946393132209778,0.876979410648346,0.9132676720619202,0.8799481391906738
1057,2855,7,0.00013622425929127324,0.8670147061347961,0.02048311196267605,0.8915649652481079,0.029742436483502388
1058,2904,7,1.7817613873205573e-06,0.9805991649627686,0.7099640369415283,0.9867107272148132,0.7104305028915405
1059,2927,7,0.000107207422091804,0.8670147061347961,0.505254328250885,0.8902216553688049,0.5130919218063354
1060,2979,7,0.00011524108954041878,0.8946391940116882,0.1834215223789215,0.9142757058143616,0.19166608154773712
1061,2997,7,6.856113333064684e-05,0.7239463329315186,0.8959178924560547,0.7282941341400146,0.9131762385368347
1062,3013,7,3.72668253105779e-05,0.19936859607696533,0.8959178328514099,0.20233705639839172,0.9142833352088928
1063,3060,7,6.204688491706634e-05,0.894639253616333,0.31555548310279846,0.9142848253250122,0.3196159899234772
1064,3090,7,2.9802733008121862e-05,0.1393110156059265,0.9176658391952515,0.14293472468852997,0.9344370365142822
1065,3122,7,7.17478378406966e-05,0.07579439133405685,0.9176657199859619,0.08100390434265137,0.9345082640647888
1066,3141,7,2.3520668797516464e-05,0.5234247446060181,0.8959178328514099,0.5266118049621582,0.9136970639228821
1067,3151,7,5.378194801863856e-05,0.6868518590927124,0.8706486225128174,0.6918094754219055,0.8912714719772339
1068,3164,7,0.00018621166818633128,0.8670146465301514,0.6275979280471802,0.8895947337150574,0.6369987726211548
1069,3165,7,0.00022860522361511926,0.8670147061347961,0.6011274456977844,0.8894379138946533,0.6161909699440002
1070,3209,7,1.6146373695846705e-06,0.9688326716423035,0.724880039691925,0.9766266942024231,0.7252650260925293
1071,147,6,8.955215280437301e-07,0.40310847759246826,0.9806400537490845,0.40341007709503174,0.9857673645019531
1072,235,6,1.3681782186636404e-06,0.008726409636437893,0.9677938222885132,0.00895631778985262,0.9775658249855042
1073,256,6,0.00010824057082636784,0.06686700880527496,0.8959178328514099,0.07653921097517014,0.9141333699226379
1074,387,6,0.0001893989112655703,0.5094574093818665,0.8706486225128174,0.5234999060630798,0.8912395238876343
1075,418,6,0.00024527554234721194,0.16586032509803772,0.8959178328514099,0.1812696009874344,0.9136784672737122
1076,478,6,2.39619796538193e-06,0.8423668146133423,0.9539369940757751,0.8428080081939697,0.9638828039169312
1077,496,6,9.105336224202176e-05,0.9538222551345825,0.8796148896217346,0.9642759561538696,0.8900522589683533
1078,557,6,0.00011169884944095543,0.8946393132209778,0.8623288869857788,0.9130781888961792,0.8696426749229431
1079,603,6,9.030706246804243e-06,0.323708713054657,0.9677938222885132,0.3265741467475891,0.9770536422729492
1080,640,6,3.8796633718973794e-05,0.22172023355960846,0.9677938222885132,0.22528798878192902,0.9771910309791565
1081,667,6,0.00012940718416487584,0.6029559969902039,0.9176657795906067,0.612329363822937,0.933320939540863
1082,673,6,0.00011655307458791064,0.9538223147392273,0.12061547487974167,0.9652438163757324,0.12943068146705627
1083,679,6,0.0001941858598142332,0.2882614731788635,0.9176657795906067,0.30349764227867126,0.9335160255432129
1084,741,6,1.8079361190359577e-06,0.7898390889167786,0.967793881893158,0.7901383638381958,0.976768970489502
1085,776,6,9.420822260963746e-06,0.9180300235748291,0.5001123547554016,0.9328843951225281,0.5017974972724915
1086,777,6,1.2693130183372148e-05,0.9180300235748291,0.131421759724617,0.9333294630050659,0.13360318541526794
1087,815,6,4.763674596119927e-06,0.6205822229385376,0.9176657199859619,0.6213967204093933,0.933731734752655
1088,872,6,0.0002376315726824174,0.8946391940116882,0.08087462931871414,0.914230227470398,0.09539253264665604
1089,903,6,8.062397800689958e-05,0.9365820288658142,0.08754479140043259,0.9504585862159729,0.09453684836626053
1090,943,6,0.00020913234339037245,0.9180300831794739,0.4284202456474304,0.9323174953460693,0.4424932301044464
1091,947,6,0.0001624109732194512,0.9180300235748291,0.526863694190979,0.9323553442955017,0.5371546745300293
1092,1016,6,0.00011517885389800142,0.9180300235748291,0.7153655290603638,0.9321177005767822,0.7253950834274292
1093,1020,6,0.00011443709088965193,0.39491143822669983,0.9176657795906067,0.40618425607681274,0.9334877133369446
1094,1023,6,3.595161702829586e-05,0.06288191676139832,0.9176657199859619,0.06711307168006897,0.9345765709877014
1095,1099,6,2.862774222212039e-05,0.9180300831794739,0.2564709484577179,0.9331380724906921,0.2592645287513733
1096,1202,6,1.4805982981869192e-06,0.9688326120376587,0.9349850416183472,0.9762701988220215,0.9353936314582825
1097,1222,6,6.4483981869756235e-06,0.9088716506958008,0.8959178328514099,0.9099376797676086,0.9130619168281555
1098,1230,6,1.650578608103359e-05,0.9688326120376587,0.42974144220352173,0.9770011305809021,0.4329187870025635
1099,1231,6,3.959588649848911e-05,0.9365819096565247,0.22842559218406677,0.9503408074378967,0.2328648716211319
1100,1232,6,2.2915883225227418e-05,0.9180300235748291,0.14886927604675293,0.9332552552223206,0.15197411179542542
1101,1269,6,9.189409891696698e-06,0.9538222551345825,0.06679248064756393,0.9656627774238586,0.06833823025226593
1102,1283,6,1.546084711812057e-05,0.5542089939117432,0.9377778172492981,0.5560272336006165,0.9502283334732056
1103,1285,6,1.257831257817088e-06,0.7608610391616821,0.9806401133537292,0.7612332701683044,0.9852455258369446
1104,1363,6,0.00010856259291180947,0.3295663595199585,0.8959178328514099,0.3381737768650055,0.9138104915618896
1105,1385,6,8.120160254421194e-06,0.8234791159629822,0.967793881893158,0.8245771527290344,0.976685106754303
1106,1412,6,7.179649801525301e-05,0.9180300831794739,0.17307521402835846,0.9330309629440308,0.18039695918560028
1107,1436,6,0.0003869169450094745,0.7814456224441528,0.8364201784133911,0.7949959635734558,0.8634663224220276
1108,1456,6,7.205480743133208e-05,0.20625533163547516,0.8706486225128174,0.2122587114572525,0.8924339413642883
1109,1473,6,4.905511578456867e-05,0.04674694687128067,0.9176657199859619,0.05210121348500252,0.9345212578773499
1110,1491,6,5.837338092717914e-05,0.9538222551345825,0.37850573658943176,0.9650862216949463,0.38730165362358093
1111,1528,6,5.168325867188628e-05,0.4143848121166229,0.9176657199859619,0.4204697608947754,0.9337151050567627
1112,1552,6,1.2162388127734403e-05,0.9180300831794739,0.768682599067688,0.932491660118103,0.7707343101501465
1113,1566,6,3.306281782666787e-05,0.461550772190094,0.8959178328514099,0.4652771055698395,0.913780689239502
1114,1580,6,1.3221489703951761e-05,0.9180300831794739,0.9282947182655334,0.9322787523269653,0.92984539270401
1115,1660,6,0.00026044531015356753,0.8366197347640991,0.22125281393527985,0.8629336357116699,0.22914361953735352
1116,1699,6,8.992268114305091e-05,0.45514971017837524,0.9539369940757751,0.4605901837348938,0.9640340209007263
1117,1724,6,1.722887413180274e-05,0.6154036521911621,0.9176658391952515,0.6175079345703125,0.93367600440979
1118,1737,6,6.282676690005928e-06,0.8080511093139648,0.9377778172492981,0.8092959523200989,0.9499480128288269
1119,1793,6,0.00012215574558105402,0.9180300831794739,0.8487014770507812,0.9319713115692139,0.8579662442207336
1120,1822,6,0.00023931436963309238,0.7938631176948547,0.7813678979873657,0.8286756277084351,0.7881116271018982
1121,1837,6,1.7307893660500895e-05,0.909683346748352,0.9176657795906067,0.9122943878173828,0.9330753684043884
1122,1853,6,4.247082399544411e-06,0.4426945149898529,0.9176657199859619,0.44327512383461,0.9339755773544312
1123,1876,6,1.1864541290762531e-05,0.9365820288658142,0.6836461424827576,0.9499256014823914,0.6856793165206909
1124,1926,6,0.0001007090991960169,0.9538223147392273,0.43901151418685913,0.9650291800498962,0.44735899567604065
1125,1941,6,0.00020872384278369793,0.6547240018844604,0.8706486225128174,0.6650741696357727,0.8910828232765198
1126,1949,6,3.1009122665182076e-06,0.9243389368057251,0.9806400537490845,0.92552649974823,0.9849263429641724
1127,2031,6,1.137107380699831e-06,0.9688326120376587,0.7215673327445984,0.9766352772712708,0.7218058109283447
1128,2058,6,0.00015816570782067885,0.9180300235748291,0.37342607975006104,0.9324502944946289,0.3858928382396698
1129,2123,6,4.906672982585292e-06,0.9379761815071106,0.9539368748664856,0.9386071562767029,0.9637441635131836
1130,2131,6,5.571543503946064e-05,0.03015151619911194,0.9176657199859619,0.036987800151109695,0.9344711303710938
1131,2138,6,2.8110681919990554e-05,0.9365819692611694,0.2529436945915222,0.9503501653671265,0.25643253326416016
1132,2171,6,9.76586560854642e-05,0.2727448344230652,0.9176658391952515,0.27996453642845154,0.9339454770088196
1133,2211,6,5.9341849940608427e-05,0.12717777490615845,0.8959178328514099,0.13511988520622253,0.9141474366188049
1134,2226,6,1.4136968626843327e-06,0.9688326716423035,0.6917181611061096,0.9766883254051208,0.6921614408493042
1135,2231,6,1.2013070831429218e-06,0.19827505946159363,0.9677938222885132,0.19846399128437042,0.9773792028427124
1136,2235,6,2.5599674247089865e-06,0.30324938893318176,0.967793881893158,0.3035692870616913,0.9772389531135559
1137,2399,6,4.018696514229703e-06,0.9538221955299377,0.34865808486938477,0.9654985666275024,0.3493822515010834
1138,2423,6,4.1262816141696135e-06,0.1942705512046814,0.9539368748664856,0.19485624134540558,0.9645721316337585
1139,2451,6,2.24689852768023e-06,0.49191775918006897,0.9677938222885132,0.49235451221466064,0.9770143032073975
1140,2537,6,1.0612858883263243e-05,0.9180300235748291,0.3396260738372803,0.9330604076385498,0.34113380312919617
1141,2541,6,3.093263667564017e-05,0.2341490536928177,0.9176657795906067,0.23759551346302032,0.934205949306488
1142,2546,6,8.110539284311713e-05,0.1843438297510147,0.8959178328514099,0.19014257192611694,0.9141557812690735
1143,2548,6,5.109841811901106e-07,0.7899285554885864,0.9806400537490845,0.790310263633728,0.985197901725769
1144,2561,6,0.00016127130927934274,0.7010537981987,0.8959178328514099,0.7122942805290222,0.9129013419151306
1145,2574,6,0.000126243491802569,0.9180300831794739,0.403209388256073,0.9323830604553223,0.41644421219825745
1146,2641,6,7.829869988928984e-06,0.03459697961807251,0.967793881893158,0.03678352013230324,0.977403461933136
1147,2656,6,6.768629111419955e-06,0.9365820288658142,0.4774395525455475,0.9501547813415527,0.4789654612541199
1148,2669,6,1.5644476507592486e-05,0.9538222551345825,0.11465037614107132,0.9655539989471436,0.11754117906093597
1149,2715,6,0.00027018774662579403,0.8366197347640991,0.6995317935943604,0.8612200617790222,0.7134735584259033
1150,2755,6,7.267373577590774e-06,0.7396953105926514,0.9176657795906067,0.7412794828414917,0.9335008263587952
1151,2761,6,3.0157035110223163e-06,0.9538223147392273,0.05015720799565315,0.9657248854637146,0.05111604183912277
1152,2790,6,1.748038165771959e-06,0.24893876910209656,0.9677938222885132,0.24936485290527344,0.9773298501968384
1153,2809,6,1.2925601589941493e-05,0.7823514938354492,0.9539368748664856,0.7842106223106384,0.9639065265655518
1154,2838,6,1.5390862414754736e-05,0.9365820288658142,0.29595044255256653,0.9503815174102783,0.2981322705745697
1155,2839,6,1.4606643240711037e-05,0.9365820288658142,0.5959036946296692,0.9500256776809692,0.5981977581977844
1156,2844,6,6.288651723984628e-05,0.7153686285018921,0.8959178924560547,0.720872163772583,0.9131775498390198
1157,2870,6,0.0001004871428134102,0.8946391940116882,0.19474032521247864,0.9142996072769165,0.20232553780078888
1158,2876,6,5.530532101616359e-06,0.44428545236587524,0.9806401133537292,0.445585161447525,0.9856585264205933
1159,2910,6,5.941918736596108e-05,0.8946393728256226,0.6853546500205994,0.913469672203064,0.6904601454734802
1160,2930,6,7.130437914781851e-06,0.2795414924621582,0.9539368748664856,0.2807222902774811,0.9644262194633484
1161,2962,6,5.7808953066285085e-05,0.6172210574150085,0.8706486225128174,0.6217511892318726,0.8915002942085266
1162,2984,6,5.145583501153794e-05,0.8667140007019043,0.8959178328514099,0.8716771006584167,0.9129598736763
1163,3006,6,2.468594651894307e-05,0.6442582607269287,0.8959178328514099,0.6466274857521057,0.913457453250885
1164,3074,6,6.17946409864345e-06,0.9538222551345825,0.411451518535614,0.9654297232627869,0.41226261854171753
1165,3075,6,5.947460996580389e-06,0.9180300235748291,0.48664453625679016,0.9329430460929871,0.48758992552757263
1166,3092,6,2.6204267124185776e-05,0.7884388566017151,0.8959178328514099,0.790957510471344,0.9131515622138977
1167,3093,6,3.7839368058900646e-05,0.1588684469461441,0.8959178328514099,0.16278599202632904,0.9142950177192688
1168,3096,6,3.511512701237507e-05,0.6755324602127075,0.8959178924560547,0.6801499128341675,0.9132782220840454
1169,3101,6,1.07627811543054e-05,0.2837965488433838,0.9539368748664856,0.2852385640144348,0.964413046836853
1170,3174,6,0.00010083463180921015,0.186472550034523,0.9176657199859619,0.1942877322435379,0.9341017007827759
1171,3210,6,1.244452493054382e-06,0.9805992245674133,0.40312081575393677,0.9872221350669861,0.40336573123931885
1172,3251,6,8.971445429928337e-05,0.8670146465301514,0.79646897315979,0.8894592523574829,0.8009803891181946
1173,3260,6,3.6819908679319724e-05,0.2883129119873047,0.9539368748664856,0.2951688766479492,0.9641422033309937
1174,3270,6,3.2890286263409507e-06,0.6304381489753723,0.9539369344711304,0.6310713291168213,0.964089572429657
1175,38,5,1.4205331858363479e-05,0.9538222551345825,0.5287304520606995,0.9652242064476013,0.530689537525177
1176,79,5,3.418165002599949e-06,0.946887195110321,0.9377778768539429,0.9475658535957336,0.9497562050819397
1177,127,5,2.7080237714471878e-06,0.6511757969856262,0.967793881893158,0.651593029499054,0.9769052863121033
1178,161,5,1.2569974288112462e-06,0.9538222551345825,0.9497653841972351,0.9646857380867004,0.9499943852424622
1179,163,5,1.597837044009509e-06,0.2697390913963318,0.9539368748664856,0.2700505554676056,0.964482307434082
1180,173,5,5.309080979287728e-07,0.9769300818443298,0.9806400537490845,0.9771820902824402,0.984891951084137
1181,200,5,6.925247535427559e-07,0.9688326120376587,0.16011187434196472,0.9774425029754639,0.16029193997383118
1182,227,5,2.079845665470259e-06,0.9805991649627686,0.4917886257171631,0.9870625734329224,0.4922317564487457
1183,258,5,7.80906602457776e-05,0.5540735125541687,0.9539369344711304,0.5637478232383728,0.9637084603309631
1184,270,5,5.6357928577277505e-05,0.4493425786495209,0.9677938222885132,0.4552110433578491,0.9768069386482239
1185,277,5,0.00010731965787336151,0.5274653434753418,0.9377778768539429,0.5368584990501404,0.9498880505561829
1186,281,5,0.00025447180024507077,0.7455296516418457,0.6842502355575562,0.785873293876648,0.6917599439620972
1187,288,5,1.53357090848516e-06,0.38509663939476013,0.9806401133537292,0.385736882686615,0.9857813119888306
1188,324,5,0.0002407625182527795,0.13819420337677002,0.8959178924560547,0.1450960338115692,0.9141969084739685
1189,371,5,0.00012395169652279492,0.6181859374046326,0.8959178328514099,0.6236936450004578,0.9133797883987427
1190,397,5,1.3835308342535768e-05,0.9180301427841187,0.9329198598861694,0.9322347640991211,0.9341703653335571
1191,412,5,5.179984258418813e-05,0.9365820288658142,0.8956737518310547,0.9494360089302063,0.9028484225273132
1192,432,5,8.875086098747431e-05,0.8946393132209778,0.7145975232124329,0.9133495092391968,0.721103847026825
1193,435,5,0.00010257726067930406,0.49216076731681824,0.9377777576446533,0.5021157264709473,0.9499040842056274
1194,455,5,2.542005989170093e-05,0.8939551711082458,0.9539368748664856,0.8974943161010742,0.9636579155921936
1195,462,5,8.868781066162512e-05,0.9180301427841187,0.7038994431495667,0.9322326183319092,0.7122912406921387
1196,474,5,5.811381132758697e-06,0.9123881459236145,0.9377778172492981,0.9129685163497925,0.9498324394226074
1197,502,5,9.263492232491899e-05,0.936582088470459,0.7703155875205994,0.9494825005531311,0.7789673209190369
1198,510,5,2.748781156081126e-06,0.9805991649627686,0.030037758871912956,0.9878647327423096,0.030958831310272217
1199,513,5,8.729661125439492e-05,0.39948126673698425,0.9539369940757751,0.4087301194667816,0.9639177918434143
1200,529,5,0.0003721249681394312,0.7398806810379028,0.8706486225128174,0.7560720443725586,0.8905993700027466
1201,560,5,5.998211236502016e-05,0.9365820288658142,0.6887535452842712,0.9497517943382263,0.6941543221473694
1202,564,5,0.00013879613357659082,0.8670146465301514,0.6766101121902466,0.8895591497421265,0.6845028400421143
1203,643,5,6.527814339651883e-05,0.9180300831794739,0.49066421389579773,0.9326605796813965,0.49703800678253174
1204,655,5,8.049450039315786e-05,0.9365820288658142,0.7505654096603394,0.9496279954910278,0.7573206424713135
1205,661,5,5.1686262041883424e-05,0.9180300831794739,0.5619696378707886,0.9323359131813049,0.5711534023284912
1206,678,5,0.00027087927561009195,0.9365820288658142,0.06695466488599777,0.9503200650215149,0.0769527330994606
1207,684,5,8.79063053957907e-05,0.9538223147392273,0.7117791175842285,0.9647588729858398,0.717647910118103
1208,720,5,4.5901515585811126e-05,0.9688326120376587,0.25462138652801514,0.977095365524292,0.2597182095050812
1209,841,5,0.00011538572365932254,0.46305614709854126,0.9176657795906067,0.47255244851112366,0.9334929585456848
1210,850,5,0.00011169010147771274,0.9538222551345825,0.24088256061077118,0.9650591015815735,0.2519497275352478
1211,864,5,9.930105932198785e-05,0.9180300235748291,0.10222684592008591,0.9329202771186829,0.11283522099256516
1212,896,5,0.000171983550332655,0.2527003884315491,0.8706486225128174,0.26057887077331543,0.8922725915908813
1213,900,5,0.0001600746394778696,0.8366197347640991,0.4954454302787781,0.8618528246879578,0.5061057209968567
1214,934,5,0.00019814558550734773,0.8946393132209778,0.6165659427642822,0.9131370186805725,0.6302733421325684
1215,937,5,0.0001272464237169757,0.45079630613327026,0.8959178328514099,0.4584764540195465,0.9135982394218445
1216,954,5,4.437948266655667e-07,0.7443325519561768,0.9806401133537292,0.7444975972175598,0.9852936267852783
1217,1022,5,0.00018712482316818324,0.894639253616333,0.25099340081214905,0.9138392210006714,0.2664487957954407
1218,1180,5,2.803259020467408e-06,0.9688326716423035,0.6952356696128845,0.9766879081726074,0.6956629753112793
1219,1242,5,1.980590468697585e-05,0.424089252948761,0.9377778768539429,0.426605761051178,0.9503774642944336
1220,1268,5,9.39876951733254e-06,0.6343098878860474,0.9377778172492981,0.6357702612876892,0.9501749277114868
1221,1296,5,2.8662858726935525e-05,0.9805992245674133,0.11665695905685425,0.9875502586364746,0.12141615152359009
1222,1305,5,0.00010322985207800173,0.9180300831794739,0.7284693717956543,0.9320265650749207,0.7402958273887634
1223,1329,5,4.3886134448278824e-05,0.35626134276390076,0.9377778172492981,0.3605290949344635,0.9503682255744934
1224,1335,5,3.05643692328772e-05,0.649701714515686,0.8959178924560547,0.6532058119773865,0.9133992195129395
1225,1367,5,3.8618081442010066e-05,0.9365819692611694,0.6676424145698547,0.9498006105422974,0.6723893284797668
1226,1381,5,7.536553072284846e-06,0.9688326716423035,0.6784924268722534,0.9766855835914612,0.6797370910644531
1227,1390,5,9.991898444638991e-06,0.9574813842773438,0.9539369940757751,0.9587309956550598,0.9636762738227844
1228,1395,5,1.9641361157951565e-05,0.9365819692611694,0.6438351273536682,0.9498915672302246,0.6471775770187378
1229,1406,5,1.9072293147459618e-05,0.715084969997406,0.9539369344711304,0.7185401320457458,0.9638926386833191
1230,1442,5,0.00014691075999628822,0.20951586961746216,0.7983403205871582,0.21782681345939636,0.8319952487945557
1231,1462,5,0.0002208740960991662,0.3829984664916992,0.8959178924560547,0.3934183418750763,0.9136018753051758
1232,1477,5,3.266424816739111e-05,0.9365820288658142,0.09761115908622742,0.9506315588951111,0.1008407324552536
1233,1513,5,1.749957437269245e-05,0.8876408934593201,0.9539369344711304,0.8908808827400208,0.9636755585670471
1234,1524,5,9.49213092482637e-06,0.7034085392951965,0.9677938222885132,0.705710232257843,0.9767565727233887
1235,1525,5,4.670778907112094e-05,0.9538222551345825,0.6202554702758789,0.9649720191955566,0.6249499917030334
1236,1533,5,3.0562007443002415e-05,0.9688326120376587,0.2894972562789917,0.9770856499671936,0.2940892279148102
1237,1568,5,2.48589998814025e-05,0.0015371403424069285,0.9176657795906067,0.004360817838460207,0.9347034692764282
1238,1602,5,5.623630809559188e-05,0.936582088470459,0.4921410083770752,0.9499497413635254,0.49749594926834106
1239,1656,5,0.000176084392030873,0.8366197347640991,0.5177518129348755,0.8618980646133423,0.5265768766403198
1240,1713,5,1.8116526035782954e-05,0.936582088470459,0.4411149024963379,0.9501944184303284,0.44400280714035034
1241,1718,5,7.004514615438495e-06,0.17937181890010834,0.967793881893158,0.1808214634656906,0.9773434996604919
1242,1756,5,0.0001464340472021597,0.22390729188919067,0.9176657795906067,0.231074720621109,0.9340221285820007
1243,1765,5,0.00010176820474061543,0.9180300831794739,0.16168566048145294,0.9329880475997925,0.17000092566013336
1244,1770,5,4.374350802116567e-05,0.9365820288658142,0.8652079701423645,0.9496232271194458,0.8694178462028503
1245,1791,5,8.183782780957216e-05,0.49542883038520813,0.9677938222885132,0.5034354329109192,0.9766318202018738
1246,1803,5,0.00011827865775515534,0.8670146465301514,0.6400731801986694,0.8895760178565979,0.6492933034896851
1247,1804,5,0.00015238673581308149,0.39483314752578735,0.7983403205871582,0.3997189998626709,0.8317443132400513
1248,1842,5,4.249656908150712e-06,0.25072038173675537,0.9377776980400085,0.251376211643219,0.9506761431694031
1249,1846,5,5.157464221028363e-06,0.7050221562385559,0.9377778172492981,0.7058691382408142,0.9501139521598816
1250,1869,5,1.5802770653383647e-05,0.9365819692611694,0.0613122284412384,0.9507163166999817,0.06388039886951447
1251,1874,5,7.270599702735581e-06,0.4811592102050781,0.9377778172492981,0.48252707719802856,0.9503614902496338
1252,1893,5,5.864720924009248e-05,0.6065072417259216,0.9539369344711304,0.6116819381713867,0.96389240026474
1253,1928,5,0.00011116604487337867,0.18137207627296448,0.9377778172492981,0.1889316439628601,0.9503928422927856
1254,1948,5,5.3519889049447045e-06,0.18329495191574097,0.980640172958374,0.18500813841819763,0.9860655665397644
1255,1957,5,0.00013636443714126756,0.6583206653594971,0.9176657795906067,0.669414222240448,0.933163583278656
1256,2004,5,3.9050499067716515e-07,0.05677621439099312,0.9894641637802124,0.05691275745630264,0.9935857653617859
1257,2015,5,2.664046728106939e-06,0.33404025435447693,0.9806401133537292,0.3353947401046753,0.9858534932136536
1258,2134,5,1.3027971402124194e-05,0.43394339084625244,0.9539369344711304,0.43644025921821594,0.9642317891120911
1259,2148,5,0.00010143342138002609,0.1293533742427826,0.8706486225128174,0.13714610040187836,0.8925372958183289
1260,2155,5,2.0212169165034766e-06,0.9688326716423035,0.4359930753707886,0.9771298170089722,0.4365637004375458
1261,2213,5,1.790412461843971e-06,0.9805991649627686,0.43383535742759705,0.9871440529823303,0.4341699182987213
1262,2237,5,1.8619078243631293e-06,0.9805991649627686,0.8338710069656372,0.9865677952766418,0.8342610001564026
1263,2239,5,2.1789292175000696e-06,0.9805991649627686,0.3292914628982544,0.9873772263526917,0.3296407461166382
1264,2277,5,5.868498158534408e-06,0.8534496426582336,0.9677937626838684,0.8542417883872986,0.9766710996627808
1265,2284,5,6.0520402384689476e-05,0.12813642621040344,0.9176657795906067,0.13245616853237152,0.9344216585159302
1266,2292,5,5.391200687743236e-05,0.9180300831794739,0.07438540458679199,0.9332138299942017,0.07955113053321838
1267,2295,5,1.7239838152605103e-06,0.9688326120376587,0.19821105897426605,0.977376401424408,0.19867226481437683
1268,2303,5,3.0723138042532128e-06,0.42794767022132874,0.967793881893158,0.42839086055755615,0.9770851135253906
1269,2330,5,7.4924890478555994e-06,0.07222439348697662,0.9539368748664856,0.07307533174753189,0.964708685874939
1270,2440,5,2.5642671094061598e-05,0.9538223147392273,0.8732988834381104,0.9646426439285278,0.8765404224395752
1271,2458,5,6.099627451128242e-05,0.7542175650596619,0.9176657199859619,0.7590852975845337,0.933263897895813
1272,2467,5,2.090037407143086e-06,0.7859949469566345,0.9677937626838684,0.7867647409439087,0.9767470359802246
1273,2483,5,6.524513856120961e-05,0.6122453808784485,0.9377778172492981,0.619023859500885,0.9499134421348572
1274,2495,5,9.988824803652818e-05,0.9180301427841187,0.2864072322845459,0.9328007698059082,0.29403597116470337
1275,2497,5,1.247057141906538e-05,0.9365819096565247,0.30120649933815,0.9503723978996277,0.3031918704509735
1276,2512,5,0.00010196239866289147,0.8366196751594543,0.6179024577140808,0.8617224097251892,0.6241966485977173
1277,2517,5,7.053785175781258e-05,0.9365820288658142,0.41613122820854187,0.9500020146369934,0.4232088625431061
1278,2538,5,1.6648092875826137e-05,0.9180300831794739,0.8178080916404724,0.9323920607566833,0.8203487396240234
1279,2602,5,2.4989534184172157e-06,0.9688326716423035,0.35975661873817444,0.9771729707717896,0.3601589500904083
1280,2612,5,8.686029592663846e-05,0.9365820288658142,0.04217161983251572,0.9505163431167603,0.04897163808345795
1281,2822,5,3.756875796989689e-05,0.1014365404844284,0.9377777576446533,0.10486193746328354,0.9506624937057495
1282,2825,5,3.6351369098852615e-05,0.9180300831794739,0.7869621515274048,0.9323988556861877,0.7902759313583374
1283,2826,5,1.6888931929415207e-05,0.7304887771606445,0.9539369344711304,0.7338476777076721,0.9638826251029968
1284,2864,5,5.005220482523498e-06,0.14591816067695618,0.9377778172492981,0.1473499983549118,0.9507312774658203
1285,2868,5,0.00011336756777607926,0.026344386860728264,0.8959178328514099,0.03378706052899361,0.9143099784851074
1286,2917,5,5.7965518667657534e-05,0.6341455578804016,0.9539369344711304,0.6415497064590454,0.9637481570243835
1287,2923,5,9.017693815493999e-05,0.7987731099128723,0.9176657199859619,0.8063223361968994,0.9330276846885681
1288,2928,5,5.5194750979481455e-05,0.8219263553619385,0.9176657199859619,0.82716304063797,0.933083176612854
1289,2941,5,7.219178309370022e-05,0.25799667835235596,0.9539369940757751,0.2666648328304291,0.9640746116638184
1290,2952,5,0.00018874258823764478,0.8160925507545471,0.8959178328514099,0.8289377689361572,0.9126121401786804
1291,2985,5,4.8921217121744576e-05,0.9180300831794739,0.6842300891876221,0.9324346780776978,0.6887738108634949
1292,3030,5,2.531485547230261e-05,0.2544505000114441,0.9377777576446533,0.25773707032203674,0.9505417943000793
1293,3039,5,2.9469455132158373e-05,0.2731248140335083,0.9539368748664856,0.2764672338962555,0.9643233418464661
1294,3062,5,3.7199366587081784e-05,0.9365820288658142,0.27761000394821167,0.9503437876701355,0.28098589181900024
1295,3088,5,1.5191639702649695e-05,0.936582088470459,0.7258312702178955,0.9498774409294128,0.7281376123428345
1296,3100,5,0.00012195119234270635,0.9180300235748291,0.6698924899101257,0.9321020841598511,0.6811559200286865
1297,3117,5,8.660654013326052e-05,0.9365819692611694,0.8195456266403198,0.9495072364807129,0.8273181915283203
1298,3139,5,1.0076308015527502e-05,0.5492297410964966,0.9377778172492981,0.5511347055435181,0.9502542018890381
1299,3206,5,1.3302134806991717e-06,0.9805991649627686,0.8861610293388367,0.9864795207977295,0.8865104913711548
1300,3235,5,9.330636914151036e-05,0.9365819692611694,0.10391506552696228,0.9503879547119141,0.11201249808073044
1301,3262,5,3.575647417974892e-05,0.5201594829559326,0.9377778172492981,0.5243910551071167,0.9501638412475586
1302,3266,5,2.077769971009502e-05,0.8276405334472656,0.9377778172492981,0.8296804428100586,0.9498895406723022
1303,3308,5,2.7719676349846623e-06,0.3284045457839966,0.9539369344711304,0.32877489924430847,0.9644440412521362
1304,3310,5,2.823959459163916e-06,0.4790298342704773,0.9539369344711304,0.4794219434261322,0.964243471622467
1305,3330,5,0.0001205415114196029,0.8367266654968262,0.9176657199859619,0.8459538221359253,0.9328781366348267
1306,70,4,5.622571590535586e-07,0.27032122015953064,0.9806401133537292,0.270489901304245,0.9860292673110962
1307,73,4,7.091882539000949e-07,0.33846908807754517,0.980640172958374,0.3386906683444977,0.985897421836853
1308,81,4,1.077271338800756e-05,0.9538222551345825,0.789513349533081,0.9648438692092896,0.7916284799575806
1309,105,4,4.1417919049990815e-06,0.9805992245674133,0.6974138021469116,0.9867177605628967,0.6982604265213013
1310,137,4,7.734915961066235e-07,0.9688326716423035,0.5997070074081421,0.9768415093421936,0.600053608417511
1311,150,4,1.4311433513825023e-06,0.6061353087425232,0.980640172958374,0.6065564155578613,0.9854639172554016
1312,169,4,2.3870274397097546e-06,0.2928422689437866,0.9677938222885132,0.293356329202652,0.9772718548774719
1313,248,4,1.3704107502121587e-06,0.5209097862243652,0.9894641041755676,0.5215568542480469,0.9928814172744751
1314,259,4,0.00011514283585389862,0.9365819692611694,0.16598674654960632,0.9501729011535645,0.17615941166877747
1315,260,4,0.00021634692465563599,0.015612206421792507,0.8706485629081726,0.0291359294205904,0.892452597618103
1316,293,4,2.880650884051761e-06,0.9629263281822205,0.9806401133537292,0.9641299843788147,0.9848588705062866
1317,335,4,5.774489642007552e-07,0.3146974742412567,0.9806400537490845,0.3149101436138153,0.9859341979026794
1318,341,4,0.00017843656944727115,0.8670147061347961,0.5806392431259155,0.8898345828056335,0.5895774364471436
1319,356,4,1.4002783110811379e-06,0.9805992245674133,0.8827176094055176,0.986487865447998,0.8830868005752563
1320,367,4,9.427854798627067e-06,0.06504926085472107,0.9677938222885132,0.06630635261535645,0.9774271845817566
1321,438,4,6.737977245485638e-05,0.8123701810836792,0.9377778172492981,0.8210974931716919,0.9495658278465271
1322,475,4,3.226796827959788e-06,0.9805992841720581,0.9289845824241638,0.9864155054092407,0.9296252131462097
1323,481,4,2.9815570172786465e-05,0.34978410601615906,0.9377777576446533,0.35318711400032043,0.950412929058075
1324,519,4,0.00013831640414740942,0.9365819692611694,0.02767193876206875,0.9502853751182556,0.03909732401371002
1325,532,4,0.00012285775644826913,0.877300500869751,0.9377778172492981,0.8841965198516846,0.9495392441749573
1326,582,4,1.397447148399067e-05,0.9538222551345825,0.9333855509757996,0.9646546244621277,0.9354221820831299
1327,598,4,9.52424934297369e-06,0.9538223147392273,0.7947027087211609,0.9648308157920837,0.7966882586479187
1328,610,4,2.822435340377183e-05,0.8366197347640991,0.5425688028335571,0.8620851635932922,0.5447654128074646
1329,611,4,7.900317122633282e-05,0.9365820288658142,0.808841347694397,0.949515163898468,0.8164714574813843
1330,653,4,9.395785379595623e-05,0.9538223743438721,0.7514668107032776,0.9645012021064758,0.7614938020706177
1331,662,4,6.533089559468408e-05,0.5701534748077393,0.967793881893158,0.5761955976486206,0.9766951203346252
1332,732,4,7.609479396997187e-05,0.32261013984680176,0.8706486225128174,0.32800161838531494,0.8921915888786316
1333,735,4,0.00013712007795163572,0.6267679929733276,0.8959178328514099,0.6367896795272827,0.9131280183792114
1334,742,4,2.4149697885889054e-06,0.9805991649627686,0.5306434035301208,0.9869870543479919,0.5313700437545776
1335,749,4,2.3067982368729645e-07,0.5823045969009399,0.9894641637802124,0.5824155807495117,0.9928592443466187
1336,775,4,5.767745999918361e-06,0.9045541882514954,0.9677938222885132,0.9059727787971497,0.9765888452529907
1337,778,4,4.466743414921481e-06,0.023979805409908295,0.9677938222885132,0.02510126493871212,0.977485179901123
1338,793,4,2.290282145267497e-06,0.7114566564559937,0.9539368748664856,0.7120106220245361,0.9640393853187561
1339,802,4,3.5976206724797066e-06,0.6346263885498047,0.9677938222885132,0.6355476975440979,0.9769011735916138
1340,860,4,9.609204038518726e-05,0.6388445496559143,0.9377777576446533,0.6495407819747925,0.9497110247612
1341,871,4,0.00010820321198501404,0.3328655958175659,0.9176657199859619,0.3421652615070343,0.9337013959884644
1342,876,4,5.36443147680643e-07,0.46859508752822876,0.9806401133537292,0.46873781085014343,0.985697329044342
1343,893,4,6.829085598170082e-05,0.4054432511329651,0.8959178328514099,0.412226140499115,0.9137080907821655
1344,894,4,8.388061092112764e-05,0.9365819692611694,0.5005702376365662,0.9499311447143555,0.5062286257743835
1345,901,4,0.00014365214406542037,0.49520447850227356,0.8959177732467651,0.5064491033554077,0.9133399128913879
1346,940,4,0.00018740462189814622,0.894639253616333,0.1526050716638565,0.9144273400306702,0.1608891785144806
1347,956,4,3.286240897182324e-07,0.6285622715950012,0.9894641637802124,0.6287336945533752,0.9927923679351807
1348,960,4,3.407572641833667e-07,0.9909420609474182,0.5078122615814209,0.9932532906532288,0.508094847202301
1349,980,4,7.638562883549582e-05,0.19579145312309265,0.9377778172492981,0.20198887586593628,0.9504276514053345
1350,996,4,2.9105863514899966e-05,0.5296014547348022,0.9539368748664856,0.5342267155647278,0.963994562625885
1351,1030,4,4.930855790874489e-05,0.33610257506370544,0.9377777576446533,0.34318187832832336,0.9502570033073425
1352,1040,4,8.837632025482378e-05,0.40188515186309814,0.9377778172492981,0.4103728234767914,0.9501084089279175
1353,1050,4,1.5596830635900005e-06,0.3960001766681671,0.9539369344711304,0.39640700817108154,0.9643694162368774
1354,1051,4,1.9338096963750218e-06,0.3687502443790436,0.9806401133537292,0.3693804442882538,0.9858108758926392
1355,1052,4,7.345182728712984e-07,0.3959845006465912,0.9806400537490845,0.39631152153015137,0.9857852458953857
1356,1053,4,1.7318503351404502e-06,0.4649522602558136,0.9806400537490845,0.4655207097530365,0.9856783747673035
1357,1065,4,3.491120600696007e-05,0.9805991649627686,0.2792145013809204,0.9872229695320129,0.2840242087841034
1358,1072,4,2.1137528827708252e-05,0.6116151213645935,0.967793881893158,0.6168238520622253,0.9767053723335266
1359,1127,4,1.0696364256546076e-06,0.2797059416770935,0.9677938222885132,0.28089433908462524,0.9772498607635498
1360,1177,4,1.8807183508329217e-06,0.46133795380592346,0.9806401133537292,0.46187806129455566,0.98568195104599
1361,1182,4,2.1707320838615374e-06,0.13610070943832397,0.9806401133537292,0.1365840584039688,0.9862262010574341
1362,1196,4,2.622965666887467e-07,0.5512623190879822,0.9894641041755676,0.5513954758644104,0.9928877949714661
1363,1198,4,6.748294740788197e-07,0.9805991649627686,0.395238995552063,0.9872372150421143,0.39548784494400024
1364,1220,4,1.0245187511692677e-06,0.17258131504058838,0.9806401133537292,0.17287768423557281,0.986141562461853
1365,1262,4,9.827054435973537e-06,0.9688326120376587,0.6544091105461121,0.9766740798950195,0.6566951870918274
1366,1264,4,1.955032315438532e-05,0.9538222551345825,0.007359052076935768,0.9656622409820557,0.010326285846531391
1367,1321,4,5.257214823473078e-07,0.9123891592025757,0.9894641041755676,0.9127016067504883,0.9923169016838074
1368,1323,4,6.406154604654546e-05,0.9538223147392273,0.7997625470161438,0.964550256729126,0.8071057796478271
1369,1324,4,1.9655224020809214e-05,0.5793653130531311,0.9377777576446533,0.5822628736495972,0.9501520395278931
1370,1369,4,6.281979304034735e-05,0.34884923696517944,0.9539369344711304,0.35599929094314575,0.9640445113182068
1371,1424,4,2.480541743565823e-06,0.25860917568206787,0.9894641637802124,0.25947633385658264,0.9931944012641907
1372,1443,4,0.00042445878391461633,0.8366197347640991,0.36501559615135193,0.8621682524681091,0.37878167629241943
1373,1452,4,6.479353121591203e-05,0.5508372187614441,0.967793881893158,0.5570514798164368,0.9767051339149475
1374,1457,4,0.00014825008033092502,0.8366197347640991,0.5796971321105957,0.8617339730262756,0.587593138217926
1375,1492,4,2.423390667871672e-05,0.9688326120376587,0.5917729735374451,0.9766164422035217,0.596632719039917
1376,1493,4,4.526966708473523e-05,0.9688327312469482,0.20174652338027954,0.9770669937133789,0.2083490788936615
1377,1498,4,1.8856862929794715e-05,0.9688326120376587,0.7497460246086121,0.9763322472572327,0.7550446391105652
1378,1502,4,1.1982418635758663e-05,0.9805991649627686,0.10564258694648743,0.9876559972763062,0.10872684419155121
1379,1507,4,1.074442938531206e-05,0.9688327312469482,0.6437148451805115,0.9766934514045715,0.6461678743362427
1380,1514,4,1.1948891154744956e-05,0.948679506778717,0.9539369344711304,0.9505636692047119,0.9636662006378174
1381,1531,4,1.720516617020884e-05,0.9805991649627686,0.08727328479290009,0.9876604080200195,0.09099917858839035
1382,1535,4,7.088822112422122e-05,0.9365820288658142,0.7977259755134583,0.9495005011558533,0.8057670593261719
1383,1567,4,1.3691164435059022e-05,0.8327547311782837,0.9377778768539429,0.8352215886116028,0.9498639106750488
1384,1587,4,8.716011056009165e-06,0.7259505987167358,0.9539368748664856,0.7274144291877747,0.9639822244644165
1385,1600,4,1.0463664757320856e-05,0.9805991053581238,0.183515727519989,0.9875874519348145,0.18549542129039764
1386,1621,4,7.294863295115306e-05,0.8382958173751831,0.9377778768539429,0.846929669380188,0.9495507478713989
1387,1640,4,1.3484561129928352e-06,0.9805991649627686,0.27142298221588135,0.9875257015228271,0.27176231145858765
1388,1668,4,1.37749530360054e-06,0.42724132537841797,0.9894641637802124,0.4278213083744049,0.9929942488670349
1389,1757,4,9.622472362558199e-05,0.7960461974143982,0.9377778172492981,0.8049768805503845,0.949565052986145
1390,1778,4,7.155803089986534e-05,0.5722006559371948,0.9539369940757751,0.5777437686920166,0.9639113545417786
1391,1798,4,8.554989005382652e-05,0.894639253616333,0.36055171489715576,0.9137941598892212,0.37190577387809753
1392,1799,4,0.0002661923519640119,0.8670146465301514,0.1057697981595993,0.8911856412887573,0.11643215268850327
1393,1815,4,9.661501852420429e-05,0.8670147061347961,0.20926199853420258,0.8911206126213074,0.21403953433036804
1394,1824,4,0.00015440929868448805,0.8946391940116882,0.03611943870782852,0.9146314859390259,0.04504028707742691
1395,1857,4,2.054760232184094e-05,0.9805991649627686,0.576457679271698,0.9867870211601257,0.5796640515327454
1396,1858,4,2.3602248971243966e-05,0.9688326120376587,0.6597694158554077,0.9765723347663879,0.6637893915176392
1397,1862,4,6.596306016248832e-05,0.8760740756988525,0.9539368748664856,0.884566605091095,0.9634151458740234
1398,1883,4,1.2040240271460334e-06,0.9688326120376587,0.7823679447174072,0.9764779806137085,0.7839012145996094
1399,1889,4,3.439153819684293e-05,0.9805992245674133,0.8600771427154541,0.986272931098938,0.8654177188873291
1400,1896,4,5.35194777127046e-05,0.4231627881526947,0.9539369344711304,0.43086907267570496,0.9639722108840942
1401,1904,4,6.359164996005973e-05,0.306571900844574,0.9176657795906067,0.3121381998062134,0.933977484703064
1402,1930,4,5.2959125007134844e-05,0.363603413105011,0.9377778172492981,0.36853495240211487,0.9503237009048462
1403,1939,4,0.0001038864600779732,0.24408702552318573,0.9176657795906067,0.2494460940361023,0.9340882301330566
1404,1962,4,7.668893690038203e-05,0.9538223147392273,0.6541454792022705,0.9647859334945679,0.6619173884391785
1405,1966,4,7.063530521023154e-05,0.48737001419067383,0.9539369344711304,0.495535671710968,0.9638400673866272
1406,1998,4,5.621436343083985e-07,0.19397655129432678,0.9894641637802124,0.19420479238033295,0.9933952689170837
1407,1999,4,4.710573809951768e-05,0.9688326716423035,0.7283393144607544,0.9762864112854004,0.7351752519607544
1408,2028,4,5.986991666873109e-07,0.4064843952655792,0.9806401133537292,0.4066271185874939,0.9857672452926636
1409,2034,4,8.955897214946162e-06,0.8994690179824829,0.9377777576446533,0.9011532664299011,0.9497884511947632
1410,2042,4,1.8977520261032055e-05,0.9538222551345825,0.5107440948486328,0.9651830792427063,0.5141260027885437
1411,2056,4,0.00011086549571226456,0.9180300831794739,0.23255430161952972,0.9328184723854065,0.2420397698879242
1412,2057,4,8.279968656665915e-05,0.27102789282798767,0.8959178924560547,0.27770358324050903,0.9139649868011475
1413,2071,4,5.44494662476358e-05,0.007898062467575073,0.9539369344711304,0.01389701385051012,0.9645482301712036
1414,2091,4,5.693532588502137e-05,0.4636644721031189,0.9539369344711304,0.47102436423301697,0.9639140963554382
1415,2109,4,0.00023042377870073627,0.001537167001515627,0.8706486225128174,0.012537938542664051,0.8925843834877014
1416,2114,4,8.59192783178031e-05,0.9538223147392273,0.29434195160865784,0.9652615785598755,0.3007148504257202
1417,2126,4,7.753798362486464e-05,0.9365820288658142,0.7603949904441833,0.9496168494224548,0.7672412991523743
1418,2128,4,1.736325103074421e-05,0.8692377209663391,0.9539369344711304,0.8729997873306274,0.9636518955230713
1419,2142,4,6.364815627435405e-06,0.721614420413971,0.9539369344711304,0.7228763699531555,0.9639994502067566
1420,2163,4,3.2692054059424436e-05,0.9688326716423035,0.27109983563423157,0.9771233201026917,0.2754530906677246
1421,2185,4,1.1425834305356375e-06,0.7983798384666443,0.9539369344711304,0.7986889481544495,0.9639666080474854
1422,2223,4,1.8299825406353776e-05,0.046780895441770554,0.9377778172492981,0.050254374742507935,0.9507399201393127
1423,2241,4,1.173618418448541e-06,0.34493663907051086,0.9806401133537292,0.34524035453796387,0.985837459564209
1424,2247,4,1.429632000338188e-06,0.6420281529426575,0.9806401133537292,0.6424028277397156,0.9854342341423035
1425,2253,4,1.6426722933005067e-06,0.9688326716423035,0.5240738987922668,0.9769753217697144,0.5243380665779114
1426,2278,4,4.425899970961211e-06,0.9805991649627686,0.2531760036945343,0.9875409007072449,0.25397664308547974
1427,2281,4,5.791349307493476e-05,0.8683984875679016,0.9377778768539429,0.8742262125015259,0.9496166706085205
1428,2333,4,1.5395934288342517e-05,0.9538221955299377,0.31063228845596313,0.9654659628868103,0.3126361072063446
1429,2339,4,1.1892029677440519e-05,0.9538223147392273,0.5549876093864441,0.965206503868103,0.5568534731864929
1430,2358,4,0.00010108318580631659,0.9538222551345825,0.013400566764175892,0.9652842879295349,0.02381249889731407
1431,2374,4,3.56360589037763e-06,0.9536380171775818,0.9539369344711304,0.9544070363044739,0.9637196660041809
1432,2448,4,5.719198016329585e-05,0.936582088470459,0.6754635572433472,0.9497731328010559,0.6805717945098877
1433,2492,4,1.1918482295647514e-05,0.9538222551345825,0.05419037491083145,0.9657082557678223,0.05535978451371193
1434,2587,4,3.462549027943851e-06,0.9805992245674133,0.5910024046897888,0.9868512749671936,0.591815173625946
1435,2707,4,8.979766477446027e-05,0.09038020670413971,0.9377778172492981,0.0983622595667839,0.9504362940788269
1436,2730,4,0.00010170070906578843,0.9180300831794739,0.2451140433549881,0.9328779578208923,0.2533966600894928
1437,2739,4,1.5881688817387385e-06,0.9805992245674133,0.7344478368759155,0.9866830706596375,0.7348172664642334
1438,2749,4,6.11719372254349e-05,0.9538222551345825,0.13250498473644257,0.965374231338501,0.13868363201618195
1439,2771,4,1.0240590676113825e-05,0.11786284297704697,0.9539368748664856,0.11993977427482605,0.9645759463310242
1440,2776,4,1.0794579486272937e-05,0.9538223147392273,0.47853147983551025,0.9653515815734863,0.48002463579177856
1441,2803,4,6.098190650671853e-06,0.9805991053581238,0.21534565091133118,0.9875918626785278,0.21654470264911652
1442,2810,4,9.217190062749125e-06,0.9805992245674133,0.4246266782283783,0.9870760440826416,0.42637088894844055
1443,2821,4,3.311047873211237e-05,0.2144079953432083,0.967793881893158,0.21864598989486694,0.9771608114242554
1444,2837,4,2.55982948225153e-05,0.6254369616508484,0.967793881893158,0.6315521597862244,0.9766415953636169
1445,2842,4,3.0890936997707286e-05,0.9538222551345825,0.3987463414669037,0.9652716517448425,0.4030430018901825
1446,2846,4,4.520511767325264e-05,0.023444784805178642,0.9377778172492981,0.02844046987593174,0.9506752490997314
1447,2847,4,1.2329762026030977e-05,0.9688326120376587,0.1834588646888733,0.977318286895752,0.18542155623435974
1448,2848,4,1.2521207775506582e-05,0.7932127118110657,0.967793881893158,0.7951275706291199,0.9766836762428284
1449,2850,4,3.401202626207578e-05,0.8550689220428467,0.9539369344711304,0.8598875403404236,0.9636295437812805
1450,2852,4,5.330155529925662e-05,0.9365820288658142,0.5458150506019592,0.9499083757400513,0.5512388944625854
1451,2865,4,4.646228438875966e-06,0.24799053370952606,0.9539368748664856,0.24890467524528503,0.9644851088523865
1452,2871,4,6.122405812192255e-05,0.9180300831794739,0.5048717260360718,0.9326530694961548,0.5098643898963928
1453,2896,4,2.6116810561305215e-05,0.693268358707428,0.9539369940757751,0.6965159773826599,0.963912308216095
1454,2899,4,1.402790020588185e-06,0.06815686821937561,0.9894641041755676,0.06859292834997177,0.9935653805732727
1455,2929,4,6.489998744996228e-05,0.9180302023887634,0.868761420249939,0.9321130514144897,0.874938428401947
1456,2956,4,4.525008267552977e-05,0.936582088470459,0.4262831509113312,0.9501159191131592,0.43094542622566223
1457,2957,4,8.837881497036904e-05,0.9180301427841187,0.9175854325294495,0.9319785237312317,0.9252204895019531
1458,2964,4,1.5848782739524836e-05,0.5668221116065979,0.9539369344711304,0.5691263675689697,0.9640765190124512
1459,2974,4,3.9979378259502596e-05,0.904227614402771,0.9377778172492981,0.9093138575553894,0.9496095180511475
1460,2975,4,4.49614171378343e-05,0.9538221955299377,0.33355677127838135,0.9652496576309204,0.3394279479980469
1461,2983,4,2.8233051947879062e-05,0.6526150703430176,0.9377778768539429,0.6565953493118286,0.9500408172607422
1462,2994,4,2.790341862946022e-05,0.20703408122062683,0.9677938222885132,0.2113337218761444,0.9771625995635986
1463,3005,4,1.9554547597167016e-05,0.9160429239273071,0.9377778172492981,0.9193111062049866,0.9496939778327942
1464,3014,4,1.869293991685339e-05,0.2567337155342102,0.967793881893158,0.2592083811759949,0.9772018194198608
1465,3036,4,4.558130984388953e-05,0.2684384882450104,0.9377777576446533,0.2733784317970276,0.9504534602165222
1466,3040,4,1.9174822251777357e-05,0.9805991649627686,0.0238143652677536,0.9877656698226929,0.026963477954268456
1467,3073,4,1.9720500860742618e-05,0.5373010635375977,0.9539369344711304,0.5394878387451172,0.9640982747077942
1468,3091,4,2.5111999534033203e-05,0.9416815638542175,0.9539369344711304,0.9456052184104919,0.9635677933692932
1469,3107,4,7.429729443231281e-06,0.7554211616516113,0.9539369344711304,0.7569016218185425,0.9639572501182556
1470,3131,4,6.036031397371744e-06,0.8074107766151428,0.9539368748664856,0.8083406090736389,0.963922917842865
1471,3132,4,3.852673285775765e-05,0.1429423987865448,0.9539369344711304,0.14798758924007416,0.9644116759300232
1472,3154,4,1.4310222073987688e-05,0.9538223743438721,0.693853497505188,0.9649460315704346,0.6962130069732666
1473,3155,4,1.3508219710800518e-05,0.9538222551345825,0.9384964108467102,0.9646447896957397,0.9406716823577881
1474,3159,4,1.0617612664631793e-06,0.9805991649627686,0.4593125581741333,0.9871097803115845,0.4595993459224701
1475,3163,4,0.00014759556269972052,0.8320120573043823,0.8959178924560547,0.8414584994316101,0.9127687811851501
1476,3178,4,5.237331891549957e-05,0.8458822965621948,0.9539369344711304,0.8519946336746216,0.9635751843452454
1477,3243,4,4.185983163296214e-05,0.9205105304718018,0.9539369344711304,0.9253225922584534,0.9635487198829651
1478,3249,4,9.939546720794112e-05,0.5616666674613953,0.9176657795906067,0.5689166188240051,0.9334788918495178
1479,3256,4,5.380053162773457e-05,0.9180300831794739,0.09507481008768082,0.9332547187805176,0.09915261715650558
1480,3287,4,6.890954706761931e-05,0.9365820288658142,0.856349766254425,0.9495708346366882,0.8621336221694946
1481,0,3,2.5919300483678853e-07,0.8828392624855042,0.9806400537490845,0.883063793182373,0.9850406646728516
1482,2,3,5.822028157353998e-07,0.8404248356819153,0.9806400537490845,0.8406652212142944,0.9851243495941162
1483,14,3,3.958628713718326e-07,0.6934775710105896,0.980640172958374,0.6936306953430176,0.985367476940155
1484,16,3,4.085980584989102e-07,0.6726024150848389,0.9806401133537292,0.6727291345596313,0.9853931069374084
1485,21,3,7.877667265177024e-07,0.671672523021698,0.9894641041755676,0.6719620227813721,0.9927294850349426
1486,31,3,6.537365591796629e-05,0.6686738729476929,0.9377777576446533,0.6769460439682007,0.9498072266578674
1487,34,3,5.8637006352668664e-05,0.9538222551345825,0.5855870246887207,0.9648557901382446,0.5935554504394531
1488,67,3,2.7073515340703125e-07,0.5416299104690552,0.9894641041755676,0.5417278409004211,0.9928930997848511
1489,72,3,3.5892994887376517e-07,0.5069060921669006,0.9806401133537292,0.5070868134498596,0.9856382012367249
1490,172,3,1.6915297429420662e-07,0.5101611614227295,0.9806400537490845,0.5102272629737854,0.9856438040733337
1491,175,3,5.110336767089052e-07,0.36131128668785095,0.9894641637802124,0.36156368255615234,0.9930970668792725
1492,201,3,2.3391844905518155e-07,0.6253882646560669,0.9894642233848572,0.6254879832267761,0.9928084015846252
1493,204,3,5.634066635451518e-07,0.9596642851829529,0.9806401133537292,0.9598519206047058,0.9849163293838501
1494,211,3,5.750552070082904e-07,0.9501866102218628,0.9806400537490845,0.9503920674324036,0.9849382042884827
1495,214,3,3.0465250233646657e-07,0.946944534778595,0.9806400537490845,0.9471123814582825,0.9849498271942139
1496,233,3,5.1503989324075405e-05,0.6961855888366699,0.9377777576446533,0.701947808265686,0.949890673160553
1497,262,3,0.00014759529384988923,0.9365820288658142,0.6136873960494995,0.9496603608131409,0.6225739121437073
1498,289,3,0.00013187989705976122,0.6810887455940247,0.9539368748664856,0.6901940107345581,0.9636246562004089
1499,292,3,2.4302276653287436e-06,0.9909420013427734,0.5111691355705261,0.9931946396827698,0.5125474333763123
1500,298,3,4.939890622956966e-05,0.26228266954421997,0.9677937626838684,0.2701163589954376,0.9769232273101807
1501,300,3,3.5393696158791954e-05,0.21090097725391388,0.9377778172492981,0.22198979556560516,0.9501720666885376
1502,311,3,4.3498675655229135e-05,0.4512402415275574,0.9377778172492981,0.45663055777549744,0.9502050876617432
1503,318,3,8.418953401445606e-05,0.8456022143363953,0.8706485629081726,0.8518878817558289,0.890937328338623
1504,328,3,7.723980673723929e-05,0.21130873262882233,0.8959178328514099,0.22146528959274292,0.9139065742492676
1505,333,3,6.561193233900475e-05,0.09205371141433716,0.8959178328514099,0.09950485080480576,0.9142126441001892
1506,336,3,5.845137511162335e-05,0.02817559987306595,0.9677938222885132,0.03152275085449219,0.9773722887039185
1507,348,3,8.144389272324304e-05,0.4986099302768707,0.9539368748664856,0.5084216594696045,0.9637560844421387
1508,349,3,2.5399690084526583e-07,0.3279027044773102,0.9894641637802124,0.3280184864997864,0.9931618571281433
1509,394,3,4.4722208221048554e-05,0.9180300831794739,0.04614105075597763,0.9332065582275391,0.052060265094041824
1510,421,3,4.920721676793249e-07,0.097726009786129,0.980640172958374,0.09787188470363617,0.9862821102142334
1511,422,3,2.872423099375965e-07,0.2735641896724701,0.9806400537490845,0.2736867666244507,0.9860226511955261
1512,436,3,5.0735449050876014e-05,0.9538223147392273,0.39037585258483887,0.9652502536773682,0.3956720232963562
1513,440,3,4.546656740522792e-05,0.58753502368927,0.9176657795906067,0.5908114314079285,0.933641254901886
1514,469,3,2.0503215280243126e-05,0.9688325524330139,0.6031278371810913,0.9766770601272583,0.606700599193573
1515,489,3,0.000169398011355959,0.2636531591415405,0.8706486225128174,0.2738093435764313,0.8921443819999695
1516,620,3,3.9863905350046025e-06,0.3371616303920746,0.9677938222885132,0.33808064460754395,0.9771256446838379
1517,627,3,4.887310609547058e-07,0.15082545578479767,0.9894641041755676,0.1510266810655594,0.9934753775596619
1518,632,3,4.0264261047529004e-07,0.05350074544548988,0.9894641041755676,0.05370190739631653,0.9935973882675171
1519,646,3,4.5389860186872966e-05,0.8447590470314026,0.967793881893158,0.8503753542900085,0.9764339923858643
1520,665,3,7.413558791036223e-05,0.6220980882644653,0.9377778172492981,0.6312355399131775,0.9497944116592407
1521,668,3,0.00023964713490798317,0.7423092722892761,0.8959178328514099,0.7529826760292053,0.9128298163414001
1522,681,3,5.660400848128688e-05,0.5399328470230103,0.9377778172492981,0.5461554527282715,0.9500393271446228
1523,685,3,0.00010867929402813559,0.8084359169006348,0.8706486225128174,0.8161876797676086,0.8909018039703369
1524,693,3,4.17080435086703e-05,0.9688324928283691,0.2627924680709839,0.9770869016647339,0.2680255174636841
1525,694,3,8.932990467513946e-05,0.14022040367126465,0.8706486225128174,0.1459309160709381,0.8925869464874268
1526,695,3,6.762704891372096e-05,0.7049492597579956,0.9176657199859619,0.7108204364776611,0.9333517551422119
1527,716,3,4.3690256610773304e-05,0.9538223147392273,0.8362407684326172,0.964579701423645,0.8417870998382568
1528,730,3,5.889071207398899e-05,0.9538223147392273,0.5677791237831116,0.964860737323761,0.5759586691856384
1529,737,3,3.408026225137917e-05,0.9538222551345825,0.6848894953727722,0.9647777080535889,0.6907790899276733
1530,740,3,6.583901743795195e-07,0.5448021292686462,0.9894641637802124,0.5450273156166077,0.9928836822509766
1531,869,3,0.00013354323431435944,0.8946393132209778,0.6639974117279053,0.9132581353187561,0.6733962893486023
1532,875,3,2.9156521641482414e-07,0.21668368577957153,0.9894641041755676,0.2168264091014862,0.9932901263237
1533,880,3,6.80293195571835e-05,0.9365820288658142,0.5876513123512268,0.9498822689056396,0.5928294062614441
1534,885,3,0.0001535920561686055,0.9180300831794739,0.31959035992622375,0.9325934052467346,0.330988347530365
1535,904,3,6.892236095623616e-05,0.6391763091087341,0.8706485629081726,0.6459187865257263,0.8913260698318481
1536,907,3,8.957990685409811e-05,0.8946393728256226,0.652867317199707,0.9133358597755432,0.6609231233596802
1537,926,3,0.00016544619780667347,0.542384922504425,0.798340380191803,0.5470833778381348,0.8309864401817322
1538,939,3,6.020232319947638e-05,0.3468789756298065,0.8959178328514099,0.3518194556236267,0.9139396548271179
1539,949,3,6.520529659859164e-05,0.3790641725063324,0.8706486225128174,0.38520196080207825,0.8919066786766052
1540,965,3,4.699603151081533e-07,0.4202534556388855,0.9894641637802124,0.4204423427581787,0.9930245280265808
1541,966,3,3.586293146895514e-07,0.53208327293396,0.9894641041755676,0.5322559475898743,0.9928988814353943
1542,1003,3,6.297270538802024e-05,0.1347946673631668,0.967793881893158,0.14298811554908752,0.9770382046699524
1543,1017,3,3.208124259401757e-05,0.5601257085800171,0.9677939414978027,0.5670791864395142,0.9766578078269958
1544,1024,3,4.196720775340168e-06,0.9805992245674133,0.8443808555603027,0.986520528793335,0.8454383015632629
1545,1031,3,5.691702356180883e-05,0.2986835539340973,0.9377777576446533,0.30398571491241455,0.9504103660583496
1546,1033,3,0.00015449540356549107,0.894639253616333,0.4916755259037018,0.9135563373565674,0.500139594078064
1547,1045,3,5.264650368985713e-07,0.6096307039260864,0.9806401133537292,0.6098152995109558,0.9854732751846313
1548,1046,3,6.483292089853876e-07,0.816364586353302,0.980640172958374,0.8166133761405945,0.9851686358451843
1549,1068,3,2.3676157550056587e-05,0.35907357931137085,0.9539369344711304,0.3636258840560913,0.9641718864440918
1550,1070,3,4.174701845549578e-06,0.9805991649627686,0.4105103313922882,0.9871172308921814,0.4118635952472687
1551,1073,3,2.4813588441086054e-05,0.9688326120376587,0.08411899954080582,0.9773198366165161,0.08823633193969727
1552,1094,3,1.3672020946486896e-06,0.12208282202482224,0.9806401133537292,0.12250794470310211,0.986233651638031
1553,1106,3,3.641948135779671e-05,0.7982017993927002,0.967793881893158,0.8029780983924866,0.9765350818634033
1554,1132,3,5.647561645893973e-06,0.450935035943985,0.9539369344711304,0.45207545161247253,0.9642848968505859
1555,1149,3,1.191675799816494e-06,0.15116170048713684,0.9176657199859619,0.15134239196777344,0.9345623254776001
1556,1159,3,3.696781973872021e-07,0.42273369431495667,0.9806400537490845,0.42284682393074036,0.9857456088066101
1557,1216,3,4.695437665347413e-07,0.23237331211566925,0.9806401133537292,0.23250363767147064,0.9860755205154419
1558,1240,3,9.352759120062615e-06,0.9805991649627686,0.5573446154594421,0.9868795275688171,0.5594249367713928
1559,1254,3,2.9955203206810666e-06,0.9688326716423035,0.9612636566162109,0.9762189984321594,0.9619647264480591
1560,1263,3,1.273422161940374e-05,0.39363694190979004,0.9677938222885132,0.3960150182247162,0.9770023226737976
1561,1270,3,3.180289434467909e-06,0.6290690898895264,0.9806401133537292,0.6308428049087524,0.9853707551956177
1562,1277,3,7.509862683718893e-06,0.9805991053581238,0.6189275979995728,0.9867785573005676,0.6209694147109985
1563,1298,3,1.7305583856597195e-05,0.9805991649627686,0.8373354077339172,0.9863772988319397,0.8413066864013672
1564,1303,3,4.339715997581095e-05,0.34458595514297485,0.967793881893158,0.35114917159080505,0.976834237575531
1565,1336,3,1.0629555341257202e-05,0.12951000034809113,0.9677938222885132,0.1317204385995865,0.9773439168930054
1566,1362,3,4.540189265078709e-05,0.5808180570602417,0.9539369344711304,0.5865541696548462,0.963888943195343
1567,1389,3,9.274808961734493e-05,0.7167552709579468,0.9377778172492981,0.7228718400001526,0.9498125314712524
1568,1392,3,1.2397035042965854e-06,0.8967698812484741,0.9894641637802124,0.8972559571266174,0.9923496842384338
1569,1397,3,3.61505805752671e-05,0.9688326120376587,0.5329487323760986,0.9766501188278198,0.5388716459274292
1570,1400,3,5.3353651008336556e-06,0.9688327312469482,0.8922146558761597,0.9762706160545349,0.8932702541351318
1571,1405,3,5.796095194909867e-07,0.9909420609474182,0.5984928607940674,0.9931561946868896,0.5988490581512451
1572,1408,3,6.2092451447171015e-06,0.25243914127349854,0.9677937626838684,0.2536594569683075,0.9772891402244568
1573,1409,3,3.5119324676813335e-05,0.9688326716423035,0.5647789239883423,0.9766496419906616,0.5697838068008423
1574,1414,3,0.00010402185209379411,0.9538223147392273,0.7389489412307739,0.9645304083824158,0.7483925223350525
1575,1421,3,5.382520313901296e-07,0.5175254940986633,0.9894641637802124,0.5178354978561401,0.9929039478302002
1576,1439,3,0.00010375755526936814,0.9180300831794739,0.8816153407096863,0.9320533871650696,0.8886928558349609
1577,1447,3,0.00010357545937189627,0.8670147061347961,0.5425344109535217,0.8901165127754211,0.5505504012107849
1578,1466,3,0.00012877599179894617,0.7634250521659851,0.8706485629081726,0.7690715193748474,0.8910972476005554
1579,1470,3,4.3704719706383344e-05,0.6895896792411804,0.967793881893158,0.6965487599372864,0.9765395522117615
1580,1506,3,3.937407402787585e-06,0.9805992245674133,0.7864071726799011,0.9865550398826599,0.7877116799354553
1581,1512,3,7.93241563368241e-06,0.9688326716423035,0.3550059497356415,0.9771132469177246,0.35668233036994934
1582,1560,3,6.252570839748728e-06,0.8242354393005371,0.9539369344711304,0.825518786907196,0.9638814330101013
1583,1569,3,2.0970859768709715e-06,0.11210289597511292,0.980640172958374,0.11258148401975632,0.9862507581710815
1584,1582,3,4.540907853733955e-06,0.9805991053581238,0.18856965005397797,0.9876208901405334,0.1896185725927353
1585,1588,3,1.2843174385324119e-05,0.9688326716423035,0.9509338140487671,0.9761072397232056,0.9541323184967041
1586,1609,3,4.121359806319447e-06,0.9661920666694641,0.9894641041755676,0.9681799411773682,0.9921585321426392
1587,1619,3,0.0001130950420016319,0.8366197347640991,0.43921488523483276,0.8624160289764404,0.445293664932251
1588,1634,3,1.5361935341573485e-05,0.9805992245674133,0.7939398884773254,0.9864338636398315,0.7975886464118958
1589,1655,3,1.0295500773693789e-05,0.9688327312469482,0.513435959815979,0.9768897294998169,0.5156281590461731
1590,1661,3,7.572967860269841e-05,0.8946393132209778,0.778157651424408,0.913399875164032,0.7819947004318237
1591,1680,3,3.788848605879025e-05,0.7277572751045227,0.9677938222885132,0.7327246069908142,0.976593554019928
1592,1683,3,0.00014100754043333552,0.9365820288658142,0.8303925395011902,0.9495112895965576,0.8380591869354248
1593,1716,3,2.206313805430682e-06,0.5337136387825012,0.9806401133537292,0.5346215963363647,0.9855567812919617
1594,1738,3,6.966974179789531e-07,0.9909420609474182,0.24194350838661194,0.9934394359588623,0.24241521954536438
1595,1766,3,5.094734399069267e-05,0.3990893065929413,0.967793881893158,0.4063025712966919,0.9767572283744812
1596,1776,3,6.977642182492971e-05,0.9180300235748291,0.11590955406427383,0.9333157539367676,0.11856503784656525
1597,1779,3,4.2889147499280966e-05,0.9180300235748291,0.27164366841316223,0.9330126643180847,0.27543243765830994
1598,1802,3,0.00016095377501557095,0.9365819692611694,0.3171178102493286,0.9499183297157288,0.32801538705825806
1599,1810,3,9.584995769529314e-05,0.6832242608070374,0.8959178328514099,0.6903819441795349,0.9131445288658142
1600,1861,3,2.6516888506009084e-05,0.9805992245674133,0.0068185352720320225,0.987663745880127,0.012588032521307468
1601,1863,3,6.090599384833695e-07,0.2595617473125458,0.9806401133537292,0.25978735089302063,0.9860427379608154
1602,1877,3,3.2933449602978726e-06,0.9688326716423035,0.9572067260742188,0.9762159585952759,0.9581894278526306
1603,1879,3,2.3081498490284957e-07,0.7465142607688904,0.9894641637802124,0.7466481328010559,0.9926498532295227
1604,1880,3,2.9596235684437033e-07,0.7056450843811035,0.9894641637802124,0.7058068513870239,0.9926949739456177
1605,1882,3,4.769033367324482e-06,0.5278443694114685,0.9894642233848572,0.5290090441703796,0.9928500056266785
1606,1884,3,1.0136926480441844e-06,0.23557788133621216,0.9806401133537292,0.23681925237178802,0.986017107963562
1607,1911,3,1.7164098800037664e-06,0.6820865273475647,0.9806401133537292,0.6827717423439026,0.9853570461273193
1608,1918,3,6.289490984112689e-05,0.36147812008857727,0.8706486225128174,0.36447247862815857,0.892219603061676
1609,1919,3,0.00013233227552689186,0.9180300831794739,0.8012447953224182,0.9321961998939514,0.8081477284431458
1610,1921,3,5.0425373698814724e-05,0.2839686870574951,0.9677938222885132,0.2897680401802063,0.977017343044281
1611,1929,3,0.00010534121492311588,0.057597946375608444,0.8706486225128174,0.06320444494485855,0.8928127288818359
1612,1932,3,1.8309162630458786e-05,0.7940317988395691,0.8959178924560547,0.7963793873786926,0.9131544828414917
1613,1940,3,8.884200530800967e-05,0.9365819692611694,0.6561138033866882,0.949630856513977,0.6645681262016296
1614,1950,3,4.2738000889386285e-05,0.9688326120376587,0.9214622974395752,0.9760131239891052,0.9271496534347534
1615,1953,3,0.00011853854872789782,0.4296800494194031,0.9377778172492981,0.43886080384254456,0.9500368237495422
1616,1970,3,9.361195711932169e-06,0.9688326120376587,0.698737382888794,0.9766177535057068,0.7004026770591736
1617,1975,3,4.470853112970019e-05,0.11750783026218414,0.967793881893158,0.12643572688102722,0.977013885974884
1618,2018,3,2.531502866887081e-06,0.9805991649627686,0.5188459753990173,0.9869940876960754,0.5194692015647888
1619,2026,3,3.0977819598376755e-07,0.7511038184165955,0.9806400537490845,0.751220166683197,0.9852798581123352
1620,2030,3,3.0657179372894916e-07,0.2959907650947571,0.9894641637802124,0.2960888743400574,0.9932071566581726
1621,2037,3,9.766424035717591e-06,0.7263556122779846,0.9806400537490845,0.7304544448852539,0.9851289987564087
1622,2050,3,9.73457933328703e-05,0.894639253616333,0.42319613695144653,0.9138790965080261,0.4298180043697357
1623,2052,3,0.00011575148915632383,0.8500039577484131,0.9377777576446533,0.8568441867828369,0.9496075510978699
1624,2054,3,8.522872490601685e-05,0.8366197347640991,0.7658535242080688,0.8616603016853333,0.7694705128669739
1625,2067,3,9.792504308947514e-05,0.2525203824043274,0.9176657199859619,0.26318129897117615,0.933819591999054
1626,2104,3,7.368875076085857e-05,0.3920438587665558,0.9377778172492981,0.39881086349487305,0.9501994848251343
1627,2106,3,0.00010782471730585996,0.4888341426849365,0.9176657795906067,0.49696364998817444,0.9335484504699707
1628,2118,3,4.775716829463761e-05,0.6961916089057922,0.9176657795906067,0.7018750309944153,0.9333933591842651
1629,2133,3,4.807944288032218e-06,0.9688326716423035,0.96844482421875,0.97614586353302,0.9699372053146362
1630,2159,3,9.722684887947253e-05,0.47562673687934875,0.9176657795906067,0.4857598841190338,0.9334511160850525
1631,2180,3,1.0927801643134671e-05,0.8375344276428223,0.9539369344711304,0.839292585849762,0.963827908039093
1632,2184,3,7.444253578015037e-07,0.9805991649627686,0.36141854524612427,0.9873173236846924,0.3615744411945343
1633,2200,3,0.00010762930447594243,0.31125926971435547,0.8959178328514099,0.3174076974391937,0.9139571785926819
1634,2208,3,8.36901344638541e-05,0.9538222551345825,0.15544536709785461,0.9653878808021545,0.16115596890449524
1635,2209,3,6.70288462618629e-05,0.9538223147392273,0.26099780201911926,0.9652384519577026,0.26809820532798767
1636,2214,3,1.1223709357466305e-06,0.19476404786109924,0.9806400537490845,0.195106640458107,0.9860950708389282
1637,2270,3,0.00016549048006897493,0.41708067059516907,0.8706486225128174,0.4270465672016144,0.8916654586791992
1638,2305,3,1.81184895229336e-05,0.9688326716423035,0.2971634566783905,0.9771705269813538,0.3000306487083435
1639,2311,3,8.565228020707139e-05,0.07202054560184479,0.9377777576446533,0.07938070595264435,0.9505255818367004
1640,2313,3,5.573880135223419e-07,0.20124734938144684,0.9894641637802124,0.20145776867866516,0.9933485984802246
1641,2324,3,1.6594193805730129e-06,0.9805991649627686,0.5539116263389587,0.986968457698822,0.5542701482772827
1642,2325,3,2.7109146270021256e-06,0.9805992245674133,0.8988823294639587,0.9864538311958313,0.8994046449661255
1643,2337,3,5.651171046050507e-05,0.9688326716423035,0.38302159309387207,0.9767932891845703,0.3907245099544525
1644,2340,3,3.715256422509583e-07,0.5021446347236633,0.9894641041755676,0.5023253560066223,0.9929391741752625
1645,2341,3,4.6263424025028144e-07,0.8714937567710876,0.9806400537490845,0.8717045187950134,0.9850543141365051
1646,2342,3,8.820546337773294e-07,0.8088433146476746,0.9806400537490845,0.8090922236442566,0.9851855635643005
1647,2348,3,8.070177806018819e-07,0.36463797092437744,0.9894641041755676,0.36491501331329346,0.9930945634841919
1648,2355,3,7.656988660897923e-06,0.9688326120376587,0.40754181146621704,0.977074146270752,0.4095201790332794
1649,2392,3,1.1573814751031364e-06,0.4579794406890869,0.9806400537490845,0.458263635635376,0.9857007265090942
1650,2426,3,7.522290985662039e-07,0.34831464290618896,0.9806401133537292,0.34851187467575073,0.9858404994010925
1651,2460,3,9.261866257048723e-06,0.7772454619407654,0.980640172958374,0.7796393036842346,0.9851080775260925
1652,2476,3,2.074970773868756e-06,0.4918295741081238,0.9806401133537292,0.49236494302749634,0.9856544733047485
1653,2484,3,8.856295714343432e-05,0.894639253616333,0.22620944678783417,0.9142805337905884,0.23336225748062134
1654,2486,3,5.9638022593233586e-05,0.7697573900222778,0.9677938222885132,0.7770218253135681,0.9764291644096375
1655,2490,3,7.284952816277723e-05,0.43951448798179626,0.9539369940757751,0.4478606879711151,0.963929295539856
1656,2499,3,3.472336832288647e-06,0.9805991649627686,0.8088412284851074,0.9865719079971313,0.8094650506973267
1657,2508,3,5.979217875451415e-05,0.055507462471723557,0.9539369344711304,0.06169138848781586,0.9644562602043152
1658,2547,3,7.069735816855882e-05,0.7259460687637329,0.9377778768539429,0.7351261377334595,0.9496589303016663
1659,2549,3,2.697410739216366e-07,0.9909420609474182,0.565631091594696,0.9932014346122742,0.565822422504425
1660,2552,3,2.3692989969958944e-07,0.9909420013427734,0.6262649893760681,0.993120551109314,0.6264544725418091
1661,2568,3,7.615897706259034e-06,0.9805991649627686,0.5263055562973022,0.9869606494903564,0.5275691747665405
1662,2582,3,7.81035806340924e-06,0.9805991649627686,0.30859872698783875,0.9873594641685486,0.3098521828651428
1663,2596,3,1.8376720820612036e-06,0.8930580615997314,0.9806401133537292,0.8938992619514465,0.9849891662597656
1664,2605,3,1.394052301151305e-06,0.8196876645088196,0.9806401133537292,0.8200360536575317,0.9851605296134949
1665,2609,3,0.0001206112604883458,0.8819867372512817,0.9176657795906067,0.89030921459198,0.9328388571739197
1666,2617,3,4.982240986173281e-05,0.8285930752754211,0.9539369344711304,0.8344601392745972,0.9636231064796448
1667,2668,3,2.456016281238149e-06,0.0855034664273262,0.9894641041755676,0.08641119301319122,0.9935092926025391
1668,2674,3,2.391247211797065e-06,0.9805991649627686,0.3646487295627594,0.9872998595237732,0.3650621473789215
1669,2686,3,6.250239828509141e-05,0.9688326716423035,0.04258812591433525,0.9771531820297241,0.05069921538233757
1670,2689,3,0.00017036188981511824,0.04461522027850151,0.8959178328514099,0.05460492521524429,0.9141589999198914
1671,2700,3,4.3823571616030677e-07,0.6318079829216003,0.9894641041755676,0.6319595575332642,0.9927858114242554
1672,2709,3,0.00016246407007081132,0.8946393132209778,0.3932598829269409,0.9138261079788208,0.4023818075656891
1673,2772,3,5.879862825963755e-06,0.9688326716423035,0.9302240014076233,0.9762089252471924,0.9319108724594116
1674,2851,3,3.641592579572972e-05,0.35422348976135254,0.9677938222885132,0.3595128059387207,0.9768950343132019
1675,2874,3,1.1593895793637898e-05,0.5065097212791443,0.967793881893158,0.5090757012367249,0.9769008159637451
1676,2885,3,6.785090652861037e-05,0.06938058137893677,0.967793881893158,0.07846634835004807,0.9770305156707764
1677,2889,3,5.472201316303327e-06,0.07708199322223663,0.9806400537490845,0.07809901982545853,0.9862629771232605
1678,2890,3,5.010034087149506e-06,0.9805991649627686,0.6601409316062927,0.9867792725563049,0.6611253023147583
1679,2900,3,2.2835352257111197e-05,0.9688326120376587,0.23650339245796204,0.9771997332572937,0.23972275853157043
1680,2901,3,1.3380501187043592e-06,0.6175865530967712,0.980640172958374,0.6179478168487549,0.9854598641395569
1681,2903,3,1.4301324913645885e-05,0.9688326716423035,0.27852731943130493,0.9772289395332336,0.280742347240448
1682,2918,3,9.642249336749842e-07,0.9909420013427734,0.16345523297786713,0.9935152530670166,0.1639028638601303
1683,2926,3,1.1914324815620603e-06,0.3515861928462982,0.9806400537490845,0.35189753770828247,0.9858344793319702
1684,2933,3,2.1207292393299326e-06,0.3543923497200012,0.9894641637802124,0.3550650477409363,0.9930872917175293
1685,2936,3,1.9928759069642865e-06,0.3888112008571625,0.9806401133537292,0.38939613103866577,0.9857740998268127
1686,2939,3,3.76626430504956e-05,0.9688326120376587,0.9027130603790283,0.9760173559188843,0.9084146022796631
1687,3002,3,3.4074963295438465e-07,0.9909420609474182,0.5501174926757812,0.9932054877281189,0.5503355264663696
1688,3004,3,3.3172161908012754e-05,0.9574320912361145,0.967793881893158,0.9620707035064697,0.9763326644897461
1689,3011,3,5.136775802050408e-06,0.9805992245674133,0.27483662962913513,0.987433135509491,0.2761402130126953
1690,3029,3,8.862360120431845e-05,0.8872707486152649,0.9377778172492981,0.8963947892189026,0.9494203925132751
1691,3033,3,4.613109712980901e-05,0.38467344641685486,0.967793881893158,0.39056268334388733,0.9768329858779907
1692,3063,3,3.1573692904629524e-06,0.9805991649627686,0.29883602261543274,0.9874148368835449,0.2994483411312103
1693,3079,3,3.051362917894096e-06,0.9805991053581238,0.2236025631427765,0.9875978827476501,0.22440554201602936
1694,3099,3,1.4709302007531733e-06,0.6565561890602112,0.9806401133537292,0.6570625901222229,0.9853956699371338
1695,3140,3,2.7217349027885973e-06,0.9805991649627686,0.21961888670921326,0.9875946044921875,0.22052817046642303
1696,3150,3,3.488930156336778e-06,0.9688327312469482,0.7748448252677917,0.9765411019325256,0.7757756114006042
1697,3181,3,5.10218531513118e-06,0.15693195164203644,0.9806401133537292,0.15811747312545776,0.9861533045768738
1698,3188,3,8.6866389743534e-06,0.9805991649627686,0.39856213331222534,0.9871739745140076,0.40004655718803406
1699,3192,3,4.353853340743896e-05,0.9538221955299377,0.07141251116991043,0.9654770493507385,0.07665803283452988
1700,3213,3,1.268374981933107e-06,0.8606135249137878,0.980640172958374,0.8609691858291626,0.9850668907165527
1701,3215,3,8.582349124708344e-07,0.7531208992004395,0.9894641637802124,0.7534169554710388,0.9926142692565918
1702,3231,3,3.7940344618903055e-05,0.9688326120376587,0.8555166721343994,0.9761428833007812,0.8616381287574768
1703,3234,3,4.878205210623321e-05,0.5409982800483704,0.9677937626838684,0.5477629899978638,0.9766792058944702
1704,3248,3,4.8404034737714596e-05,0.6604083180427551,0.9539369344711304,0.6658547520637512,0.9638324975967407
1705,3261,3,6.292206553126789e-06,0.9805991053581238,0.31832319498062134,0.9873237013816833,0.31992340087890625
1706,3277,3,1.0727072943694793e-05,0.5563840270042419,0.980640172958374,0.5596154928207397,0.9854101538658142
1707,3285,3,4.0560725585336854e-05,0.9688326716423035,0.8738414645195007,0.9760884046554565,0.8798576593399048
1708,3295,3,5.293811910789259e-05,0.7087845206260681,0.9677938222885132,0.7154028415679932,0.9765378832817078
1709,3301,3,7.606571992280209e-07,0.11565576493740082,0.980640172958374,0.11586315184831619,0.9862514734268188
1710,3332,3,5.758420841850409e-05,0.870890736579895,0.9677938222885132,0.8780925273895264,0.9763281941413879
1711,3338,3,1.05337732314581e-06,0.8483384847640991,0.9806400537490845,0.8485971689224243,0.9851012825965881
1712,4,2,3.716844858558943e-07,0.9909420013427734,0.4585050046443939,0.9932855367660522,0.45872795581817627
1713,17,2,1.553282302779735e-07,0.7195526957511902,0.9894641041755676,0.7196552753448486,0.9926773905754089
1714,37,2,7.906867317331034e-06,0.9805992245674133,0.11180112510919571,0.9877108931541443,0.11358262598514557
1715,47,2,2.1953331752477823e-07,0.1112251803278923,0.9894641041755676,0.11133577674627304,0.9935179948806763
1716,48,2,2.756704651218911e-07,0.1628676801919937,0.9894641637802124,0.162971630692482,0.9934612512588501
1717,50,2,1.722600906362004e-07,0.3975176215171814,0.9894641041755676,0.3976125419139862,0.993057370185852
1718,52,2,2.118768840375651e-07,0.20453204214572906,0.9894641637802124,0.20465242862701416,0.9933501482009888
1719,63,2,4.8132850594129195e-08,0.6601166725158691,0.9894641637802124,0.6601451635360718,0.9927539825439453
1720,64,2,1.756498848592969e-07,0.46842721104621887,0.9894641041755676,0.4685380756855011,0.9929859638214111
1721,65,2,2.5635940481549824e-07,0.4487549066543579,0.9894641637802124,0.44889646768569946,0.9929967522621155
1722,66,2,4.982170764833427e-08,0.5740218162536621,0.9894641041755676,0.5740503072738647,0.9928687810897827
1723,69,2,1.3316961933185212e-07,0.7381628155708313,0.9894641041755676,0.7382442951202393,0.9926539659500122
1724,74,2,2.5304320772079336e-07,0.40513837337493896,0.9894641637802124,0.40526583790779114,0.9930480122566223
1725,75,2,2.847939839512037e-07,0.4780125319957733,0.9894642233848572,0.4781721234321594,0.9929607510566711
1726,112,2,2.594139293954356e-05,0.9538223743438721,0.7692479491233826,0.9647311568260193,0.7740039825439453
1727,122,2,2.825354243896072e-07,0.371095210313797,0.9894641637802124,0.3712153732776642,0.993090033531189
1728,133,2,2.0913894704932545e-06,0.25024712085723877,0.980640172958374,0.2510225772857666,0.9860250353813171
1729,138,2,1.8995515294051302e-07,0.18356961011886597,0.9894641637802124,0.1836654096841812,0.9934189915657043
1730,140,2,2.4770757889314154e-07,0.29277312755584717,0.9894641637802124,0.292916476726532,0.9932059049606323
1731,143,2,4.17190829438141e-07,0.11806842684745789,0.9894641637802124,0.11822601407766342,0.9935139417648315
1732,158,2,7.28487863810301e-07,0.4808695316314697,0.9806401133537292,0.4811263382434845,0.9856745600700378
1733,166,2,4.837421059278313e-07,0.7023255228996277,0.9806401133537292,0.7025684714317322,0.9853596091270447
1734,180,2,1.3463704817695543e-07,0.1755487024784088,0.9894641637802124,0.17561763525009155,0.9934409856796265
1735,198,2,1.247453995212311e-06,0.2247617542743683,0.9806400537490845,0.22523850202560425,0.9860619902610779
1736,199,2,1.939163176700731e-07,0.5481016635894775,0.9894641637802124,0.5481880307197571,0.9928905367851257
1737,212,2,1.2737855055178215e-06,0.6385074257850647,0.9806401133537292,0.6389538645744324,0.9854342341423035
1738,213,2,2.5531266523159957e-07,0.9909420609474182,0.6699407696723938,0.9930371642112732,0.6700865030288696
1739,216,2,1.7032597199317934e-07,0.9397351741790771,0.9894642233848572,0.9398168921470642,0.9922995567321777
1740,224,2,2.4179006388180824e-05,0.6995902061462402,0.9539368748664856,0.7025982141494751,0.963921844959259
1741,228,2,4.289503312548959e-07,0.9909420609474182,0.30206891894340515,0.9934149384498596,0.3023788332939148
1742,231,2,4.645078628229271e-05,0.8946393132209778,0.4382936358451843,0.9139820337295532,0.4418925344944
1743,234,2,3.831829342537674e-05,0.9538221955299377,0.664991557598114,0.9647963643074036,0.6721696257591248
1744,263,2,2.1527751982830523e-05,0.7056725025177002,0.9539368748664856,0.7083823680877686,0.9639352560043335
1745,276,2,8.361402348011637e-05,0.23624464869499207,0.9539369344711304,0.24491620063781738,0.9641071557998657
1746,280,2,4.7641219245164734e-05,0.5792698264122009,0.967793881893158,0.5870897769927979,0.9766016602516174
1747,286,2,1.3201169372756283e-05,0.36258700489997864,0.967793881893158,0.3688981831073761,0.9768407940864563
1748,291,2,1.0344086156521826e-06,0.7643074989318848,0.9806400537490845,0.7647305727005005,0.9852353930473328
1749,303,2,5.207393177375508e-05,0.9538222551345825,0.10113285481929779,0.9653518199920654,0.10808941721916199
1750,306,2,2.964069216915277e-05,0.5291381478309631,0.9677938222885132,0.5325677990913391,0.976848304271698
1751,307,2,4.368451627101422e-05,0.9180301427841187,0.6404491066932678,0.9325906038284302,0.6435835957527161
1752,313,2,0.00014857888609132175,0.9180300235748291,0.30459779500961304,0.9325774312019348,0.31651613116264343
1753,315,2,4.6405079984879194e-05,0.6356146335601807,0.9176657199859619,0.6391241550445557,0.9335847496986389
1754,321,2,8.234107917282074e-05,0.3243698179721832,0.9176657795906067,0.3297913074493408,0.9339237809181213
1755,351,2,1.6945215746133613e-06,0.14610017836093903,0.9806401133537292,0.14666365087032318,0.9861980080604553
1756,358,2,4.4536251397886417e-07,0.9909420609474182,0.4345640242099762,0.9932944774627686,0.4348439872264862
1757,362,2,1.911159069223345e-05,0.9688326716423035,0.9730116724967957,0.9760305881500244,0.9766351580619812
1758,363,2,1.4038869703414392e-05,0.058772798627614975,0.9806401133537292,0.06272964179515839,0.9861575365066528
1759,373,2,3.7255401673874644e-05,0.7089434266090393,0.9377778768539429,0.7136809825897217,0.9498946666717529
1760,378,2,3.2751286465071416e-05,0.9356870651245117,0.967793881893158,0.9413636922836304,0.976333737373352
1761,379,2,0.0001240622696974114,0.8670147061347961,0.2956913113594055,0.8905853033065796,0.3049783408641815
1762,388,2,3.819135961702358e-05,0.9180300235748291,0.22322621941566467,0.9332302808761597,0.22586211562156677
1763,395,2,1.4727179215245911e-05,0.9538222551345825,0.16799449920654297,0.9655570983886719,0.17013543844223022
1764,403,2,1.7484175379944844e-05,0.9805992245674133,0.19269296526908875,0.9875120520591736,0.19575993716716766
1765,419,2,3.6570759736065384e-05,0.8366197347640991,0.26127564907073975,0.8628422617912292,0.2693789303302765
1766,427,2,3.198194296061274e-07,0.9909420013427734,0.5722880959510803,0.993190348148346,0.5726583003997803
1767,428,2,1.964618105976257e-06,0.11441008001565933,0.9894641041755676,0.11499416083097458,0.993492841720581
1768,437,2,1.94302056968354e-05,0.22941242158412933,0.9539368748664856,0.23317037522792816,0.9643585681915283
1769,443,2,6.468711681861805e-07,0.56422358751297,0.9894641041755676,0.564470112323761,0.9928739666938782
1770,451,2,1.5235048619999247e-05,0.45340314507484436,0.9176657795906067,0.4549916684627533,0.9338996410369873
1771,452,2,1.6560325605041726e-05,0.9805992841720581,0.6240436434745789,0.9866770505905151,0.6279863715171814
1772,470,2,4.709568857563795e-06,0.9805992245674133,0.878173828125,0.9864370822906494,0.8796432614326477
1773,500,2,8.056046922888527e-07,0.3924703598022461,0.9806400537490845,0.3929102420806885,0.9857801198959351
1774,508,2,4.502070959366833e-07,0.045627791434526443,0.9967202544212341,0.04613665118813515,0.9984109997749329
1775,515,2,2.663473257058513e-05,0.409376859664917,0.967793881893158,0.412415474653244,0.9769641757011414
1776,523,2,2.3120733757764356e-05,0.9688326120376587,0.8963444828987122,0.9761539101600647,0.8996387720108032
1777,536,2,2.8775487623811102e-05,0.9805991053581238,0.32299768924713135,0.9872347116470337,0.3262172043323517
1778,538,2,6.235684846700451e-06,0.9365820288658142,0.7820415496826172,0.949853777885437,0.7831083536148071
1779,558,2,3.7156153389616975e-05,0.9688326716423035,0.9114888310432434,0.9759546518325806,0.9183879494667053
1780,559,2,1.774449518165966e-05,0.9688326716423035,0.9384678602218628,0.9761093258857727,0.9419589042663574
1781,588,2,7.51224392914196e-07,0.9909420013427734,0.09946709126234055,0.9935709834098816,0.09997061640024185
1782,607,2,4.519887348397589e-06,0.1920059770345688,0.9377778172492981,0.19271722435951233,0.9507347941398621
1783,612,2,1.1389386234128551e-06,0.62102210521698,0.9806401133537292,0.6215119957923889,0.9854508638381958
1784,613,2,1.0978193891730825e-06,0.6454771757125854,0.9806401133537292,0.6458439230918884,0.9854323267936707
1785,614,2,9.390543773690752e-07,0.47741958498954773,0.980640172958374,0.47779518365859985,0.9856798052787781
1786,615,2,9.650097929636559e-07,0.5491811633110046,0.980640172958374,0.5496611595153809,0.9855564832687378
1787,619,2,3.9880114677259826e-07,0.16119171679019928,0.9806401133537292,0.16134057939052582,0.9861903190612793
1788,622,2,2.451937231029433e-07,0.9909420609474182,0.8664643168449402,0.9927562475204468,0.8667346239089966
1789,629,2,2.0895002883491998e-07,0.8701350092887878,0.9894641041755676,0.8702338933944702,0.9924216270446777
1790,630,2,2.623404071755431e-07,0.9753004908561707,0.9894641637802124,0.9754519462585449,0.9922476410865784
1791,634,2,2.1527440097202089e-07,0.8123078942298889,0.9894641637802124,0.8124385476112366,0.9925242066383362
1792,636,2,5.081953524666005e-07,0.6894001960754395,0.9894641637802124,0.6896016001701355,0.9927213788032532
1793,644,2,2.32516474787392e-05,0.01839197427034378,0.9677938222885132,0.020905524492263794,0.977440595626831
1794,649,2,4.45716077797087e-05,0.9180300831794739,0.35616230964660645,0.9326891899108887,0.36465194821357727
1795,651,2,2.0766202645461362e-05,0.7506228089332581,0.967793881893158,0.7542863488197327,0.9766262769699097
1796,654,2,3.530242840099618e-05,0.5624391436576843,0.9377778172492981,0.5681283473968506,0.9500305652618408
1797,669,2,2.8615794001041195e-05,0.31973084807395935,0.9539369344711304,0.3253302574157715,0.9641876816749573
1798,671,2,3.314097207951505e-05,0.44604265689849854,0.8706486225128174,0.4490948021411896,0.8919773101806641
1799,682,2,5.970656096465632e-05,0.9365819692611694,0.38568049669265747,0.950194239616394,0.3895506262779236
1800,683,2,0.00011967659476574966,0.9365820288658142,0.5749040246009827,0.949675977230072,0.5845770835876465
1801,686,2,3.0316559714194113e-05,0.9538221955299377,0.2261374443769455,0.9654796719551086,0.22891473770141602
1802,698,2,4.640973182823416e-05,0.8670146465301514,0.5926517248153687,0.8899624347686768,0.5980531573295593
1803,701,2,0.00011660988007955453,0.19570665061473846,0.8706486225128174,0.20318105816841125,0.8923938870429993
1804,706,2,4.503034062253164e-05,0.5879784226417542,0.8959178328514099,0.5905805826187134,0.9135456085205078
1805,709,2,3.740394341433806e-05,0.08407823741436005,0.9176657795906067,0.09232138842344284,0.9343409538269043
1806,715,2,0.00011690773504469121,0.8985438346862793,0.8959178328514099,0.9057973623275757,0.9127638339996338
1807,721,2,3.4899005260768945e-05,0.9688326716423035,0.7581188678741455,0.9762893319129944,0.764187753200531
1808,722,2,1.960655334975331e-05,0.0015371136832982302,0.967793881893158,0.005652102176100016,0.9773861765861511
1809,723,2,2.608283775629161e-07,0.7128894329071045,0.9894641637802124,0.7131465673446655,0.9926806092262268
1810,725,2,2.974715419416102e-05,0.9538222551345825,0.0015371248591691256,0.9656960964202881,0.00428477069362998
1811,736,2,0.0001253265058016595,0.3497479259967804,0.7983403205871582,0.35399386286735535,0.8320024609565735
1812,751,2,1.1253101117603137e-07,0.9909420013427734,0.4809199869632721,0.993279755115509,0.48101508617401123
1813,752,2,2.0064443972955814e-07,0.9909420609474182,0.29571977257728577,0.9934254288673401,0.2958398163318634
1814,753,2,1.5589896840140227e-07,0.9909420609474182,0.6295287609100342,0.9931201934814453,0.6296712756156921
1815,765,2,1.7193785962987818e-05,0.9805991649627686,0.9513359069824219,0.9862303733825684,0.9551208019256592
1816,796,2,2.1847312465794744e-06,0.9805991649627686,0.43724414706230164,0.9871214032173157,0.43794918060302734
1817,830,2,1.322274489012898e-06,0.7475718259811401,0.9806401133537292,0.7480294704437256,0.9852657318115234
1818,838,2,2.8641374968607636e-05,0.45970484614372253,0.9377778768539429,0.4625622630119324,0.9503281712532043
1819,839,2,2.178994025126002e-05,0.15622182190418243,0.9377777576446533,0.15927648544311523,0.9506298899650574
1820,840,2,6.598012259040331e-05,0.8946393132209778,0.6935343146324158,0.9134035110473633,0.6995625495910645
1821,842,2,5.592547138277837e-06,0.9805992245674133,0.6050958037376404,0.9867939949035645,0.6069004535675049
1822,844,2,4.9206017340708286e-06,0.7413185238838196,0.9894642233848572,0.7434399127960205,0.9925510883331299
1823,848,2,3.322866337640562e-06,0.9365820288658142,0.5349971055984497,0.9501626491546631,0.5354876518249512
1824,854,2,2.0341052834993434e-05,0.9805991649627686,0.2627530097961426,0.9872785210609436,0.2683486342430115
1825,856,2,5.6585620892946054e-05,0.9180301427841187,0.6072858572006226,0.9324589967727661,0.6136436462402344
1826,858,2,6.26812180577474e-05,0.33050698041915894,0.8364201188087463,0.33348315954208374,0.8660760521888733
1827,873,2,1.9438986065267727e-07,0.9909420013427734,0.33060696721076965,0.993394672870636,0.3307444751262665
1828,877,2,1.9705412590553806e-07,0.9909420609474182,0.23233018815517426,0.9934748411178589,0.2324657291173935
1829,879,2,1.6203890140786825e-07,0.9909420609474182,0.5156217813491821,0.993255615234375,0.5157595276832581
1830,881,2,4.1183891784868365e-05,0.3123784363269806,0.9377778172492981,0.3232198655605316,0.9500872492790222
1831,882,2,9.448391491417851e-07,0.7173834443092346,0.9806400537490845,0.7177312970161438,0.9853261709213257
1832,889,2,3.294589476254828e-05,0.7504532933235168,0.9377776980400085,0.7533824443817139,0.9499541521072388
1833,897,2,5.6378459669659264e-05,0.04287314414978027,0.9539369940757751,0.048344701528549194,0.9645266532897949
1834,902,2,0.0001743770803726008,0.4584781527519226,0.8364201188087463,0.4704510271549225,0.865151047706604
1835,905,2,0.00016144771272230685,0.8670146465301514,0.3743962049484253,0.8906591534614563,0.38070744276046753
1836,916,2,0.00010889819406401102,0.7938631176948547,0.6424177885055542,0.8297283053398132,0.6490802764892578
1837,923,2,3.866832873100634e-05,0.9538223147392273,0.9261292815208435,0.9645519852638245,0.9303111433982849
1838,925,2,7.229554043419739e-05,0.894639253616333,0.7908018231391907,0.9131491780281067,0.7986648678779602
1839,930,2,7.12408638978701e-05,0.5058035254478455,0.9176658391952515,0.5115545988082886,0.933650016784668
1840,935,2,7.162969370548555e-05,0.007435098756104708,0.9176657795906067,0.012970286421477795,0.9345406889915466
1841,938,2,0.00011263132561456501,0.4417813718318939,0.8959178328514099,0.44772204756736755,0.9136897921562195
1842,953,2,2.626672834793453e-07,0.9909420609474182,0.504562258720398,0.9932587742805481,0.5047379732131958
1843,957,2,1.6626449017564937e-07,0.9909420609474182,0.40456849336624146,0.9933245182037354,0.4047066271305084
1844,958,2,2.5206203346783695e-07,0.9909420609474182,0.3689863085746765,0.993337869644165,0.36917343735694885
1845,963,2,1.7184258016555987e-07,0.39527854323387146,0.9967202544212341,0.3955553472042084,0.9979284405708313
1846,967,2,2.430404055786539e-07,0.9909420013427734,0.5856828093528748,0.9931860566139221,0.5858783721923828
1847,979,2,5.554272665797555e-05,0.953822135925293,0.6071348190307617,0.9649059176445007,0.6132990121841431
1848,988,2,8.584008523815356e-05,0.8946393132209778,0.47268110513687134,0.9136013388633728,0.48186275362968445
1849,990,2,5.811480201689534e-05,0.2614997923374176,0.8959178328514099,0.2679535448551178,0.9140284657478333
1850,994,2,2.298758525043354e-05,0.9805991649627686,0.8253875970840454,0.9863178133964539,0.8307967782020569
1851,1005,2,2.377421892330034e-05,0.09080171585083008,0.967793881893158,0.09380553662776947,0.9773256182670593
1852,1009,2,4.357344574046351e-05,0.9180300831794739,0.5129387378692627,0.932688295841217,0.5171359181404114
1853,1012,2,1.4820737613163715e-05,0.9805992245674133,0.9581950902938843,0.9862405061721802,0.9615781307220459
1854,1015,2,4.59496959130945e-05,0.07961346209049225,0.8959178328514099,0.08464221656322479,0.9143528342247009
1855,1019,2,3.8992746327792815e-05,0.8806431293487549,0.8959178328514099,0.8852112889289856,0.9129428863525391
1856,1044,2,2.1044119336011136e-07,0.8224650621414185,0.9894641041755676,0.8226027488708496,0.9925146698951721
1857,1048,2,5.146866675076467e-07,0.4954392611980438,0.9806400537490845,0.4956696033477783,0.985663890838623
1858,1056,2,1.4133734183019442e-07,0.5957134366035461,0.9894641637802124,0.5958365797996521,0.9928348064422607
1859,1057,2,2.661042541873826e-07,0.4716123640537262,0.9894641637802124,0.4717627167701721,0.9929669499397278
1860,1058,2,1.1939951782835578e-07,0.5989108085632324,0.9894641041755676,0.5989815592765808,0.9928359985351562
1861,1059,2,2.473035483063768e-07,0.5143084526062012,0.9894642233848572,0.5144512057304382,0.9929212331771851
1862,1091,2,4.486197235920031e-07,0.9909420013427734,0.49640756845474243,0.9932617545127869,0.4966844320297241
1863,1097,2,2.6661760799129297e-07,0.9229293465614319,0.9894641041755676,0.9230996370315552,0.9923104643821716
1864,1108,2,3.054157014981129e-05,0.9688326716423035,0.21731729805469513,0.9770492911338806,0.2238767147064209
1865,1112,2,7.510356465800783e-05,0.8740125894546509,0.9176657795906067,0.8789125084877014,0.9330305457115173
1866,1120,2,6.709838435980942e-07,0.3179844319820404,0.9806400537490845,0.3181725740432739,0.9859326481819153
1867,1124,2,4.317952946497616e-05,0.9365819692611694,0.05204586312174797,0.9505362510681152,0.058237895369529724
1868,1128,2,5.033824095335149e-07,0.733528733253479,0.9806400537490845,0.7336793541908264,0.9853222370147705
1869,1135,2,8.08718505496131e-07,0.5133015513420105,0.9806401133537292,0.5136070847511292,0.9856266379356384
1870,1142,2,2.23824264011796e-07,0.599586009979248,0.9806400537490845,0.5996782183647156,0.9854841828346252
1871,1151,2,1.0006764981085325e-06,0.8013668656349182,0.9806400537490845,0.8017933368682861,0.9851848483085632
1872,1157,2,3.927979030926565e-07,0.08948546648025513,0.9894641637802124,0.08967801183462143,0.9935399889945984
1873,1188,2,1.6058300111865265e-07,0.39431408047676086,0.9894641041755676,0.3944433927536011,0.9930586814880371
1874,1189,2,2.5668229497455286e-07,0.45197075605392456,0.9894641041755676,0.4521152377128601,0.992993175983429
1875,1190,2,1.5524556484791674e-07,0.40834012627601624,0.9894641041755676,0.4084261357784271,0.9930435419082642
1876,1195,2,8.587032063189781e-08,0.6119310259819031,0.9894641637802124,0.6119809746742249,0.9928274154663086
1877,1204,2,2.956175917390169e-07,0.37428969144821167,0.9894641637802124,0.3743986189365387,0.993083655834198
1878,1205,2,1.8892633413258864e-07,0.34767207503318787,0.9894641637802124,0.3477754592895508,0.9931190013885498
1879,1206,2,1.576460337382457e-05,0.9805992245674133,0.14253365993499756,0.9875090718269348,0.14705321192741394
1880,1214,2,3.492326410281521e-07,0.43894416093826294,0.9894642233848572,0.4391572177410126,0.9930053353309631
1881,1218,2,3.584035894732551e-07,0.868282675743103,0.9806401133537292,0.8684194684028625,0.9850632548332214
1882,1221,2,4.998566227598644e-07,0.1759519726037979,0.9806401133537292,0.1761820763349533,0.9861428141593933
1883,1224,2,5.818475061758477e-07,0.14278386533260345,0.9806400537490845,0.14302590489387512,0.986223042011261
1884,1235,2,1.605792639125525e-05,0.9805991649627686,0.6843505501747131,0.9865686893463135,0.6885866522789001
1885,1238,2,1.6085543803612268e-06,0.2546905279159546,0.9894641041755676,0.2555348575115204,0.9931986331939697
1886,1245,2,1.0498758555854693e-06,0.9805991649627686,0.9474610686302185,0.9863818287849426,0.9482614994049072
1887,1255,2,2.230194624530668e-07,0.9909420609474182,0.20648951828479767,0.9934896230697632,0.20657877624034882
1888,1259,2,2.327594117446097e-06,0.8283651471138,0.9806401133537292,0.829235851764679,0.9851052165031433
1889,1266,2,9.047602436140778e-07,0.37623777985572815,0.9806401133537292,0.37656113505363464,0.9858187437057495
1890,1267,2,1.4811864943453656e-06,0.5454648733139038,0.9806400537490845,0.5461068749427795,0.9855490922927856
1891,1299,2,2.099440941094599e-06,0.6489181518554688,0.9806401133537292,0.6499313116073608,0.9853935241699219
1892,1307,2,2.2100888861231738e-06,0.43229010701179504,0.9806400537490845,0.43331843614578247,0.9856970906257629
1893,1308,2,1.4463171164713629e-05,0.4129168391227722,0.980640172958374,0.416345477104187,0.9855953454971313
1894,1313,2,1.60748066564409e-05,0.24220652878284454,0.967793881893158,0.24586448073387146,0.977178156375885
1895,1320,2,2.698944747692167e-07,0.990942120552063,0.8735829591751099,0.9927510619163513,0.8738225698471069
1896,1322,2,4.343787304961211e-06,0.9805991649627686,0.42944517731666565,0.9870971441268921,0.43076103925704956
1897,1327,2,3.942960471903234e-06,0.9805992245674133,0.8684920072555542,0.9864652752876282,0.869541347026825
1898,1334,2,3.5920440346615123e-06,0.6339170932769775,0.9806401133537292,0.6354331374168396,0.9853819608688354
1899,1337,2,1.013749503897543e-06,0.27424731850624084,0.9894641041755676,0.27476248145103455,0.9932007193565369
1900,1344,2,2.058152817241421e-05,0.9688327312469482,0.5006303787231445,0.9768705368041992,0.5046860575675964
1901,1351,2,2.9488431654733915e-05,0.20506314933300018,0.9377777576446533,0.20782668888568878,0.9505968689918518
1902,1357,2,2.198515690920999e-05,0.9688326120376587,0.4649098813533783,0.9769483804702759,0.468531996011734
1903,1360,2,4.449837462061623e-05,0.7382004857063293,0.9377777576446533,0.74256831407547,0.949899435043335
1904,1364,2,2.8988022553022574e-05,0.8627473711967468,0.967793881893158,0.8678163886070251,0.9764516949653625
1905,1372,2,1.1608528957429698e-05,0.03204529359936714,0.9806400537490845,0.035283636301755905,0.9862211346626282
1906,1373,2,4.216786464006361e-05,0.9365820288658142,0.8481232523918152,0.9496222138404846,0.8532755374908447
1907,1391,2,1.0097586606860887e-06,0.9428911805152893,0.9894641041755676,0.9433923959732056,0.9922689199447632
1908,1394,2,2.6134725681359328e-06,0.1792563498020172,0.980640172958374,0.18022067844867706,0.9861043691635132
1909,1396,2,2.4007428507388795e-06,0.4401513934135437,0.9806401133537292,0.44121119379997253,0.9856751561164856
1910,1410,2,1.5371822215115571e-06,0.591763436794281,0.9894641041755676,0.5926390886306763,0.9928086400032043
1911,1413,2,2.3045770557894585e-05,0.9688326120376587,0.11662048101425171,0.9772797226905823,0.12052873522043228
1912,1430,2,3.0435121921357222e-05,0.9688326120376587,0.6270908713340759,0.9765774607658386,0.6322681903839111
1913,1441,2,0.0001057716716115209,0.8946393728256226,0.6333476901054382,0.9133582711219788,0.6417741775512695
1914,1461,2,8.701652814208094e-05,0.8946391940116882,0.00882187020033598,0.9147478342056274,0.016553787514567375
1915,1478,2,4.872779479414557e-06,0.023966966196894646,0.9894642233848572,0.02634602226316929,0.993523120880127
1916,1484,2,9.672708485730652e-06,0.04894063621759415,0.9806400537490845,0.05166316032409668,0.9862238764762878
1917,1485,2,2.0580188859753434e-06,0.7858933806419373,0.9806401133537292,0.7868543267250061,0.9851769804954529
1918,1486,2,3.700304020526346e-06,0.7933846116065979,0.9806401133537292,0.7950652241706848,0.985131561756134
1919,1504,2,3.2438689903102613e-06,0.8747788071632385,0.9806400537490845,0.8762550354003906,0.9849851727485657
1920,1509,2,2.1799631753083304e-06,0.9358158707618713,0.9806401133537292,0.9366801977157593,0.9849374294281006
1921,1515,2,5.2112039128360266e-06,0.9805991649627686,0.7166866660118103,0.9866418838500977,0.7182306051254272
1922,1537,2,4.60673116187138e-06,0.35497185587882996,0.9806401133537292,0.3565312922000885,0.9857703447341919
1923,1578,2,1.0708350384192045e-05,0.2767610549926758,0.980640172958374,0.28044188022613525,0.9858191609382629
1924,1581,2,1.8149882485829494e-06,0.6896986365318298,0.9806401133537292,0.6904033422470093,0.9853410124778748
1925,1584,2,1.374665149711518e-06,0.48995792865753174,0.9894641637802124,0.4906269609928131,0.9929226040840149
1926,1591,2,1.692608807646323e-05,0.9805991649627686,0.17153173685073853,0.9875311255455017,0.17521251738071442
1927,1605,2,1.6739066177606787e-07,0.9909420609474182,0.09292954206466675,0.9935913681983948,0.09306800365447998
1928,1607,2,2.073962726001355e-07,0.9333430528640747,0.9894641637802124,0.9334452748298645,0.9923102259635925
1929,1608,2,1.6012467796144847e-06,0.990942120552063,0.8093971610069275,0.992775559425354,0.810707151889801
1930,1678,2,2.6708709398803876e-05,0.9538223147392273,0.8101800680160522,0.9647006392478943,0.8144339323043823
1931,1697,2,8.726865033148457e-05,0.24150250852108002,0.8959178328514099,0.24665634334087372,0.9141101241111755
1932,1721,2,2.552709042369372e-06,0.22831282019615173,0.980640172958374,0.22929894924163818,0.9860354661941528
1933,1726,2,2.065229807968194e-05,0.9805991649627686,0.8006628751754761,0.9863483309745789,0.8057668209075928
1934,1753,2,3.896497080546624e-06,0.3082309663295746,0.9894641041755676,0.3096723258495331,0.9931212067604065
1935,1754,2,4.161440740890754e-06,0.21990065276622772,0.9894641637802124,0.22144043445587158,0.993218719959259
1936,1767,2,2.3565043370865624e-05,0.19016997516155243,0.9677938222885132,0.19520077109336853,0.9771391749382019
1937,1769,2,7.688059083221788e-05,0.6804040670394897,0.9176657795906067,0.6868952512741089,0.9333657622337341
1938,1774,2,5.92075397634062e-05,0.040062081068754196,0.9176657199859619,0.04367266595363617,0.934616208076477
1939,1781,2,1.80377327918535e-05,0.3368861973285675,0.9539369940757751,0.3394925594329834,0.9643237590789795
1940,1785,2,0.00013122151630540202,0.3365574777126312,0.8364201784133911,0.3432758152484894,0.8658431768417358
1941,1789,2,5.8003828655728285e-05,0.8946393132209778,0.6092086434364319,0.9136093854904175,0.6134917736053467
1942,1792,2,9.900869555501401e-05,0.5088111758232117,0.8364201188087463,0.5138367414474487,0.8652532696723938
1943,1801,2,3.958524780811601e-05,0.18612068891525269,0.9539369344711304,0.1911962777376175,0.9643555283546448
1944,1806,2,4.6697300811970877e-05,0.20298820734024048,0.9176657199859619,0.20850858092308044,0.9342027902603149
1945,1808,2,1.1745547185526561e-05,0.9688326716423035,0.7168885469436646,0.9765821099281311,0.7184930443763733
1946,1823,2,9.953048920241514e-05,0.9365819692611694,0.12085742503404617,0.9502251744270325,0.13106684386730194
1947,1828,2,5.261147019774981e-05,0.9365820288658142,0.1792336404323578,0.9504106044769287,0.18441632390022278
1948,1834,2,3.5865512089117146e-05,0.9365820288658142,0.60127192735672,0.9498572945594788,0.6066997051239014
1949,1844,2,2.569575308086769e-07,0.3417649567127228,0.9806401133537292,0.34186235070228577,0.9859014749526978
1950,1854,2,4.6209695447885224e-07,0.30360686779022217,0.9806401133537292,0.30373984575271606,0.9859619140625
1951,1860,2,3.875407219311455e-05,0.3544689416885376,0.9176657199859619,0.35691606998443604,0.9339920282363892
1952,1878,2,7.091523954727563e-07,0.6027524471282959,0.9806401133537292,0.6030610203742981,0.9854699373245239
1953,1885,2,7.151930319082567e-07,0.7739943861961365,0.9894641637802124,0.7744598388671875,0.9925715923309326
1954,1888,2,1.3906836310084714e-05,0.9805991649627686,0.5624991655349731,0.986848771572113,0.5650919079780579
1955,1894,2,2.0590266800013524e-05,0.9805992245674133,0.6433931589126587,0.9866575598716736,0.6471527218818665
1956,1906,2,4.911967842469167e-05,0.9180300235748291,0.03231940418481827,0.9332889914512634,0.036723051220178604
1957,1910,2,2.435864439931379e-06,0.6981115937232971,0.9894641637802124,0.6991533637046814,0.9926719069480896
1958,1915,2,3.248852627990573e-05,0.6668452620506287,0.9677938222885132,0.6716362237930298,0.9766650199890137
1959,1917,2,3.2979374703145936e-05,0.9365819096565247,0.306266188621521,0.9503380656242371,0.3087964951992035
1960,1944,2,2.8466545415994915e-05,0.9365820288658142,0.6972286105155945,0.9498526453971863,0.7003569006919861
1961,1945,2,5.424185764901779e-05,0.3204819858074188,0.8959178328514099,0.3264921009540558,0.9139522910118103
1962,1951,2,6.9903686128469644e-06,0.5908410549163818,0.9806401133537292,0.5932475328445435,0.9853741526603699
1963,1954,2,6.122511594419677e-05,0.9538221955299377,0.6407744288444519,0.9646876454353333,0.6510711908340454
1964,1958,2,3.524375231478416e-05,0.780899167060852,0.9377778172492981,0.7867682576179504,0.9497494101524353
1965,1959,2,7.786557050337706e-05,0.9538221955299377,0.28444531559944153,0.9652462601661682,0.2912677228450775
1966,1961,2,5.32488968758571e-05,0.9180300235748291,0.2785067856311798,0.9329490661621094,0.2833329141139984
1967,1963,2,9.55421511139587e-05,0.10545594990253448,0.9539370536804199,0.11478858441114426,0.9642221927642822
1968,1964,2,3.9989593858535954e-05,0.9365819692611694,0.9169303774833679,0.9495728015899658,0.9209631681442261
1969,1965,2,7.022446249393965e-05,0.7726961970329285,0.9176657795906067,0.7821788787841797,0.9329544901847839
1970,1971,2,3.1388419371225496e-05,0.9538223147392273,0.6333106756210327,0.9649843573570251,0.6377000212669373
1971,1977,2,4.1029009974380415e-05,0.9180300831794739,0.657453179359436,0.9325259923934937,0.6608319282531738
1972,1979,2,5.45793317261456e-05,0.894639253616333,0.6764705777168274,0.9134346842765808,0.6822803616523743
1973,1982,2,4.343339443302341e-05,0.15911118686199188,0.9677938222885132,0.16619229316711426,0.9770657420158386
1974,1992,2,3.3438331959345646e-05,0.5236791968345642,0.9176657199859619,0.5275437831878662,0.9337412714958191
1975,1994,2,3.089670342681927e-05,0.9538222551345825,0.9046610593795776,0.9646527171134949,0.9072349667549133
1976,1995,2,2.760747328522939e-07,0.524631142616272,0.9894641041755676,0.5247700214385986,0.9929039478302002
1977,2002,2,1.7715698685805137e-07,0.47483697533607483,0.9894641637802124,0.47493818402290344,0.9929665327072144
1978,2005,2,3.1327672593839395e-06,0.12516164779663086,0.9894642233848572,0.12634147703647614,0.9934595823287964
1979,2010,2,4.1884967760807967e-07,0.9909420609474182,0.3468952178955078,0.9933690428733826,0.34720578789711
1980,2045,2,1.5145846230524285e-06,0.5257471799850464,0.9806401133537292,0.5263667702674866,0.9855765104293823
1981,2047,2,1.5642960837780606e-06,0.16441486775875092,0.9806400537490845,0.1649819016456604,0.986164391040802
1982,2053,2,7.095429454462288e-05,0.9180300235748291,0.05904984101653099,0.9331862926483154,0.065015509724617
1983,2062,2,0.00013003098978714434,0.9365820288658142,0.5093027949333191,0.9496018290519714,0.5213822722434998
1984,2064,2,5.79168810155295e-05,0.43551382422447205,0.9176657795906067,0.4396202266216278,0.9338060021400452
1985,2065,2,0.00010427945169766417,0.8670146465301514,0.8502251505851746,0.8892233967781067,0.8566299676895142
1986,2075,2,7.033862686967041e-06,0.7056427001953125,0.9806401133537292,0.7087340354919434,0.9852149486541748
1987,2077,2,8.821707615958019e-06,0.47181209921836853,0.9806401133537292,0.4743453860282898,0.9855751395225525
1988,2098,2,5.2306013016617525e-05,0.9180300235748291,0.005740227643400431,0.9332417845726013,0.011581836268305779
1989,2102,2,4.745338262068799e-05,0.894639253616333,0.8830224275588989,0.9131611585617065,0.888074517250061
1990,2111,2,3.788099094492736e-05,0.9365819692611694,0.7312119007110596,0.9496971368789673,0.7370173335075378
1991,2115,2,6.283723418176734e-05,0.9180300235748291,0.08774558454751968,0.9332503080368042,0.09200052917003632
1992,2116,2,3.9871041138894725e-05,0.1145433709025383,0.9377778172492981,0.12074974924325943,0.950518786907196
1993,2124,2,8.837645708581476e-07,0.5607847571372986,0.9894641041755676,0.5611492395401001,0.9928699135780334
1994,2146,2,1.4678017057345727e-05,0.9365820288658142,0.14577177166938782,0.9505929946899414,0.1478731334209442
1995,2157,2,3.8382591236896246e-05,0.5712026953697205,0.9377778172492981,0.576291024684906,0.9500568509101868
1996,2161,2,1.5977958795154734e-05,0.4842006266117096,0.9806400537490845,0.48875531554222107,0.9854549765586853
1997,2174,2,3.5537149400965973e-07,0.8861380219459534,0.9806401133537292,0.8862910270690918,0.9850323796272278
1998,2181,2,1.5694329036364252e-07,0.17239540815353394,0.9894641637802124,0.17247439920902252,0.9934508204460144
1999,2196,2,3.7922655900857194e-05,0.936582088470459,0.8786677122116089,0.9495247602462769,0.884523868560791
2000,2199,2,0.00010330068723973795,0.854962170124054,0.8706486225128174,0.8641229271888733,0.8907730579376221
2001,2203,2,0.00011636890720367887,0.09539562463760376,0.9176657795906067,0.10367925465106964,0.9343220591545105
2002,2215,2,4.6453379987099197e-07,0.8325912356376648,0.9894641637802124,0.8328659534454346,0.9924792051315308
2003,2217,2,3.194478108703436e-07,0.9909420609474182,0.2165692150592804,0.9934755563735962,0.21682117879390717
2004,2221,2,2.906875380404017e-07,0.9365195631980896,0.9894641041755676,0.9366608262062073,0.9922993779182434
2005,2227,2,2.926474458320172e-07,0.9502111077308655,0.9894641637802124,0.9503599405288696,0.9922797083854675
2006,2228,2,4.9210227159868225e-06,0.16805614531040192,0.9806401133537292,0.1695070117712021,0.9861022233963013
2007,2244,2,7.010799691897773e-07,0.6533469557762146,0.9894641637802124,0.6536857485771179,0.9927471876144409
2008,2266,2,1.6730097459338733e-06,0.014320574700832367,0.9894641637802124,0.014745363034307957,0.9936455488204956
2009,2267,2,1.0927638784963278e-06,0.18673968315124512,0.9894641637802124,0.18707865476608276,0.9934064149856567
2010,2272,2,9.358210530052702e-06,0.9095157980918884,0.9806401133537292,0.9119394421577454,0.9848794937133789
2011,2273,2,1.0513053743110845e-05,0.7208056449890137,0.9806401133537292,0.7232813239097595,0.9852177500724792
2012,2283,2,1.898680054068791e-06,0.10757162421941757,0.9894641637802124,0.10815092921257019,0.9934972524642944
2013,2290,2,6.744667948366256e-06,0.04532269388437271,0.9894641041755676,0.047105155885219574,0.9935218691825867
2014,2312,2,2.389264333046981e-07,0.9909420013427734,0.26391837000846863,0.9934410452842712,0.26408275961875916
2015,2320,2,5.733389301099123e-07,0.8668327927589417,0.9894641637802124,0.867060661315918,0.9924153685569763
2016,2322,2,5.93127640335922e-07,0.06488674134016037,0.9894641041755676,0.06508257240056992,0.9935820698738098
2017,2336,2,3.0490611814926183e-05,0.9805992245674133,0.5100917816162109,0.9867612719535828,0.5157716870307922
2018,2360,2,3.3924681481778407e-06,0.9430478811264038,0.9806401133537292,0.9438703060150146,0.9849258661270142
2019,2361,2,0.00011262659083577375,0.8670146465301514,0.6632293462753296,0.8897415995597839,0.6687756776809692
2020,2362,2,7.594532867116754e-05,0.32629409432411194,0.9377778172492981,0.33302825689315796,0.9502784609794617
2021,2366,2,0.00010876465731612939,0.7619867324829102,0.8959178328514099,0.7690197825431824,0.9129774570465088
2022,2367,2,2.6165012535273036e-05,0.9805992245674133,0.8516793251037598,0.9862851500511169,0.857002854347229
2023,2372,2,1.42603612118819e-06,0.8793293237686157,0.9806401133537292,0.879764974117279,0.985033392906189
2024,2375,2,5.372926346058904e-06,0.20242831110954285,0.9806401133537292,0.2038394957780838,0.9860337376594543
2025,2383,2,4.796601089651631e-07,0.4422314763069153,0.9894641637802124,0.4424189627170563,0.9930031895637512
2026,2384,2,5.320055418422953e-07,0.49888020753860474,0.9894641041755676,0.49907025694847107,0.9929402470588684
2027,2389,2,3.46109334969924e-07,0.7653096914291382,0.9894641041755676,0.7654438614845276,0.9926036596298218
2028,2390,2,5.707668586651948e-07,0.44549325108528137,0.9894641041755676,0.4456806182861328,0.9930012822151184
2029,2402,2,3.633388930879278e-05,0.9688326120376587,0.6353424787521362,0.9765524864196777,0.6406404972076416
2030,2405,2,3.925580194774625e-05,0.8276514410972595,0.967793881893158,0.8335519433021545,0.976429283618927
2031,2406,2,5.705126044830422e-05,0.07614956051111221,0.9539369344711304,0.08202327787876129,0.9644532799720764
2032,2411,2,7.879282225609074e-05,0.5610348582267761,0.8959178328514099,0.5661202073097229,0.9135513305664062
2033,2416,2,7.330101756508611e-05,0.9180300235748291,0.6639062762260437,0.932548999786377,0.6668182611465454
2034,2420,2,6.476591899651218e-05,0.057679180055856705,0.8959178328514099,0.06379269808530807,0.9143243432044983
2035,2425,2,3.036803875033911e-07,0.358139306306839,0.9894641637802124,0.35823702812194824,0.9931148290634155
2036,2433,2,1.170718050058639e-06,0.9909420609474182,0.1924837827682495,0.9934822916984558,0.19302082061767578
2037,2438,2,3.7930473215652682e-06,0.804867684841156,0.9806400537490845,0.8057690858840942,0.9851569533348083
2038,2445,2,5.90434581226873e-07,0.7162209749221802,0.9894641041755676,0.7164784669876099,0.9926697611808777
2039,2446,2,7.266279524742458e-07,0.5706556439399719,0.9894642233848572,0.570947527885437,0.9928666353225708
2040,2449,2,7.078954737949061e-07,0.6632195115089417,0.9894641637802124,0.6634935736656189,0.9927375912666321
2041,2473,2,1.1864602829092519e-05,0.6758034229278564,0.9806401133537292,0.6790122985839844,0.9852362871170044
2042,2474,2,1.471864086610708e-06,0.3508496880531311,0.9894642233848572,0.35131800174713135,0.9930996298789978
2043,2501,2,2.7354295202286494e-05,0.9805992841720581,0.7261021137237549,0.9864404201507568,0.7313736081123352
2044,2504,2,7.274588096350953e-07,0.3774728775024414,0.9894641041755676,0.3777260184288025,0.9930736422538757
2045,2505,2,1.3489959442836152e-06,0.6498174667358398,0.9894641637802124,0.6502727270126343,0.9927424192428589
2046,2534,2,4.262922775666311e-06,0.6789698600769043,0.9894641637802124,0.6807617545127869,0.9926482439041138
2047,2551,2,1.0006964856756895e-07,0.2320196032524109,0.9967202544212341,0.23211075365543365,0.9982375502586365
2048,2554,2,1.4896340161385524e-07,0.3058852255344391,0.9967202544212341,0.30600422620773315,0.9980935454368591
2049,2558,2,2.8186424749776506e-07,0.9909420609474182,0.2552413046360016,0.9934450387954712,0.25538885593414307
2050,2563,2,3.1406254162646974e-05,0.9688326716423035,0.7672619223594666,0.976366400718689,0.7717704772949219
2051,2564,2,2.555026391792836e-06,0.19015292823314667,0.9894641637802124,0.19090227782726288,0.993372917175293
2052,2566,2,4.102587449122952e-06,0.01019421685487032,0.9894641637802124,0.01124629471451044,0.9936159253120422
2053,2570,2,5.769006616107575e-05,0.17565397918224335,0.9539368748664856,0.1830464005470276,0.9642444849014282
2054,2572,2,3.86566296057822e-05,0.859918475151062,0.9377778172492981,0.8653242588043213,0.949652910232544
2055,2576,2,5.265069740634232e-06,0.07793650031089783,0.9894642233848572,0.0793091282248497,0.993506669998169
2056,2580,2,4.724673891232101e-06,0.8121665716171265,0.9806401133537292,0.8132903575897217,0.9851338267326355
2057,2584,2,6.275432413715976e-06,0.8437395095825195,0.9806400537490845,0.845264196395874,0.9850550293922424
2058,2585,2,5.461174271914615e-06,0.5053997039794922,0.9894642233848572,0.5070815682411194,0.9928638935089111
2059,2597,2,5.927466109056923e-07,0.3255256712436676,0.9967201948165894,0.3260746896266937,0.998030424118042
2060,2601,2,7.982261022165815e-07,0.9909420013427734,0.0292946957051754,0.9936795234680176,0.029594315215945244
2061,2604,2,6.98265156802158e-05,0.9365819692611694,0.15094736218452454,0.950411856174469,0.15638157725334167
2062,2606,2,9.596920893528704e-07,0.7564912438392639,0.9894641637802124,0.7568137049674988,0.9926041960716248
2063,2611,2,8.016532622345807e-05,0.9180300831794739,0.46471986174583435,0.9327103495597839,0.47054189443588257
2064,2625,2,1.7442189053085144e-06,0.39938583970069885,0.9806401133537292,0.40003418922424316,0.9857514500617981
2065,2628,2,1.7765377231526713e-06,0.36503127217292786,0.9806401133537292,0.3656759560108185,0.9858144521713257
2066,2630,2,1.8592209864110032e-05,0.5376958250999451,0.980640172958374,0.5423906445503235,0.985351026058197
2067,2643,2,9.261352632350395e-06,0.5202105045318604,0.9806401133537292,0.5226728916168213,0.9854991436004639
2068,2648,2,5.513174408022792e-05,0.6800203323364258,0.9377777576446533,0.6852205395698547,0.9499544501304626
2069,2665,2,5.464941879029794e-05,0.9538221955299377,0.23198896646499634,0.9653257727622986,0.23780833184719086
2070,2680,2,5.338818169065007e-05,0.6147562265396118,0.9539369344711304,0.620762288570404,0.9638412594795227
2071,2681,2,0.00016912903497434684,0.8366197943687439,0.5478397011756897,0.8616645932197571,0.5575789213180542
2072,2692,2,4.495183345021303e-05,0.904657244682312,0.9539368748664856,0.9110282063484192,0.9635100960731506
2073,2702,2,2.547911162054106e-07,0.9909420013427734,0.5469185709953308,0.993219792842865,0.5470430850982666
2074,2717,2,1.997989798319111e-05,0.32124683260917664,0.980640172958374,0.32606303691864014,0.9856930375099182
2075,2722,2,1.2656224926743675e-05,0.9688326120376587,0.7869755625724792,0.976399302482605,0.7898476123809814
2076,2727,2,6.32551299215578e-05,0.8060523867607117,0.9677937626838684,0.8143524527549744,0.9763576984405518
2077,2728,2,6.436494238704071e-05,0.08867538720369339,0.9539368748664856,0.09591106325387955,0.964346170425415
2078,2733,2,9.517302110850778e-07,0.8733081221580505,0.9894641637802124,0.8737173676490784,0.9923977851867676
2079,2737,2,1.7385426828053774e-05,0.04234340414404869,0.980640172958374,0.045866355299949646,0.9862040281295776
2080,2740,2,8.917221059334679e-07,0.7022275924682617,0.9894641637802124,0.7025707960128784,0.9926984906196594
2081,2741,2,8.536722191365698e-07,0.9909420609474182,0.08629097789525986,0.9936069846153259,0.0866546779870987
2082,2746,2,1.0274505301083314e-05,0.007488275412470102,0.9806401133537292,0.00981813482940197,0.9863047003746033
2083,2753,2,3.10650432098214e-05,0.9688327312469482,0.5830918550491333,0.9765887260437012,0.5886986255645752
2084,2757,2,1.3997007002330975e-06,0.5166813731193542,0.980640172958374,0.5171362161636353,0.985600471496582
2085,2765,2,2.2641199919348765e-06,0.43639272451400757,0.9806400537490845,0.4370771050453186,0.9857031106948853
2086,2777,2,5.134301511278139e-06,0.0691523551940918,0.9806400537490845,0.07037056982517242,0.9862661361694336
2087,2788,2,1.0162008182490467e-05,0.9805991649627686,0.9108425974845886,0.9863581657409668,0.9131317138671875
2088,2801,2,1.6366506327969432e-06,0.21536308526992798,0.980640172958374,0.21587851643562317,0.9860610961914062
2089,2802,2,2.3598905055655095e-06,0.03554467484354973,0.9894641637802124,0.03619186207652092,0.9936039447784424
2090,2804,2,8.113924767627623e-07,0.7291038632392883,0.9894641637802124,0.7294504046440125,0.9926615357398987
2091,2806,2,7.669623354189525e-07,0.6567600965499878,0.9894641637802124,0.657042384147644,0.9927452802658081
2092,2807,2,3.6567208461235623e-07,0.33955609798431396,0.9894641637802124,0.3397083282470703,0.9931317567825317
2093,2816,2,4.673382321129793e-07,0.9909420609474182,0.4552036225795746,0.9932854771614075,0.4554307162761688
2094,2823,2,1.792815504764178e-05,0.9805991649627686,0.5983899235725403,0.9867082238197327,0.6020216345787048
2095,2830,2,5.927678391692837e-06,0.12941575050354004,0.9894641637802124,0.13096551597118378,0.9934371709823608
2096,2835,2,8.878054646777045e-06,0.10652514547109604,0.9806401133537292,0.10902861505746841,0.9861498475074768
2097,2856,2,3.5548214591951677e-06,0.03835786506533623,0.9806401133537292,0.03926912322640419,0.9863358736038208
2098,2857,2,3.305561476096841e-06,0.5294409990310669,0.9806400537490845,0.5306394100189209,0.9855424761772156
2099,2863,2,1.360017091833754e-06,0.9805991649627686,0.39170587062835693,0.9872279167175293,0.3921647369861603
2100,2867,2,2.1201706783102736e-05,0.9688326120376587,0.8458111882209778,0.9762783646583557,0.8492891788482666
2101,2873,2,1.830026510063476e-05,0.9805991649627686,0.9024789333343506,0.9862147569656372,0.9077682495117188
2102,2883,2,2.9587496523930668e-06,0.5101557970046997,0.9894641041755676,0.5112341642379761,0.9928845763206482
2103,2897,2,1.2915405812607972e-06,0.9909420609474182,0.040299586951732635,0.9936611652374268,0.040855757892131805
2104,2908,2,2.9261997281482266e-05,0.09687976539134979,0.967793881893158,0.10105161368846893,0.9772651791572571
2105,2909,2,3.419937140991536e-05,0.9805991053581238,0.07292909175157547,0.9875812530517578,0.0784459337592125
2106,2913,2,4.490020888425761e-07,0.9909420013427734,0.9840587973594666,0.9926849603652954,0.9843762516975403
2107,2931,2,3.263136051367965e-05,0.9805991649627686,0.15788914263248444,0.9874405860900879,0.16357192397117615
2108,2946,2,9.519537579216752e-06,0.9805992245674133,0.05891719087958336,0.9878177642822266,0.060559749603271484
2109,2950,2,4.1938878645453315e-06,0.6665679216384888,0.9894641637802124,0.6685982346534729,0.9926449656486511
2110,2960,2,3.132465697852638e-05,0.9688327312469482,0.7034769654273987,0.9764280319213867,0.7087569236755371
2111,2965,2,8.025858511118145e-06,0.9805991649627686,0.6310606598854065,0.9867720007896423,0.6329920291900635
2112,2966,2,4.8838124762085044e-06,0.3099595010280609,0.9806400537490845,0.3116231858730316,0.9858627319335938
2113,2967,2,8.015739072053663e-06,0.2069137692451477,0.9806401133537292,0.2091950923204422,0.9859883785247803
2114,2980,2,7.119084555640143e-06,0.9805991649627686,0.5681661367416382,0.9868646264076233,0.570212721824646
2115,2981,2,7.920225396196301e-06,0.10094616562128067,0.9806401133537292,0.10345086455345154,0.9861564636230469
2116,2982,2,8.498810544210755e-06,0.9805991649627686,0.9646522998809814,0.986315906047821,0.9664885401725769
2117,2991,2,2.6429384307746773e-06,0.30361396074295044,0.9894641637802124,0.3051566779613495,0.9931218028068542
2118,2992,2,3.5112066179010526e-06,0.10281860828399658,0.9894641637802124,0.10449732840061188,0.9934442043304443
2119,2998,2,1.7964121923341736e-07,0.9909420609474182,0.6465427875518799,0.9930586218833923,0.6466732025146484
2120,3000,2,1.9507388415718196e-07,0.9909420609474182,0.9484574198722839,0.9927226901054382,0.9485900402069092
2121,3001,2,2.541070021067071e-07,0.9909420609474182,0.9808040857315063,0.9926939010620117,0.9809845089912415
2122,3008,2,1.595623717598471e-05,0.9805992245674133,0.812539279460907,0.9864147305488586,0.816257894039154
2123,3010,2,2.7567231608571774e-06,0.5722801089286804,0.980640172958374,0.5733420252799988,0.9854683876037598
2124,3056,2,1.9434557447794987e-06,0.9286009073257446,0.9806400537490845,0.9291524887084961,0.9849549531936646
2125,3081,2,1.3647377539172112e-06,0.7367535829544067,0.9806400537490845,0.7372177243232727,0.9852986335754395
2126,3086,2,3.4993827382479026e-06,0.15286315977573395,0.9806400537490845,0.15385761857032776,0.9861671328544617
2127,3104,2,1.3177603737091204e-05,0.08117330074310303,0.9806401133537292,0.08452850580215454,0.9861432909965515
2128,3138,2,1.73304210626668e-06,0.18808242678642273,0.9806401133537292,0.18850034475326538,0.9861174821853638
2129,3142,2,1.1363989926849172e-06,0.8367738723754883,0.9806400537490845,0.8373504877090454,0.9851100444793701
2130,3148,2,1.5493669316413161e-06,0.4551894962787628,0.9894641041755676,0.45569393038749695,0.9929750561714172
2131,3149,2,2.4679597609988946e-06,0.45876824855804443,0.9894641041755676,0.45958513021469116,0.992957353591919
2132,3157,2,4.357606830929228e-06,0.2628616392612457,0.9806401133537292,0.26411303877830505,0.9859815835952759
2133,3160,2,5.291112330496617e-07,0.9909420609474182,0.09614228457212448,0.9935845732688904,0.09639281034469604
2134,3167,2,3.0400041293177082e-06,0.7819827795028687,0.9894641041755676,0.7831222414970398,0.9925223588943481
2135,3198,2,4.003102951344317e-07,0.6465870141983032,0.9894641637802124,0.6467432379722595,0.9927584528923035
2136,3207,2,4.739308544721155e-06,0.9805991649627686,0.44813358783721924,0.9870734810829163,0.4496196210384369
2137,3212,2,3.393386842631685e-07,0.9909420609474182,0.4891641139984131,0.9932724237442017,0.48935839533805847
2138,3218,2,6.879105452384238e-06,0.9805992245674133,0.775726854801178,0.9865511655807495,0.7773626446723938
2139,3228,2,2.6745503886260735e-05,0.9805991649627686,0.5389550924301147,0.9867539405822754,0.5441677570343018
2140,3255,2,9.482129197380118e-07,0.6350337862968445,0.9894641041755676,0.6354189515113831,0.992764949798584
2141,3265,2,2.977661125536102e-05,0.9805991649627686,0.19883416593074799,0.9874024391174316,0.20405466854572296
2142,3267,2,8.260127968284792e-06,0.4987439215183258,0.9806400537490845,0.5007452368736267,0.9855712056159973
2143,3281,2,4.290017498576049e-06,0.6636104583740234,0.9806400537490845,0.6646295189857483,0.9853668808937073
2144,3284,2,2.230285625870465e-05,0.28993579745292664,0.9806401133537292,0.2950267791748047,0.9857421517372131
2145,3288,2,3.4912030056233334e-05,0.9688326716423035,0.8256520628929138,0.976213276386261,0.8308994770050049
2146,3302,2,7.253287560571309e-07,0.050179384648799896,0.9894641041755676,0.05042647942900658,0.9935980439186096
2147,3309,2,2.86265034501465e-05,0.9805991053581238,0.015662312507629395,0.9876881241798401,0.0207400843501091
2148,3312,2,7.78769248199751e-07,0.4194197654724121,0.9806400537490845,0.4196593761444092,0.9857485890388489
2149,3313,2,2.0230969361989537e-06,0.6530055403709412,0.9806401133537292,0.6534818410873413,0.9853988885879517
2150,3321,2,4.423971026490392e-05,0.9688327312469482,0.6179576516151428,0.9765447378158569,0.6240166425704956
2151,3322,2,5.702986089239914e-05,0.44193509221076965,0.9377778172492981,0.4481658935546875,0.9501746296882629
2152,3328,2,6.786949080606064e-05,0.9538223147392273,0.5337638258934021,0.9649677872657776,0.5408481955528259
2153,3337,2,4.7621684151621935e-07,0.9909420609474182,0.1149207130074501,0.9935698509216309,0.11516318470239639
2154,1,1,4.3092912349607104e-08,0.2456553429365158,0.9967202544212341,0.24571289122104645,0.9982178807258606
2155,6,1,2.8359927739529667e-07,0.9909420013427734,0.5791109800338745,0.993190586566925,0.579363226890564
2156,7,1,2.1601795907599808e-07,0.9909420609474182,0.6056357026100159,0.993155300617218,0.6058309078216553
2157,13,1,7.860229089828863e-08,0.8013684749603271,0.9894641041755676,0.8014193773269653,0.9925524592399597
2158,15,1,9.911371501303279e-08,0.19911178946495056,0.9967202544212341,0.19923971593379974,0.99826979637146
2159,18,1,7.866345219653681e-08,0.1959361732006073,0.9967202544212341,0.19603748619556427,0.9982731342315674
2160,19,1,1.6254355861278214e-07,0.20884157717227936,0.9967202544212341,0.2090529501438141,0.9982582330703735
2161,20,1,1.1339191452464092e-07,0.15204229950904846,0.9967202544212341,0.15218518674373627,0.9983074069023132
2162,27,1,3.576858770237834e-05,0.894639253616333,0.29738849401474,0.9143334627151489,0.30102089047431946
2163,28,1,5.467600416753093e-06,0.05141903832554817,0.9539369344711304,0.052433185279369354,0.9647195935249329
2164,30,1,2.3039160623739008e-07,0.3487432897090912,0.9967201948165894,0.34910187125205994,0.998005211353302
2165,32,1,4.831485964373883e-05,0.40947049856185913,0.8706486225128174,0.4140063524246216,0.8919521570205688
2166,33,1,4.331183667860561e-05,0.03686134144663811,0.8959178328514099,0.041540950536727905,0.9144287109375
2167,39,1,5.132960723130964e-09,0.5844225883483887,0.9967202544212341,0.5844941139221191,0.9968637824058533
2168,45,1,7.62496732420459e-08,0.9909420609474182,0.6601627469062805,0.9930565357208252,0.6602348685264587
2169,46,1,7.402007895507268e-08,0.9909420609474182,0.738152265548706,0.9929695725440979,0.7382252812385559
2170,51,1,1.1093883145463224e-07,0.9909420609474182,0.7448360323905945,0.9929629564285278,0.7449458241462708
2171,53,1,8.55604334049076e-08,0.990942120552063,0.9612711071968079,0.9927164912223816,0.9613675475120544
2172,56,1,9.095175101947461e-08,0.9909420609474182,0.802952766418457,0.9928447008132935,0.8030483722686768
2173,57,1,6.745590752643693e-08,0.9909420609474182,0.6533669233322144,0.9930574297904968,0.653430700302124
2174,58,1,4.8084192627584343e-08,0.9909420013427734,0.7512377500534058,0.992956280708313,0.7512854933738708
2175,61,1,5.1372381904002395e-09,0.587568461894989,0.9967202544212341,0.5876400470733643,0.9968637824058533
2176,62,1,3.569432287520158e-07,0.9909420013427734,0.2824515700340271,0.993429958820343,0.28273850679397583
2177,68,1,1.0465171840223775e-07,0.9909420013427734,0.9120324850082397,0.9927335977554321,0.9121493101119995
2178,71,1,2.662893727745086e-08,0.012482868507504463,0.9967202544212341,0.012513430789113045,0.9984628558158875
2179,76,1,5.9403561181170517e-08,0.9909420013427734,0.761178731918335,0.9929273128509521,0.7612385749816895
2180,77,1,1.9240395943143085e-07,0.990942120552063,0.5824374556541443,0.9931915998458862,0.5826085209846497
2181,88,1,2.629681432608777e-07,0.9909420609474182,0.7783234715461731,0.9928753972053528,0.778595507144928
2182,90,1,4.6397630626415776e-08,0.7227295637130737,0.9894641637802124,0.722758412361145,0.9926807880401611
2183,91,1,2.415997535365477e-07,0.7827136516571045,0.9806400537490845,0.7828191518783569,0.9852201342582703
2184,97,1,4.807941440532204e-07,0.9909420013427734,0.9018930196762085,0.9927154183387756,0.9024352431297302
2185,110,1,8.342491297463894e-05,0.9180300831794739,0.20885546505451202,0.9328001737594604,0.22015193104743958
2186,111,1,3.416174819625972e-05,0.03839834779500961,0.9377778172492981,0.04370664060115814,0.9506489038467407
2187,113,1,5.461938233963792e-05,0.9365819692611694,0.7861826419830322,0.9494806528091431,0.7946516275405884
2188,117,1,1.9673900908401265e-06,0.9805991649627686,0.477750301361084,0.9870686531066895,0.47835850715637207
2189,119,1,3.735948206573525e-06,0.09331425279378891,0.9806401133537292,0.0946517288684845,0.9862266778945923
2190,121,1,1.1185377957190212e-07,0.9909420013427734,0.8852628469467163,0.9927533864974976,0.8853863477706909
2191,123,1,8.191859790507294e-08,0.11225450038909912,0.9967202544212341,0.11235447973012924,0.998358964920044
2192,124,1,1.4519665114676172e-07,0.9909420609474182,0.6633090972900391,0.9930493235588074,0.6634469032287598
2193,130,1,1.897708722720104e-05,0.9365820288658142,0.11508672684431076,0.9506579637527466,0.11778311431407928
2194,131,1,2.4626660933835254e-05,0.9180301427841187,0.06808976083993912,0.933319628238678,0.07131114602088928
2195,139,1,8.777611526511464e-08,0.9909420013427734,0.9678587913513184,0.9927098751068115,0.9679580926895142
2196,141,1,3.698998440881951e-08,0.9909420013427734,0.8987775444984436,0.99274080991745,0.8988186717033386
2197,148,1,4.999501967972719e-08,0.9909420609474182,0.6434216499328613,0.9930736422538757,0.6434685587882996
2198,149,1,1.028863039209682e-07,0.9909420609474182,0.7675588130950928,0.9929035902023315,0.7676637172698975
2199,151,1,1.8505560639425767e-07,0.3857986629009247,0.9894641637802124,0.38590145111083984,0.9930648803710938
2200,153,1,6.849538110031972e-07,0.8850842714309692,0.9894641637802124,0.8855549693107605,0.9923745393753052
2201,159,1,1.2713403663155987e-07,0.9909420609474182,0.32413583993911743,0.9934079051017761,0.32423895597457886
2202,171,1,4.91761653620415e-08,0.9909420609474182,0.9183924198150635,0.9927356243133545,0.9184472560882568
2203,181,1,1.0930234495276636e-07,0.9909420013427734,0.6731607913970947,0.993037760257721,0.6732650995254517
2204,183,1,1.4238325363180593e-07,0.9909420013427734,0.6871927380561829,0.9930066466331482,0.6873306632041931
2205,184,1,2.3794566317292265e-07,0.9909420609474182,0.9417996406555176,0.9927163124084473,0.9420678615570068
2206,186,1,1.487450802528656e-07,0.27605387568473816,0.9967202544212341,0.27626246213912964,0.9981464743614197
2207,187,1,1.4815267945778032e-07,0.45061227679252625,0.9967202544212341,0.45088455080986023,0.9978085160255432
2208,188,1,4.295872493287334e-07,0.9909420609474182,0.2922980785369873,0.9934151768684387,0.29264548420906067
2209,189,1,2.3622144595947248e-07,0.2620422840118408,0.9967202544212341,0.2623664140701294,0.9981778264045715
2210,190,1,9.733454220395288e-08,0.9909420013427734,0.6089051365852356,0.9931577444076538,0.6089929938316345
2211,191,1,2.2235675700699176e-07,0.9909420013427734,0.7578805685043335,0.9929279088973999,0.7581045031547546
2212,192,1,2.4940797516137536e-07,0.3024487793445587,0.9967202544212341,0.302810937166214,0.9980975985527039
2213,203,1,9.480182416865546e-08,0.10128139704465866,0.9967201948165894,0.10139621049165726,0.9983716011047363
2214,215,1,5.9507352379029044e-08,0.2220841348171234,0.9967202544212341,0.22216187417507172,0.99825119972229
2215,218,1,5.906832356572522e-08,0.42781296372413635,0.9967202544212341,0.42791613936424255,0.9978652596473694
2216,219,1,1.4942723721933504e-05,0.9688326120376587,0.05377334728837013,0.9773734211921692,0.05727248266339302
2217,221,1,3.912130888439336e-05,0.055175550282001495,0.9176657199859619,0.05980769172310829,0.9345569610595703
2218,225,1,1.5029381723152824e-05,0.9688326716423035,0.32353872060775757,0.9770856499671936,0.3271808922290802
2219,230,1,1.286774587683226e-05,0.5114959478378296,0.9539369344711304,0.514024555683136,0.9641146659851074
2220,243,1,3.292638339758014e-07,0.9805992245674133,0.7135048508644104,0.9867201447486877,0.71361243724823
2221,247,1,1.4437005654566182e-06,0.006429476663470268,0.9894642233848572,0.0071199447847902775,0.9936460256576538
2222,250,1,4.113840557096182e-08,0.18925781548023224,0.9967202544212341,0.18931053578853607,0.9982808828353882
2223,254,1,3.008874323029431e-07,0.9688326716423035,0.8523634076118469,0.9764466285705566,0.8524424433708191
2224,255,1,9.508764682308879e-06,0.4740986227989197,0.9539369344711304,0.475955605506897,0.9641780257225037
2225,257,1,3.872570524166008e-05,0.7872849106788635,0.9539369344711304,0.7953056693077087,0.9635933041572571
2226,266,1,2.7985244797079645e-05,0.936582088470459,0.5385617613792419,0.9499755501747131,0.5427407026290894
2227,267,1,2.241000798264281e-06,0.9805991649627686,0.6502271294593811,0.9868059754371643,0.650949239730835
2228,268,1,2.2312984082617504e-06,0.7402920126914978,0.9806400537490845,0.7412582635879517,0.9852585196495056
2229,269,1,2.931320580046304e-06,0.8799397349357605,0.9894641637802124,0.8820099234580994,0.9922960996627808
2230,272,1,1.3103794273661151e-05,0.8174266815185547,0.9677938222885132,0.8204048871994019,0.9765936136245728
2231,273,1,2.7285222337525283e-05,0.9688326716423035,0.5462799668312073,0.9765676259994507,0.5533350110054016
2232,274,1,2.7196078828950476e-05,0.7184770107269287,0.9677938222885132,0.7246829271316528,0.9765583872795105
2233,278,1,3.0535322352420735e-05,0.9365819692611694,0.5543131828308105,0.9499498605728149,0.5588816404342651
2234,282,1,1.0131135706359373e-05,0.9688327312469482,0.7440199851989746,0.9764741659164429,0.7466716170310974
2235,284,1,6.067771123241528e-05,0.8882855772972107,0.8959178328514099,0.8954694867134094,0.9128105044364929
2236,285,1,9.716701747741752e-05,0.8366197347640991,0.5606531500816345,0.861750066280365,0.5683861970901489
2237,287,1,1.0339350687615934e-05,0.9688326120376587,0.8339737057685852,0.9763283133506775,0.8367324471473694
2238,294,1,1.0652656712295538e-06,0.888629138469696,0.9894641041755676,0.8893681168556213,0.9923471808433533
2239,299,1,1.8355558140115136e-05,0.2764527201652527,0.9377778172492981,0.2793256640434265,0.9505560398101807
2240,302,1,4.5594050966712985e-05,0.894639253616333,0.23643657565116882,0.9143959879875183,0.24105212092399597
2241,304,1,2.2075505157204134e-07,0.9805992245674133,0.8895847797393799,0.9864873886108398,0.8896597623825073
2242,308,1,4.9742420901388584e-05,0.19793052971363068,0.9539369344711304,0.2077077478170395,0.9641121029853821
2243,309,1,7.37389483833617e-05,0.053328655660152435,0.9377777576446533,0.06508323550224304,0.9503241777420044
2244,310,1,2.218275446352891e-05,0.4174821078777313,0.9377778172492981,0.4210149943828583,0.950335681438446
2245,312,1,3.6040402022763374e-05,0.7391644716262817,0.9677938222885132,0.747548520565033,0.9763911962509155
2246,314,1,2.073155627169143e-05,0.9538222551345825,0.14175786077976227,0.9655001163482666,0.14530843496322632
2247,316,1,2.6823912291362717e-05,0.9538222551345825,0.5599278211593628,0.9650526642799377,0.5647048354148865
2248,319,1,2.9911230964074775e-05,0.22841128706932068,0.8959178328514099,0.23167741298675537,0.9142338633537292
2249,320,1,1.7722862947877616e-05,0.9538223743438721,0.6752440929412842,0.9649823307991028,0.6784202456474304
2250,322,1,5.099613017633953e-05,0.9180300831794739,0.022515149787068367,0.9331849813461304,0.02924513630568981
2251,325,1,0.0001007045288856645,0.14271731674671173,0.8364201188087463,0.1493808478116989,0.8666456937789917
2252,326,1,5.1401850438281826e-05,0.4798622131347656,0.8364201784133911,0.4834068715572357,0.8654226064682007
2253,327,1,0.00010314876831565845,0.014156977646052837,0.8364201188087463,0.020801091566681862,0.8674697875976562
2254,329,1,3.2821820994399786e-05,0.8946393132209778,0.34232261776924133,0.9142357110977173,0.3456723988056183
2255,330,1,4.527769301887474e-05,0.8946391940116882,0.7067103385925293,0.9134541153907776,0.7115232944488525
2256,332,1,0.00014888492161635458,0.8366197347640991,0.016103040426969528,0.8634944558143616,0.027182964608073235
2257,334,1,5.609965825215113e-08,0.9909420609474182,0.9516643285751343,0.9927212595939636,0.9517273902893066
2258,337,1,3.082439157719996e-05,0.9538223147392273,0.05843401327729225,0.9654889702796936,0.06371819972991943
2259,339,1,2.4768187807389097e-05,0.28077781200408936,0.8959178328514099,0.28349319100379944,0.9141607284545898
2260,340,1,7.861499390671156e-05,0.8670147061347961,0.15233348309993744,0.8911746144294739,0.15884137153625488
2261,342,1,9.544092316460251e-06,0.458285391330719,0.9677938222885132,0.46036019921302795,0.9769937992095947
2262,344,1,1.0274209476079932e-05,0.9805991649627686,0.4149378836154938,0.9870190620422363,0.41813862323760986
2263,346,1,2.7985786989148664e-05,0.9538221955299377,0.1874133199453354,0.9654149413108826,0.19224147498607635
2264,347,1,8.474121970081239e-05,0.8946391940116882,0.05744636431336403,0.9146040678024292,0.0659353956580162
2265,350,1,7.758064413110333e-08,0.9909420609474182,0.8279913663864136,0.9928094744682312,0.8280744552612305
2266,359,1,3.8805313806733466e-07,0.9909420609474182,0.46999746561050415,0.9932728409767151,0.47033044695854187
2267,360,1,1.6956874837603664e-07,0.9909420609474182,0.3771776556968689,0.9933342337608337,0.37731942534446716
2268,361,1,4.255221917048857e-07,0.9805991649627686,0.47454506158828735,0.9870980978012085,0.4746760129928589
2269,366,1,1.370810538858791e-06,0.9805992245674133,0.636066198348999,0.9868259429931641,0.6365064978599548
2270,370,1,1.609311005168479e-05,0.9538223147392273,0.2014637291431427,0.9655047059059143,0.20421883463859558
2271,372,1,1.9621610591435967e-05,0.9180300831794739,0.36772620677948,0.9329767227172852,0.37035176157951355
2272,374,1,1.3911141962363871e-05,0.12301405519247055,0.9539369344711304,0.1256367415189743,0.9645452499389648
2273,375,1,1.3923461317233432e-06,0.5871904492378235,0.9806400537490845,0.5877668261528015,0.9854714274406433
2274,376,1,9.499026898396323e-07,0.6601368188858032,0.9806400537490845,0.6605361104011536,0.98539799451828
2275,377,1,1.349442271703083e-06,0.8893652558326721,0.9806400537490845,0.8899837136268616,0.9850039482116699
2276,381,1,3.355506450475332e-06,0.624586284160614,0.9806400537490845,0.6259947419166565,0.9854048490524292
2277,382,1,1.393239927871548e-07,0.15972384810447693,0.9894642233848572,0.15979339182376862,0.9934710264205933
2278,389,1,3.7351477558900115e-05,0.9365821480751038,0.9276667833328247,0.9494778513908386,0.9334596395492554
2279,390,1,1.0891239053734125e-05,0.9538223147392273,0.9210460186004639,0.9646645784378052,0.9230550527572632
2280,391,1,3.396260173893495e-05,0.9365819692611694,0.6356234550476074,0.9498034119606018,0.6407609581947327
2281,393,1,2.4604200692834866e-05,0.7189192175865173,0.8706486225128174,0.7212978005409241,0.8913367390632629
2282,398,1,2.566025181138798e-05,0.6336483359336853,0.8706486225128174,0.636102020740509,0.8915643095970154
2283,399,1,1.6592637894774498e-05,0.9538223147392273,0.504758358001709,0.9652207493782043,0.5076697468757629
2284,402,1,8.772949167124011e-06,0.9805992245674133,0.38189613819122314,0.987149178981781,0.38457491993904114
2285,404,1,3.2460901744357784e-06,0.9805991649627686,0.38764920830726624,0.98720782995224,0.38863158226013184
2286,405,1,2.421828597221065e-06,0.9688326716423035,0.6880283355712891,0.9767009019851685,0.6886439323425293
2287,406,1,1.095518022520281e-05,0.9805991649627686,0.12449042499065399,0.9876298308372498,0.1276068240404129
2288,407,1,5.9932187568279005e-06,0.9688326120376587,0.3087080717086792,0.9772103428840637,0.3101388216018677
2289,409,1,7.354544059978707e-06,0.9805991649627686,0.7564343214035034,0.9865446090698242,0.7589083313941956
2290,411,1,1.6612029947182805e-05,0.9805991053581238,0.23331743478775024,0.9873755574226379,0.23822030425071716
2291,413,1,5.865012992600782e-06,0.6967049837112427,0.9806401133537292,0.6992512345314026,0.9852468967437744
2292,414,1,4.902716455035261e-06,0.9688326120376587,0.3977510929107666,0.977117657661438,0.39893460273742676
2293,415,1,1.4125082786087262e-05,0.4173468351364136,0.9539369940757751,0.4200885593891144,0.9642407894134521
2294,416,1,0.0,0.5938878655433655,0.9967202544212341,0.5938878655433655,0.9967202544212341
2295,423,1,2.149105489124281e-07,0.3751752972602844,0.9967201352119446,0.37552449107170105,0.9979510307312012
2296,425,1,9.164173242481866e-08,0.29924312233924866,0.9967201948165894,0.299374520778656,0.998115062713623
2297,426,1,9.409062329268636e-08,0.42136457562446594,0.9967202544212341,0.4215252697467804,0.9978913068771362
2298,429,1,3.7803211005993376e-07,0.22844384610652924,0.9967202544212341,0.2289453148841858,0.9982279539108276
2299,430,1,5.377424088237603e-07,0.9909420013427734,0.17017745971679688,0.9935152530670166,0.17059540748596191
2300,431,1,6.454860246307703e-07,0.1255822330713272,0.9806401133537292,0.12581263482570648,0.9862432479858398
2301,439,1,4.566034459863033e-06,0.35083961486816406,0.9176658391952515,0.3513946235179901,0.9341197609901428
2302,441,1,1.9138304274690654e-07,0.8516714572906494,0.9806401133537292,0.8517571091651917,0.9851089715957642
2303,448,1,2.019753530757562e-06,0.028263559564948082,0.9806401133537292,0.028970981016755104,0.9863502979278564
2304,449,1,1.5156600646548668e-05,0.980599045753479,0.9326993227005005,0.9861592054367065,0.9381511807441711
2305,450,1,8.8940674825011e-06,0.9538222551345825,0.7645680904388428,0.9649012684822083,0.7661736607551575
2306,453,1,3.1742930843847716e-06,0.1981809437274933,0.9806401133537292,0.19935408234596252,0.9860517382621765
2307,454,1,3.6846407773794e-06,0.05998706445097923,0.9894641637802124,0.061812516301870346,0.9935011267662048
2308,458,1,2.960339758217856e-06,0.20772668719291687,0.9894641637802124,0.20929275453090668,0.9932447671890259
2309,459,1,4.5563573607410035e-06,0.9805992245674133,0.5344443321228027,0.9869433045387268,0.5358807444572449
2310,465,1,9.608133540783825e-06,0.9805992245674133,0.06363403052091599,0.9877558946609497,0.06631911545991898
2311,466,1,1.9970589207218836e-05,0.9538223147392273,0.6992871761322021,0.9648775458335876,0.7029000520706177
2312,467,1,2.324354566729525e-05,0.9538222551345825,0.148382768034935,0.9654780030250549,0.1523711085319519
2313,472,1,8.40749443398181e-07,0.9909420609474182,0.7743678092956543,0.9928500056266785,0.7752491235733032
2314,476,1,8.403652884680923e-08,0.9909420609474182,0.9352958798408508,0.992726743221283,0.935390055179596
2315,480,1,2.065567556996939e-05,0.3452394902706146,0.9176657199859619,0.34776532649993896,0.9340212345123291
2316,484,1,7.400138164914694e-05,0.9365819692611694,0.39262494444847107,0.9498149752616882,0.4038093090057373
2317,487,1,1.7816638164802612e-05,0.5306180715560913,0.9176657795906067,0.5328308939933777,0.9337688684463501
2318,488,1,1.7632013401325253e-05,0.7673700451850891,0.9176657795906067,0.7696218490600586,0.9333261251449585
2319,491,1,1.2467918448777482e-05,0.9538221955299377,0.6280242800712585,0.9650943279266357,0.6302364468574524
2320,492,1,3.6917110008971576e-05,0.9538223147392273,0.8448613286018372,0.9645084142684937,0.8517706990242004
2321,495,1,2.4263767471222053e-05,0.9688326120376587,0.16336622834205627,0.9771504998207092,0.1692003458738327
2322,498,1,4.7546467758508015e-06,0.32913732528686523,0.9806400537490845,0.3309660255908966,0.9858400821685791
2323,499,1,6.366015277592396e-06,0.9805991649627686,0.16664619743824005,0.9876285195350647,0.16845746338367462
2324,501,1,9.845587918277943e-06,0.9688326716423035,0.5274124145507812,0.9768304228782654,0.5298745036125183
2325,503,1,1.0106488979033657e-05,0.9688326120376587,0.40200886130332947,0.9770536422729492,0.40446755290031433
2326,504,1,7.355411977272297e-07,0.9909420609474182,0.7957966923713684,0.9928317070007324,0.7965751886367798
2327,506,1,2.430559717936376e-07,0.9300976395606995,0.9894641637802124,0.9302686452865601,0.9923068284988403
2328,507,1,1.4316883678588965e-07,0.34544846415519714,0.9967202544212341,0.3456690311431885,0.9980184435844421
2329,514,1,2.748699934329579e-07,0.9805992245674133,0.8485127091407776,0.9865496158599854,0.8486050963401794
2330,516,1,1.4368776390938365e-07,0.13965833187103271,0.9806400537490845,0.13970959186553955,0.9862462878227234
2331,517,1,2.5743645495346357e-05,0.028471490368247032,0.9539369940757751,0.033315666019916534,0.9645656943321228
2332,518,1,1.3418952682364704e-05,0.9688325524330139,0.14274880290031433,0.9773008823394775,0.14591801166534424
2333,524,1,8.167749996346174e-07,0.9805991649627686,0.4953060448169708,0.9870568513870239,0.4955590069293976
2334,525,1,2.7906248192266503e-05,0.8946393132209778,0.7604120373725891,0.9134693145751953,0.7633760571479797
2335,526,1,0.0001448542874982195,0.894639253616333,0.5721120834350586,0.9130781888961792,0.5878238677978516
2336,527,1,2.9811115538791455e-05,0.9180300235748291,0.18347124755382538,0.9331991672515869,0.18740174174308777
2337,528,1,8.885278972714516e-05,0.8946391940116882,0.1131606325507164,0.9144378304481506,0.12213627994060516
2338,530,1,3.141218059266038e-05,0.2375287413597107,0.9377777576446533,0.24248094856739044,0.9504638910293579
2339,531,1,1.2897788378651853e-05,0.6446239948272705,0.9539368748664856,0.6471907496452332,0.9639867544174194
2340,533,1,2.9300644670549048e-05,0.9688326120376587,0.3132131099700928,0.97691410779953,0.3204644024372101
2341,537,1,3.502913614283898e-06,0.17869189381599426,0.989464282989502,0.18049529194831848,0.9933490753173828
2342,540,1,8.493437153589412e-07,0.9805991053581238,0.35181480646133423,0.987322211265564,0.3520674705505371
2343,542,1,1.9093143434290027e-05,0.9688326716423035,0.8174097537994385,0.9762217998504639,0.8225776553153992
2344,545,1,9.372671161855806e-06,0.980599045753479,0.9226215481758118,0.9862990975379944,0.9259101748466492
2345,547,1,2.1952471769282056e-05,0.9688326716423035,0.3397376835346222,0.9769555926322937,0.34514275193214417
2346,548,1,0.0,0.5969620943069458,0.9967202544212341,0.5969620943069458,0.9967202544212341
2347,549,1,1.1130676485393565e-05,0.6198982000350952,0.967793881893158,0.6223626732826233,0.9768267869949341
2348,550,1,1.0311461119627552e-05,0.9688326716423035,0.9450333118438721,0.9761295318603516,0.9478595852851868
2349,551,1,1.1256770644507696e-05,0.5949757099151611,0.967793881893158,0.5974589586257935,0.9768600463867188
2350,552,1,1.6527068993354987e-05,0.9505131244659424,0.9677938222885132,0.9543578028678894,0.9763911962509155
2351,555,1,1.183321467479459e-05,0.9090470671653748,0.9677938222885132,0.9117623567581177,0.9765098094940186
2352,556,1,1.402325652044567e-05,0.9688325524330139,0.0913105309009552,0.9773356318473816,0.09460893273353577
2353,561,1,3.6448062274985205e-06,0.9688326120376587,0.39379867911338806,0.9771342277526855,0.3946767747402191
2354,563,1,1.5897395702069161e-06,0.07344487309455872,0.9806400537490845,0.07400770485401154,0.9862892031669617
2355,565,1,1.0455031432599071e-05,0.2369217574596405,0.9677938222885132,0.23913225531578064,0.977253258228302
2356,569,1,4.029026315777173e-05,0.7057816386222839,0.8706486225128174,0.7096844911575317,0.8912951946258545
2357,575,1,3.7056703696691784e-06,0.9805991649627686,0.3327150046825409,0.9873381853103638,0.3338147699832916
2358,576,1,1.7090466251090675e-06,0.9688326716423035,0.7788498401641846,0.9765332341194153,0.7792937159538269
2359,581,1,5.650468439810652e-06,0.9805992245674133,0.7514702081680298,0.9865792989730835,0.7533599734306335
2360,587,1,1.6904761146463443e-07,0.990942120552063,0.7643128633499146,0.9929123520851135,0.7644844651222229
2361,591,1,5.137410497013661e-09,0.5907142758369446,0.9967201948165894,0.5908135175704956,0.9968237280845642
2362,597,1,9.182677729313582e-09,0.5812222361564636,0.9967201948165894,0.5813483595848083,0.9968658089637756
2363,604,1,4.673343045880074e-07,0.9909419417381287,0.27191272377967834,0.9934280514717102,0.2722886800765991
2364,608,1,6.480842305478518e-06,0.9180300235748291,0.055134546011686325,0.9334429502487183,0.05597550794482231
2365,609,1,6.483946819457742e-06,0.2865675091743469,0.8959178328514099,0.28727465867996216,0.9142560958862305
2366,616,1,2.741982680909416e-07,0.24084146320819855,0.9894641041755676,0.24098536372184753,0.9932750463485718
2367,618,1,3.1559655688795374e-07,0.7258327007293701,0.9894641041755676,0.7260295748710632,0.9926701784133911
2368,625,1,3.0843281706438574e-08,0.5170382857322693,0.9967201948165894,0.5171362161636353,0.9973500967025757
2369,626,1,4.6010198317958384e-08,0.9909420609474182,0.834665834903717,0.9927998781204224,0.8347153663635254
2370,631,1,1.010019303748777e-07,0.8566515445709229,0.9894642233848572,0.8567193746566772,0.9924423098564148
2371,633,1,1.9436609122180926e-07,0.9909420013427734,0.7816697955131531,0.9928778409957886,0.7818706035614014
2372,635,1,8.268143503187275e-08,0.9909420609474182,0.9254224896430969,0.9927307963371277,0.9255149364471436
2373,639,1,3.214883440150196e-05,0.04926575347781181,0.967793881893158,0.05612785369157791,0.9771638512611389
2374,641,1,4.956083930807154e-06,0.9805992245674133,0.5054643154144287,0.9869813323020935,0.5070174336433411
2375,647,1,1.0969224256029975e-05,0.7642113566398621,0.967793881893158,0.766683042049408,0.9766697883605957
2376,648,1,9.937964733808258e-06,0.6386220455169678,0.9677938222885132,0.6408228874206543,0.9768248796463013
2377,650,1,1.96509930501243e-05,0.9688326120376587,0.1722746193408966,0.9771916270256042,0.17697636783123016
2378,659,1,1.3412928970168991e-05,0.9688326716423035,0.4125944674015045,0.9770076870918274,0.4158759117126465
2379,663,1,2.6617685565000215e-05,0.9688325524330139,0.22695079445838928,0.9770501255989075,0.23342902958393097
2380,664,1,1.5622049570396257e-05,0.8629618287086487,0.9539369940757751,0.866163432598114,0.9636958837509155
2381,672,1,1.2756665457303029e-05,0.1533496379852295,0.967793881893158,0.15603691339492798,0.977288007736206
2382,674,1,4.165407769285423e-05,0.894639253616333,0.5307319164276123,0.9137173295021057,0.5350986123085022
2383,675,1,2.710998022070754e-06,0.08509761095046997,0.9539369344711304,0.08560110628604889,0.9647056460380554
2384,676,1,1.6302229731479656e-05,0.7436885237693787,0.9539368748664856,0.7469680905342102,0.9638785719871521
2385,677,1,7.291973793677187e-06,0.08760278671979904,0.9806400537490845,0.09023997187614441,0.9861701726913452
2386,680,1,3.0964774744290935e-07,0.9805991649627686,0.6157545447349548,0.9868771433830261,0.6158531904220581
2387,687,1,4.408849243908719e-05,0.46563658118247986,0.9377776980400085,0.4727970361709595,0.9500921368598938
2388,688,1,8.807491318663097e-05,0.8670146465301514,0.6523674726486206,0.8896341323852539,0.6601549983024597
2389,689,1,1.5148183027946516e-05,0.9538222551345825,0.7059743404388428,0.9649178385734558,0.7087048292160034
2390,690,1,1.0849830502479563e-05,0.9688327312469482,0.8678489923477173,0.9762682914733887,0.87076735496521
2391,691,1,1.012041196046809e-05,0.9688326120376587,0.06034688279032707,0.9774292707443237,0.06270138174295425
2392,692,1,1.4205845477732737e-07,0.14973795413970947,0.980640172958374,0.14978888630867004,0.9862185120582581
2393,696,1,2.1299531810736738e-05,0.19736197590827942,0.9176657795906067,0.19991393387317657,0.9343584775924683
2394,697,1,1.4285578533446142e-05,0.9538223147392273,0.7770783305168152,0.9648250341415405,0.7796750664710999
2395,702,1,1.1993618578287624e-06,0.6081382632255554,0.9894642233848572,0.608856737613678,0.9928028583526611
2396,703,1,1.324211635278516e-05,0.5239217877388,0.9539368748664856,0.5265271663665771,0.9641020894050598
2397,705,1,2.5880015357415687e-05,0.9180300235748291,0.6508080363273621,0.9325249195098877,0.6543789505958557
2398,707,1,1.767005178775205e-05,0.001537167001515627,0.9539369344711304,0.0048237815499305725,0.9646896719932556
2399,708,1,9.860494853519697e-06,0.16287602484226227,0.9539369344711304,0.16473257541656494,0.9645593166351318
2400,712,1,2.6852378809394395e-07,0.9909420013427734,0.7001473307609558,0.9929869771003723,0.7004099488258362
2401,714,1,1.811917536453933e-05,0.8366197943687439,0.45284318923950195,0.8625380992889404,0.4542413651943207
2402,718,1,1.7548128135924657e-05,0.1504242718219757,0.9377777576446533,0.1531475931406021,0.9506650567054749
2403,719,1,9.545735935034827e-06,0.9688326716423035,0.4775661826133728,0.9770044684410095,0.479902446269989
2404,724,1,1.918421048685559e-07,0.32216158509254456,0.9967202544212341,0.3224514424800873,0.998043954372406
2405,726,1,2.2419681870999852e-05,0.35999032855033875,0.9176657795906067,0.3627452254295349,0.9339420199394226
2406,727,1,3.9737168539666357e-05,0.3088216185569763,0.9539369940757751,0.31665655970573425,0.9640805721282959
2407,728,1,3.789857334624003e-05,0.9180300235748291,0.6321356296539307,0.9324972033500671,0.6373748779296875
2408,729,1,2.9332897327094543e-05,0.6882948279380798,0.9377777576446533,0.6931113600730896,0.9499578475952148
2409,731,1,3.97235669904461e-05,0.21078209578990936,0.9539369940757751,0.2185215801000595,0.9642021656036377
2410,733,1,1.969262751622125e-05,0.9180300831794739,0.7738085985183716,0.9324489831924438,0.7765401005744934
2411,734,1,8.079809654670811e-06,0.08606412261724472,0.9377778172492981,0.08730591088533401,0.9507910013198853
2412,738,1,2.3568722173905599e-07,0.990942120552063,0.4143415093421936,0.9933074116706848,0.4145407974720001
2413,743,1,1.2144895933374755e-07,0.28945663571357727,0.9967202544212341,0.28962841629981995,0.9981342554092407
2414,744,1,1.2208354238651964e-07,0.01879999227821827,0.9967201352119446,0.018941307440400124,0.9984479546546936
2415,750,1,7.781200750400785e-08,0.4573417603969574,0.9967201352119446,0.4574846923351288,0.9978089332580566
2416,754,1,5.243213596628493e-08,0.47370439767837524,0.9967202544212341,0.4738050401210785,0.9977622032165527
2417,755,1,1.1504277530605123e-08,0.43418338894844055,0.9967202544212341,0.4342038035392761,0.997847318649292
2418,756,1,5.690123927593049e-08,0.9909420609474182,0.28581276535987854,0.9934394955635071,0.2858583331108093
2419,760,1,2.76338962379441e-07,0.5659591555595398,0.9806400537490845,0.5660718679428101,0.9855434894561768
2420,774,1,7.098437038166594e-08,0.9909420013427734,0.31354638934135437,0.993415355682373,0.31360378861427307
2421,784,1,1.4993567041265976e-05,0.9538222551345825,0.2204945683479309,0.9654974937438965,0.22306300699710846
2422,791,1,1.919291031104997e-07,0.9909420013427734,0.013835020363330841,0.9937089681625366,0.013973749242722988
2423,797,1,5.129419378135935e-07,0.7497223615646362,0.9894642233848572,0.7500466108322144,0.9926280975341797
2424,798,1,5.467769881306594e-07,0.8155129551887512,0.9894641041755676,0.8158721327781677,0.9925087094306946
2425,809,1,1.162884117889007e-07,0.8534994125366211,0.9894641637802124,0.8535772562026978,0.9924519062042236
2426,810,1,1.2841914198702398e-07,0.9868962168693542,0.9894641041755676,0.9869886040687561,0.9922441244125366
2427,811,1,1.8895790709905214e-07,0.3068141043186188,0.9806401133537292,0.3068852126598358,0.985954761505127
2428,820,1,2.9843615423352787e-06,0.9909421801567078,0.04862208291888237,0.993572473526001,0.05089130625128746
2429,821,1,2.8666493925300074e-06,0.9785263538360596,0.9894640445709229,0.9806635975837708,0.9921466112136841
2430,822,1,3.7120606748430873e-06,0.6926759481430054,0.9894641041755676,0.6950372457504272,0.9926081895828247
2431,823,1,1.0558937973970117e-05,0.9688326120376587,0.1236029639840126,0.9773486256599426,0.12608274817466736
2432,829,1,1.248002714504537e-07,0.990942120552063,0.41116198897361755,0.9933140277862549,0.4112672209739685
2433,831,1,3.748854959795267e-07,0.990942120552063,0.12538781762123108,0.9935608506202698,0.12567412853240967
2434,832,1,3.8269492641518355e-07,0.07700277119874954,0.9967202544212341,0.07746107131242752,0.9983903169631958
2435,833,1,6.277501634066596e-07,0.9909420609474182,0.13610126078128815,0.9935334920883179,0.13658574223518372
2436,834,1,1.264882469431683e-05,0.9688327312469482,0.2485244870185852,0.9772021174430847,0.2515471279621124
2437,835,1,1.743111735930114e-05,0.9688326120376587,0.36323320865631104,0.9769762754440308,0.36751413345336914
2438,836,1,1.4113425546469216e-05,0.9293570518493652,0.9677938222885132,0.9326127767562866,0.9764637351036072
2439,837,1,1.765940611875294e-05,0.6238365769386292,0.9539369344711304,0.627363920211792,0.9639497995376587
2440,846,1,4.746319631721008e-05,0.5938857197761536,0.9176657795906067,0.5998817086219788,0.933497428894043
2441,847,1,1.7371078833150477e-06,0.19727906584739685,0.9894642233848572,0.19817307591438293,0.9933503270149231
2442,849,1,1.2742942217869313e-05,0.8017632961273193,0.9539369940757751,0.8043364882469177,0.9638413786888123
2443,851,1,1.063712672788597e-05,0.7456426024436951,0.9377778172492981,0.7473790049552917,0.950029730796814
2444,853,1,4.669357070952174e-05,0.9365819692611694,0.48203980922698975,0.9498718976974487,0.4890667200088501
2445,855,1,5.964781700740218e-05,0.6248254776000977,0.8706486225128174,0.630574107170105,0.8914006352424622
2446,857,1,1.987912966772143e-05,0.16235075891017914,0.9377777576446533,0.16544514894485474,0.9506262540817261
2447,859,1,4.934644900700391e-05,0.8254896402359009,0.8706486225128174,0.8303281664848328,0.8910459280014038
2448,862,1,1.894626300646962e-05,0.9365820288658142,0.22261466085910797,0.950428307056427,0.22535131871700287
2449,863,1,3.191988186657113e-05,0.7127587795257568,0.8706486225128174,0.715844988822937,0.8913341164588928
2450,865,1,1.6105424082368813e-05,0.9262053370475769,0.9377778172492981,0.9289031028747559,0.94971764087677
2451,867,1,1.0937320729098587e-05,0.9688326120376587,0.666863739490509,0.9766269326210022,0.6696702241897583
2452,868,1,1.150577184994006e-05,0.7500423192977905,0.9539369344711304,0.7523468136787415,0.9639224410057068
2453,874,1,8.812812613001597e-08,0.4051164388656616,0.9967202544212341,0.4052640497684479,0.9979143142700195
2454,878,1,3.210690113775172e-08,0.35539326071739197,0.9967202544212341,0.35544341802597046,0.9980005025863647
2455,883,1,2.9429481518405964e-07,0.9909420013427734,0.2132631540298462,0.9934808611869812,0.21349498629570007
2456,884,1,1.828937001846498e-07,0.9909420013427734,0.9087536931037903,0.9927301406860352,0.9089582562446594
2457,886,1,2.6254295505623304e-05,0.9180301427841187,0.5202103853225708,0.9327008724212646,0.5237895250320435
2458,887,1,6.277342829674737e-05,0.9538223147392273,0.17320968210697174,0.965103030204773,0.1843390166759491
2459,888,1,6.3642123571128195e-06,0.2981010675430298,0.9806400537490845,0.30053257942199707,0.9858748316764832
2460,890,1,1.4188810830262355e-05,0.3667002022266388,0.9539369940757751,0.36944881081581116,0.9642613530158997
2461,891,1,1.961350795021133e-05,0.9538223147392273,0.5790329575538635,0.9650951623916626,0.5825127363204956
2462,892,1,1.4848977990311596e-05,0.9688326716423035,0.3705883324146271,0.9770079255104065,0.37422099709510803
2463,895,1,1.9191202595081336e-05,0.9538222551345825,0.49460887908935547,0.9652194976806641,0.4979765713214874
2464,898,1,3.2100682457514296e-05,0.9538223147392273,0.03784690797328949,0.9655085802078247,0.04334065318107605
2465,906,1,7.870904985907146e-05,0.8366197347640991,0.5906674265861511,0.861803412437439,0.5969182252883911
2466,908,1,2.4658052862225333e-05,0.031514786183834076,0.9377778172492981,0.03532404825091362,0.950724184513092
2467,909,1,4.566657899829352e-06,0.31600359082221985,0.9894641041755676,0.31855061650276184,0.9930499792098999
2468,910,1,2.0583874504875865e-05,0.12382400780916214,0.9377778172492981,0.12702026963233948,0.9506577849388123
2469,911,1,2.711719944947788e-05,0.8946393132209778,0.3874078691005707,0.9141644835472107,0.39018553495407104
2470,912,1,2.536159353994094e-05,0.9180300235748291,0.13667750358581543,0.9332597255706787,0.14000804722309113
2471,913,1,2.1036142051400475e-05,0.9180300235748291,0.6979190111160278,0.9325070381164551,0.7008251547813416
2472,914,1,5.321561962823296e-05,0.1877763867378235,0.8706486225128174,0.19263236224651337,0.8925662040710449
2473,915,1,3.016733710836661e-05,0.47242072224617004,0.8706486225128174,0.47525984048843384,0.891899824142456
2474,917,1,2.5027889584805507e-05,0.9180300831794739,0.0397973507642746,0.933340311050415,0.043066784739494324
2475,918,1,7.927133253815555e-05,0.6667730212211609,0.8364201784133911,0.6724292635917664,0.8644498586654663
2476,919,1,9.56710231125868e-05,0.7648844718933105,0.7983403205871582,0.7709948420524597,0.8296546339988708
2477,920,1,1.350340959049845e-07,0.9805991649627686,0.9695627093315125,0.9863932728767395,0.9696093201637268
2478,924,1,2.01596800053494e-05,0.9538223147392273,0.8236753344535828,0.96470046043396,0.8273817896842957
2479,931,1,1.7637272890169697e-05,0.7372012734413147,0.8959178924560547,0.7392349243164062,0.9132633209228516
2480,932,1,1.0699618341547534e-05,0.9180300831794739,0.891767144203186,0.9323148727416992,0.8932651877403259
2481,933,1,3.232802813002422e-05,0.2823999226093292,0.9377777576446533,0.2875072658061981,0.9504371881484985
2482,941,1,2.58523065754801e-05,0.3770618438720703,0.8959178328514099,0.3799242079257965,0.9139814376831055
2483,942,1,1.8881950006210957e-05,0.14817030727863312,0.8959178328514099,0.15021070837974548,0.9144259095191956
2484,944,1,3.6142820736273507e-07,0.4097013771533966,0.9806401133537292,0.4098425507545471,0.9857604503631592
2485,945,1,5.040999166538995e-05,0.7105538845062256,0.8364201188087463,0.7141572833061218,0.864399254322052
2486,946,1,2.3236557920025547e-05,0.06476566195487976,0.9539369940757751,0.06915012747049332,0.9645364880561829
2487,948,1,2.406680745359324e-06,0.09275229275226593,0.9894641637802124,0.09395253658294678,0.9934744834899902
2488,950,1,1.5101693248809056e-05,0.18389573693275452,0.9677938222885132,0.1870957314968109,0.9772323966026306
2489,951,1,1.534423482940639e-05,0.25197896361351013,0.9539369344711304,0.25492238998413086,0.9643630385398865
2490,952,1,1.8948932726914336e-05,0.5170987844467163,0.9539369344711304,0.5208474397659302,0.9640466570854187
2491,955,1,2.1126172811136712e-08,0.3190557658672333,0.9967202544212341,0.31908729672431946,0.9980602860450745
2492,959,1,1.0453307019986369e-07,0.39203229546546936,0.9967202544212341,0.39220428466796875,0.9979358315467834
2493,961,1,8.214635283110283e-08,0.41149696707725525,0.9967202544212341,0.4116366505622864,0.9978964328765869
2494,962,1,9.197967898444404e-08,0.35217615962028503,0.9967202544212341,0.35231897234916687,0.9980083703994751
2495,964,1,8.105617510523189e-08,0.4245994985103607,0.9967202544212341,0.42473867535591125,0.9978850483894348
2496,968,1,7.568435695715081e-06,0.9805991053581238,0.09407340735197067,0.9877363443374634,0.09619423747062683
2497,976,1,4.228629067437595e-05,0.894639253616333,0.37498000264167786,0.9141139984130859,0.37932270765304565
2498,977,1,3.062051376900854e-07,0.9805992245674133,0.5732869505882263,0.9869454503059387,0.5733834505081177
2499,978,1,4.81644057970243e-07,0.9805991649627686,0.6674947738647461,0.9868054986000061,0.6676499843597412
2500,983,1,3.111961692470189e-05,0.9365820288658142,0.08002699911594391,0.9505887031555176,0.08447054028511047
2501,984,1,3.127328196406154e-05,0.8670146465301514,0.7770956158638,0.8895693421363831,0.7798687219619751
2502,985,1,1.3535613298643057e-05,0.931977391242981,0.9377778172492981,0.9342412948608398,0.9497355818748474
2503,986,1,8.86864450517777e-05,0.8670146465301514,0.4056563973426819,0.8904964327812195,0.41321003437042236
2504,989,1,6.861068513330792e-07,0.9805991649627686,0.6641994714736938,0.9868078827857971,0.664420485496521
2505,992,1,8.525572848583352e-06,0.9805992245674133,0.7804368734359741,0.9864871501922607,0.7833328247070312
2506,997,1,8.731892327418223e-06,0.9805992245674133,0.4687325358390808,0.9869770407676697,0.47147074341773987
2507,1000,1,1.1855964647367045e-05,0.9688326120376587,0.4396379888057709,0.9770111441612244,0.4425372779369354
2508,1004,1,2.288594429611379e-05,0.9688326716423035,0.09768323600292206,0.9772185683250427,0.1031414344906807
2509,1010,1,1.4235752658464662e-05,0.9538222551345825,0.5231564044952393,0.9652122259140015,0.5256561040878296
2510,1014,1,1.0498522051705095e-07,0.9805992841720581,0.7432908415794373,0.9866834282875061,0.7433253526687622
2511,1018,1,7.667465811955765e-05,0.8768141269683838,0.8706486225128174,0.8844237923622131,0.8908005356788635
2512,1021,1,8.217405902399832e-06,0.9688326716423035,0.649242103099823,0.9766860008239746,0.651334822177887
2513,1032,1,7.783631417623837e-06,0.5961291790008545,0.9377777576446533,0.5973799228668213,0.9502241611480713
2514,1037,1,2.549713381094776e-05,0.2283622771501541,0.967793881893158,0.2338474690914154,0.97709059715271
2515,1041,1,1.0396152141822768e-05,0.5356420874595642,0.9677937626838684,0.5379239916801453,0.9769055843353271
2516,1043,1,1.2235062174958955e-05,0.9688326716423035,0.49453261494636536,0.9769262075424194,0.49755603075027466
2517,1060,1,5.982860074027485e-08,0.9909420013427734,0.9908230900764465,0.992692232131958,0.9908914566040039
2518,1062,1,1.5550053085178206e-05,0.6749053001403809,0.9539369344711304,0.6780145168304443,0.9639394879341125
2519,1066,1,2.009969744420914e-05,0.6819872260093689,0.9677938222885132,0.6865153908729553,0.9766714572906494
2520,1067,1,2.194598167903905e-05,0.8366262316703796,0.967793881893158,0.8416847586631775,0.9764707088470459
2521,1075,1,1.2883001320851406e-05,0.1287110149860382,0.9539369344711304,0.13113991916179657,0.9645450115203857
2522,1076,1,2.4446158057855882e-06,0.4157826006412506,0.9894641637802124,0.4171791970729828,0.9929649829864502
2523,1078,1,7.097810736489407e-06,0.9805991053581238,0.2102310210466385,0.9875569343566895,0.21227125823497772
2524,1079,1,2.2577166149950756e-06,0.9909419417381287,0.062396321445703506,0.9935862421989441,0.06410393118858337
2525,1080,1,2.1934829003811274e-05,0.8093966841697693,0.9176657795906067,0.8122117519378662,0.9332496523857117
2526,1081,1,2.200320319900584e-05,0.8594740629196167,0.9176657795906067,0.8623095750808716,0.9331855177879333
2527,1084,1,5.879140214659628e-07,0.9805992245674133,0.5827383995056152,0.9869159460067749,0.5829245448112488
2528,1086,1,1.8758495681225895e-05,0.6438971757888794,0.9677938222885132,0.6481015086174011,0.9767172336578369
2529,1087,1,2.707630554876772e-05,0.9180300235748291,0.15504837036132812,0.9332285523414612,0.15861138701438904
2530,1088,1,1.4764636446784607e-07,0.2519730031490326,0.9967202544212341,0.2521723508834839,0.9982015490531921
2531,1095,1,3.669197035094385e-07,0.23087432980537415,0.9894641637802124,0.23106662929058075,0.993280291557312
2532,1096,1,3.987551266959599e-08,0.3324892520904541,0.9967202544212341,0.33254992961883545,0.9980345964431763
2533,1100,1,9.777598375393382e-07,0.9909421801567078,0.8377895951271057,0.9927479028701782,0.8388725519180298
2534,1104,1,3.2154739137979504e-06,0.904941201210022,0.9806401133537292,0.9064414501190186,0.984926700592041
2535,1107,1,2.5383623506791686e-05,0.9365820288658142,0.014755048789083958,0.9506847262382507,0.0183548741042614
2536,1110,1,3.747900391815051e-05,0.7908658385276794,0.9176657795906067,0.795698881149292,0.933175265789032
2537,1111,1,1.052602343420972e-05,0.9688326716423035,0.3031049072742462,0.9771575331687927,0.3056337237358093
2538,1119,1,1.237961093636386e-07,0.990942120552063,0.3403736352920532,0.9933884739875793,0.34047484397888184
2539,1121,1,1.6463964858104418e-07,0.9909420609474182,0.23873892426490784,0.9934689402580261,0.23886923491954803
2540,1122,1,2.87630091744262e-07,0.9909420609474182,0.12874843180179596,0.9935528039932251,0.12896877527236938
2541,1125,1,1.7406763586080842e-05,0.9365820288658142,0.18749059736728668,0.9505404829978943,0.18998467922210693
2542,1129,1,9.49932292826361e-08,0.9909420013427734,0.5953339338302612,0.9931882619857788,0.5954185128211975
2543,1130,1,1.4421866012526152e-07,0.9909420609474182,0.7480202317237854,0.9929550290107727,0.7481635212898254
2544,1138,1,2.794331432909303e-07,0.9909420013427734,0.4412696361541748,0.9932934045791626,0.4415073096752167
2545,1150,1,3.4301008611237194e-07,0.5844182372093201,0.9176657199859619,0.5844607353210449,0.9338080883026123
2546,1155,1,2.0376133136323915e-07,0.9909420609474182,0.6936114430427551,0.9929940104484558,0.6938100457191467
2547,1156,1,1.363328170356226e-07,0.990942120552063,0.6904048323631287,0.9930036664009094,0.6905370950698853
2548,1158,1,5.942772318690004e-08,0.13482697308063507,0.9967202544212341,0.1349003165960312,0.9983407855033875
2549,1161,1,6.167820498781396e-08,0.04921089485287666,0.9967201948165894,0.04928308352828026,0.998429000377655
2550,1162,1,1.0674020423095953e-07,0.5886262059211731,0.9894641637802124,0.5886892080307007,0.9928526282310486
2551,1164,1,3.243055584079002e-07,0.9909420013427734,0.1601303517818451,0.9935301542282104,0.16038095951080322
2552,1174,1,6.053245591886025e-06,0.37963539361953735,0.9806400537490845,0.38202232122421265,0.9857120513916016
2553,1175,1,3.0827661010590646e-06,0.8323100209236145,0.9806401133537292,0.8336995840072632,0.9850771427154541
2554,1181,1,2.0779686238370232e-07,0.9909420609474182,0.5889527201652527,0.9931847453117371,0.5891380310058594
2555,1187,1,1.266774631858425e-07,0.9909420609474182,0.9743981957435608,0.9927014112472534,0.9745422005653381
2556,1203,1,1.40643429791254e-07,0.10900921374559402,0.9967201948165894,0.10918021202087402,0.9983651638031006
2557,1207,1,3.442869211589539e-05,0.9180301427841187,0.793350338935852,0.9323154091835022,0.7981705069541931
2558,1208,1,2.2364193817681066e-05,0.9365820288658142,0.021429145708680153,0.9506986141204834,0.024597644805908203
2559,1209,1,7.892796816122427e-08,0.9909420609474182,0.8919711112976074,0.9927473664283752,0.8920585513114929
2560,1210,1,7.902804810555608e-08,0.9909420013427734,0.9285892248153687,0.9927288889884949,0.9286776781082153
2561,1211,1,1.1820736345313776e-07,0.9909420013427734,0.06717836856842041,0.9936628937721252,0.06726525723934174
2562,1215,1,1.0186389332034196e-07,0.225236177444458,0.9967202544212341,0.22536957263946533,0.998247504234314
2563,1217,1,1.1950953293649036e-07,0.015587737783789635,0.9967202544212341,0.015725692734122276,0.9984528422355652
2564,1223,1,2.2722036430167236e-07,0.9909420013427734,0.059155553579330444,0.993669331073761,0.05932217836380005
2565,1233,1,1.189784050995013e-05,0.9688326120376587,0.013938200660049915,0.9774531722068787,0.01669854111969471
2566,1241,1,3.2562759955112597e-06,0.9805991649627686,0.40644004940986633,0.9871379137039185,0.4074360430240631
2567,1243,1,4.7371070621693434e-07,0.9397544264793396,0.9806400537490845,0.9399735331535339,0.9849640727043152
2568,1247,1,1.1453443229392235e-06,0.0015371544286608696,0.9967201948165894,0.0029007429257035255,0.998400092124939
2569,1248,1,1.4342480803009039e-06,0.95343416929245,0.9894642233848572,0.954473078250885,0.9922252893447876
2570,1249,1,2.5200310682649274e-06,0.4344240128993988,0.9894642233848572,0.43586987257003784,0.9929500818252563
2571,1251,1,1.3341014053480649e-06,0.9712542295455933,0.9894641041755676,0.9722262620925903,0.9922090768814087
2572,1253,1,2.5511443624282037e-06,0.8640434741973877,0.9806400537490845,0.8652084469795227,0.9850198030471802
2573,1261,1,1.4928029876681848e-06,0.990942120552063,0.08208008110523224,0.9935689568519592,0.08321665972471237
2574,1265,1,2.988635294798314e-07,0.9909420609474182,0.4734046459197998,0.9932752847671509,0.47366082668304443
2575,1271,1,1.4879472765016999e-06,0.7088811993598938,0.9894641637802124,0.7098152041435242,0.9926503300666809
2576,1273,1,4.183314672445704e-07,0.9195606112480164,0.9894641041755676,0.9198550581932068,0.9923055768013
2577,1275,1,1.8393865695021105e-06,0.9909420609474182,0.020288461819291115,0.9936348795890808,0.021654604002833366
2578,1276,1,1.7621657887323394e-06,0.9909420013427734,0.0359109528362751,0.9936234354972839,0.03722529858350754
2579,1281,1,6.591125991661784e-07,0.9909420609474182,0.4663560390472412,0.9932662844657898,0.46692320704460144
2580,1282,1,1.701947418553118e-07,0.4971825182437897,0.9967201948165894,0.4976244270801544,0.9974904656410217
2581,1289,1,5.155193321115803e-07,0.9040314555168152,0.9894641041755676,0.9043899178504944,0.9923403859138489
2582,1290,1,1.0276609785364599e-08,0.5400184988975525,0.9967202544212341,0.5400900840759277,0.9970073699951172
2583,1291,1,8.350488183594962e-06,0.9688326716423035,0.6828113198280334,0.9766269326210022,0.684954047203064
2584,1292,1,2.0690814264145985e-06,0.9688327312469482,0.10621576011180878,0.9774640202522278,0.10669519752264023
2585,1293,1,4.304812250666146e-06,0.23989352583885193,0.980640172958374,0.24150104820728302,0.9859960079193115
2586,1294,1,2.40647404936567e-06,0.824171781539917,0.9377778172492981,0.8245662450790405,0.9499790668487549
2587,1297,1,3.822781483808768e-06,0.14580589532852173,0.9894641637802124,0.14775119721889496,0.9933944344520569
2588,1300,1,1.2633229360403675e-06,0.990942120552063,0.13204307854175568,0.9935101270675659,0.13302697241306305
2589,1301,1,2.292330698594469e-06,0.9805992245674133,0.6395807862281799,0.9868097901344299,0.6403189897537231
2590,1302,1,3.384352860180684e-07,0.3127466142177582,0.9894642233848572,0.3129292130470276,0.9931710958480835
2591,1304,1,1.1108660391556668e-06,0.9322267174720764,0.9806401133537292,0.9327415227890015,0.9849557876586914
2592,1309,1,1.1476395833653896e-06,0.4235166013240814,0.9894641041755676,0.42416703701019287,0.9929929375648499
2593,1311,1,1.7172490363037696e-06,0.6424568295478821,0.9894641637802124,0.6435127258300781,0.9927168488502502
2594,1312,1,4.797252636024041e-06,0.9805991649627686,0.7710413932800293,0.9865541458129883,0.7726525664329529
2595,1314,1,2.5442318385415774e-06,0.61505526304245,0.9894641637802124,0.6166073083877563,0.9927427172660828
2596,1315,1,4.8500204741230846e-06,0.6020557284355164,0.9894642233848572,0.6050638556480408,0.9926888346672058
2597,1317,1,2.511708236951904e-06,0.27783674001693726,0.9894641637802124,0.2791978120803833,0.9931549429893494
2598,1318,1,3.0280438156893297e-06,0.9724131226539612,0.9806401133537292,0.9738558530807495,0.9848377704620361
2599,1319,1,5.2905836511740745e-06,0.5544698238372803,0.9894641041755676,0.5577104687690735,0.9927292466163635
2600,1325,1,1.5741916392641997e-06,0.7972583174705505,0.9894642233848572,0.7982941269874573,0.9925037622451782
2601,1328,1,1.32653536155658e-06,0.990942120552063,0.5188338160514832,0.9932035207748413,0.5200070142745972
2602,1330,1,9.801531151154563e-07,0.9909420609474182,0.00586480600759387,0.9936893582344055,0.006578346248716116
2603,1339,1,1.0010391715553624e-07,0.9909420013427734,0.2989140748977661,0.9934273362159729,0.29899463057518005
2604,1346,1,9.892928396482148e-06,0.3122652471065521,0.967793881893158,0.3143858015537262,0.9771243929862976
2605,1348,1,2.1518879994797402e-05,0.07018735259771347,0.9176657795906067,0.07272011041641235,0.9346582293510437
2606,1349,1,3.808329818255629e-05,0.38712185621261597,0.9176658391952515,0.39183714985847473,0.9338189363479614
2607,1350,1,1.2461121361440064e-05,0.9618052840232849,0.9539369344711304,0.964383602142334,0.9636030197143555
2608,1355,1,4.8901643815657536e-05,0.9538223147392273,0.07973229885101318,0.9653103947639465,0.08824575692415237
2609,1356,1,3.463742569920214e-05,0.4751914143562317,0.9677938222885132,0.48298007249832153,0.9766881465911865
2610,1358,1,2.565797733034003e-05,0.9365820288658142,0.8411335349082947,0.9496883153915405,0.8450489044189453
2611,1361,1,2.2038397869295068e-05,0.38547030091285706,0.9377777576446533,0.3889696002006531,0.950373649597168
2612,1370,1,1.0598226012348277e-05,0.9148367047309875,0.9677938222885132,0.9172659516334534,0.9765193462371826
2613,1375,1,5.061564621655634e-06,0.9688326716423035,0.5419459342956543,0.9768681526184082,0.543205738067627
2614,1379,1,9.207444662706621e-06,0.4824962615966797,0.9539369344711304,0.48429566621780396,0.9641708135604858
2615,1380,1,7.326970985488401e-07,0.9909420013427734,0.4479367434978485,0.9932722449302673,0.44856560230255127
2616,1384,1,3.883747723421038e-07,0.9909420013427734,0.7174553275108337,0.9929671287536621,0.7178388833999634
2617,1388,1,2.1729442474693883e-05,0.4856013357639313,0.9377777576446533,0.4890865087509155,0.9502474069595337
2618,1399,1,6.366407081515035e-07,0.9805992245674133,0.9772131443023682,0.9863463640213013,0.9774346947669983
2619,1404,1,1.2840200724895112e-07,0.4937860369682312,0.9967202544212341,0.4941081404685974,0.9975175261497498
2620,1411,1,1.5167792146275616e-05,0.9688326120376587,0.02971024438738823,0.9774079918861389,0.03324776515364647
2621,1415,1,1.5878052156637068e-05,0.9538223147392273,0.9437461495399475,0.964604914188385,0.9466912746429443
2622,1416,1,3.3894574293924506e-06,0.3808002471923828,0.9894641637802124,0.3827243745326996,0.9929872751235962
2623,1417,1,2.705447441186948e-06,0.7729792594909668,0.9806400537490845,0.7741711735725403,0.9851797223091125
2624,1418,1,2.4857859677318572e-05,0.9538222551345825,0.026886800304055214,0.9655839204788208,0.031113728880882263
2625,1419,1,1.4098302170140187e-06,0.552735447883606,0.9806400537490845,0.5533097386360168,0.9855498671531677
2626,1422,1,1.0515774384600718e-07,0.5854898691177368,0.9894641637802124,0.585551917552948,0.9928537011146545
2627,1425,1,1.270099929229218e-06,0.990942120552063,0.8768967986106873,0.992689311504364,0.8783506751060486
2628,1426,1,1.3585999214527078e-07,0.17952896654605865,0.9967201948165894,0.1797032356262207,0.9982793927192688
2629,1427,1,1.159471848311e-06,0.10447050631046295,0.9967201948165894,0.10593493282794952,0.9983037114143372
2630,1428,1,2.355061113235024e-06,0.21236707270145416,0.9894641041755676,0.21360941231250763,0.9932554364204407
2631,1429,1,1.8027503223549957e-07,0.3124496340751648,0.9967202544212341,0.3127162754535675,0.9980724453926086
2632,1431,1,3.563015011032178e-06,0.4937012791633606,0.9894640445709229,0.4958060085773468,0.9928497672080994
2633,1432,1,2.133733374876101e-06,0.4856399893760681,0.9894641637802124,0.48688367009162903,0.9928954839706421
2634,1433,1,8.146104223172301e-06,0.42592108249664307,0.980640172958374,0.42921581864356995,0.98558509349823
2635,1437,1,1.626172178248453e-05,0.811414897441864,0.9539369344711304,0.8147158026695251,0.9637898206710815
2636,1438,1,2.825856332133725e-05,0.19321683049201965,0.8959178328514099,0.19629426300525665,0.9142828583717346
2637,1440,1,2.8867252600150994e-05,0.9688326716423035,0.019772876054048538,0.9772450923919678,0.02663588337600231
2638,1444,1,1.8957096136418272e-05,0.894639253616333,0.38239702582359314,0.9142168164253235,0.38433364033699036
2639,1446,1,1.8411202610479904e-05,0.396492600440979,0.8959178328514099,0.39852768182754517,0.9140116572380066
2640,1448,1,2.539990315852947e-05,0.9203401803970337,0.9677937626838684,0.9262827634811401,0.9763422012329102
2641,1449,1,7.069369803414105e-05,0.8366197347640991,0.2128419131040573,0.8631135821342468,0.21817852556705475
2642,1450,1,1.2685326549188858e-05,0.9688326716423035,0.45872020721435547,0.9769763350486755,0.4618355929851532
2643,1451,1,1.1136276624412744e-05,0.9688326120376587,0.2427970916032791,0.9772272706031799,0.24545027315616608
2644,1453,1,2.2593663810965836e-05,0.9365820288658142,0.19305893778800964,0.9504842162132263,0.19630931317806244
2645,1454,1,5.492422782182871e-05,0.8366197347640991,0.45731568336486816,0.8623887896537781,0.46157848834991455
2646,1458,1,7.806609154670241e-07,0.06580395251512527,0.9806401133537292,0.06607810407876968,0.9863352179527283
2647,1463,1,3.5158801763301994e-05,0.6005331873893738,0.967793881893158,0.6085407733917236,0.9765752553939819
2648,1464,1,1.0225898938287514e-05,0.33184918761253357,0.9539368748664856,0.3338119387626648,0.9643568396568298
2649,1465,1,1.4788116464714562e-05,0.9538222551345825,0.8304559588432312,0.9647343754768372,0.8331663608551025
2650,1469,1,9.831714375962974e-08,0.9805991053581238,0.20712894201278687,0.9876595139503479,0.20715679228305817
2651,1471,1,3.0661352710126266e-05,0.9688327312469482,0.4189501404762268,0.9767792224884033,0.42666709423065186
2652,1472,1,5.7407712534818245e-05,0.9538223147392273,0.27117255330085754,0.9650803804397583,0.2813710570335388
2653,1474,1,2.122738853138628e-06,0.41150039434432983,0.9894642233848572,0.4127083122730255,0.9929789304733276
2654,1483,1,5.990119834820007e-06,0.9805991649627686,0.5859988927841187,0.9868086576461792,0.5879282355308533
2655,1487,1,2.6079827164515734e-06,0.9909420609474182,0.2499976009130478,0.9933462142944336,0.2521671652793884
2656,1489,1,7.015451046754606e-07,0.9909420609474182,0.6019233465194702,0.993141233921051,0.602561354637146
2657,1494,1,4.917803408943655e-08,0.5366907119750977,0.9967201948165894,0.5369441509246826,0.9971082806587219
2658,1495,1,1.892663448188614e-07,0.9909420609474182,0.8061226606369019,0.9928327202796936,0.8063228726387024
2659,1497,1,4.723465611533584e-06,0.7678049206733704,0.9806400537490845,0.7699050307273865,0.9851383566856384
2660,1505,1,5.2909991055116734e-08,0.9909420609474182,0.5335080623626709,0.9932507276535034,0.5335538983345032
2661,1516,1,1.6714910522352966e-06,0.8081250190734863,0.9894641637802124,0.809233546257019,0.9924798607826233
2662,1517,1,1.384629503053958e-06,0.9909420013427734,0.1072646901011467,0.9935346245765686,0.10833282023668289
2663,1520,1,2.0950470229763596e-06,0.7775341868400574,0.9894641041755676,0.7789084315299988,0.992513120174408
2664,1526,1,5.19085975625444e-06,0.9805992245674133,0.7213048934936523,0.9866248369216919,0.7230278253555298
2665,1527,1,9.488359346221387e-06,0.9538223147392273,0.91622394323349,0.9646802544593811,0.917971670627594
2666,1529,1,1.1634048462383362e-06,0.9805991053581238,0.3426598012447357,0.9873506426811218,0.343004435300827
2667,1530,1,1.0844833298051526e-07,0.8767916560173035,0.9894641041755676,0.8768653273582458,0.9924082159996033
2668,1532,1,5.102943335444365e-06,0.9802564978599548,0.980640172958374,0.9827219247817993,0.9847797751426697
2669,1538,1,7.744484243232819e-06,0.9805991649627686,0.7619826197624207,0.9865174889564514,0.7645997405052185
2670,1543,1,5.0677565042178685e-06,0.2625505030155182,0.9894641041755676,0.2653426229953766,0.9930941462516785
2671,1546,1,2.2944600885921318e-08,0.4768793284893036,0.9967201948165894,0.476925253868103,0.997719407081604
2672,1547,1,5.323093787978905e-08,0.9909420609474182,0.5922123789787292,0.9931915998458862,0.5922597050666809
2673,1549,1,7.141977675928501e-09,0.5684818029403687,0.9967201948165894,0.5685623288154602,0.9968975782394409
2674,1550,1,8.716948940445945e-09,0.5463422536849976,0.9967202544212341,0.5464113354682922,0.9969726204872131
2675,1555,1,5.138630854162329e-09,0.5526854395866394,0.9967202544212341,0.5527313947677612,0.9969438910484314
2676,1556,1,1.0959957812417542e-06,0.9909420609474182,0.2232484668493271,0.9934435486793518,0.2241247445344925
2677,1558,1,8.029474294346528e-07,0.4308955669403076,0.9894641637802124,0.4313497245311737,0.9930001497268677
2678,1563,1,5.621404710609568e-07,0.9909420013427734,0.703484296798706,0.9929693341255188,0.7040388584136963
2679,1571,1,4.209359474316443e-07,0.9909420013427734,0.7279436588287354,0.9929620623588562,0.7283604145050049
2680,1572,1,3.605346563517742e-07,0.990942120552063,0.6665211915969849,0.9930311441421509,0.6668663620948792
2681,1577,1,1.8306586255789625e-06,0.3724547326564789,0.9806401133537292,0.37316349148750305,0.9858059287071228
2682,1579,1,1.0063830391260353e-06,0.990942120552063,0.3883206844329834,0.9932959079742432,0.38917580246925354
2683,1590,1,1.6804236935286099e-06,0.9909420609474182,0.39225003123283386,0.9932662844657898,0.39369603991508484
2684,1592,1,2.5745626270889943e-05,0.8670147061347961,0.5654499530792236,0.8903407454490662,0.5676574110984802
2685,1593,1,8.845812349278503e-07,0.9805992245674133,0.7676739692687988,0.98663330078125,0.767967164516449
2686,1594,1,9.364927855415317e-08,0.08238343149423599,0.9894641041755676,0.0824291929602623,0.9935570359230042
2687,1595,1,5.970256630405402e-06,0.9805992245674133,0.7463997602462769,0.9865806102752686,0.7483960390090942
2688,1598,1,9.36763516534711e-07,0.9464667439460754,0.9894641637802124,0.9471368193626404,0.9922601580619812
2689,1599,1,4.595577163257758e-07,0.5963218808174133,0.9806401133537292,0.596511721611023,0.9854816198348999
2690,1604,1,7.043436500708822e-08,0.20231398940086365,0.9967202544212341,0.20240481197834015,0.9982712864875793
2691,1620,1,2.394998830368422e-07,0.9805991649627686,0.7907859086990356,0.9866143465042114,0.7908655405044556
2692,1622,1,4.924475334178169e-07,0.654667317867279,0.967793881893158,0.6547753214836121,0.9769129753112793
2693,1623,1,1.6472383183696593e-05,0.1728111207485199,0.967793881893158,0.17629753053188324,0.9772433638572693
2694,1624,1,7.081063868596971e-06,0.8811668157577515,0.967793881893158,0.8827746510505676,0.9766020774841309
2695,1633,1,4.2606774321996e-06,0.6677038073539734,0.9806401133537292,0.6695281267166138,0.9853110909461975
2696,1637,1,4.5773544954386125e-08,0.7861964702606201,0.9894641041755676,0.7862259745597839,0.9925669431686401
2697,1638,1,5.745025255521341e-08,0.36798927187919617,0.9894641637802124,0.3680209219455719,0.9930945038795471
2698,1642,1,6.2410464174433855e-06,0.7727163434028625,0.9377778768539429,0.7737374305725098,0.9500021934509277
2699,1645,1,2.6662863028548145e-07,0.27260735630989075,0.9967202544212341,0.27297958731651306,0.9981528520584106
2700,1647,1,1.0415210702774402e-06,0.990942120552063,0.2785305678844452,0.9934021830558777,0.2793773114681244
2701,1648,1,1.9506356307985584e-06,0.9909420609474182,0.3054531216621399,0.9933456182479858,0.30707624554634094
2702,1649,1,2.1428032281889386e-06,0.9909419417381287,0.37224775552749634,0.9932514429092407,0.3741033971309662
2703,1652,1,3.1431873708243074e-06,0.3347299098968506,0.9894641637802124,0.33648180961608887,0.9930524826049805
2704,1653,1,3.543262572236472e-06,0.24405962228775024,0.9894641041755676,0.2459772378206253,0.9931595921516418
2705,1654,1,5.201446029445833e-06,0.9805992245674133,0.6795715093612671,0.9867017269134521,0.6812762022018433
2706,1657,1,5.1985235303697586e-06,0.9180300831794739,0.018768278881907463,0.9334886074066162,0.01944085583090782
2707,1658,1,6.879858654329496e-06,0.24457532167434692,0.980640172958374,0.2471727579832077,0.9859375953674316
2708,1659,1,2.7260299585663006e-05,0.9365819692611694,0.43401971459388733,0.9501410722732544,0.43804067373275757
2709,1662,1,1.960044715687559e-05,0.8933835625648499,0.9176657795906067,0.89592045545578,0.9331181049346924
2710,1663,1,1.1781742258243355e-05,0.9805992245674133,0.49863317608833313,0.9868713617324829,0.5023900270462036
2711,1664,1,3.7667706397570555e-05,0.8670147061347961,0.2743695080280304,0.8909589052200317,0.27751579880714417
2712,1665,1,2.883134431197476e-07,0.022015543654561043,0.9967201948165894,0.022351406514644623,0.9984370470046997
2713,1666,1,4.6061172209732604e-07,0.09074140340089798,0.9967202544212341,0.0913042426109314,0.9983569979667664
2714,1667,1,2.5545776161095546e-07,0.990942120552063,0.9710325002670288,0.9926953911781311,0.9713239073753357
2715,1673,1,4.827433770060452e-06,0.8231104016304016,0.9806401133537292,0.825290858745575,0.9850680232048035
2716,1675,1,3.469057622140781e-05,0.6502649784088135,0.9539369344711304,0.6573339700698853,0.9637517929077148
2717,1677,1,1.5202583451667806e-05,0.9688327312469482,0.34821709990501404,0.9770179986953735,0.35193172097206116
2718,1682,1,8.19434884893333e-05,0.24205857515335083,0.8706486225128174,0.24962611496448517,0.8923051953315735
2719,1687,1,6.230970373266587e-05,0.8946391940116882,0.4523909091949463,0.9138084053993225,0.45889192819595337
2720,1689,1,7.51073105220712e-05,0.36555546522140503,0.8959177732467651,0.3739875555038452,0.9137324094772339
2721,1690,1,3.363516076326789e-05,0.6510096788406372,0.9176657199859619,0.6552464365959167,0.9335435032844543
2722,1693,1,8.830716673458028e-06,0.9688326716423035,0.5728581547737122,0.9767875075340271,0.5750783681869507
2723,1694,1,7.912586630354213e-06,0.5901641249656677,0.9677938222885132,0.591901421546936,0.9769029021263123
2724,1695,1,1.3047114977737806e-05,0.9538223743438721,0.4061172902584076,0.9653691053390503,0.40837717056274414
2725,1696,1,1.3612144227126421e-05,0.0433473102748394,0.9677938222885132,0.046191442757844925,0.9773659110069275
2726,1698,1,2.358945856428818e-07,0.9688326716423035,0.8647124767303467,0.9764216542243958,0.8647746443748474
2727,1706,1,1.631690240699868e-07,0.9909420013427734,0.16697712242603302,0.9935312867164612,0.16710315644741058
2728,1708,1,3.5284926980239106e-07,0.9909420609474182,0.21989551186561584,0.9934740662574768,0.22017422318458557
2729,1709,1,2.2952107392448795e-07,0.9909420013427734,0.017048029229044914,0.9937049150466919,0.017214173451066017
2730,1714,1,3.255457983186716e-07,0.990942120552063,0.4379182755947113,0.9932922720909119,0.4381953179836273
2731,1715,1,7.144377534018531e-09,0.565326988697052,0.9967202544212341,0.5654075145721436,0.9968976974487305
2732,1722,1,3.796752139351156e-07,0.8597937226295471,0.9894641041755676,0.8600496649742126,0.9924309849739075
2733,1723,1,5.759943313421445e-07,0.9909420609474182,0.1995546519756317,0.993482768535614,0.2000080645084381
2734,1730,1,8.309799781613947e-08,0.24878717958927155,0.9967201948165894,0.2488987296819687,0.998210072517395
2735,1735,1,1.575221206806532e-07,0.9909420609474182,0.23554003238677979,0.9934701323509216,0.23566465079784393
2736,1739,1,2.691565441637067e-07,0.9909420609474182,0.32731327414512634,0.9933949112892151,0.32753273844718933
2737,1740,1,1.6404201375053162e-07,0.9909420013427734,0.3502800762653351,0.993363618850708,0.35041555762290955
2738,1741,1,3.5705855339074333e-07,0.9909420609474182,0.5688967108726501,0.9931936860084534,0.5692138671875
2739,1743,1,1.9382523319677603e-07,0.9909420609474182,0.13966001570224762,0.9935466647148132,0.13980884850025177
2740,1745,1,1.2259547936821491e-05,0.4154897630214691,0.9677937626838684,0.41815945506095886,0.9769780039787292
2741,1746,1,3.2491707138149195e-05,0.9365819692611694,0.5669577121734619,0.9499198794364929,0.5718297958374023
2742,1747,1,9.237688587404591e-06,0.9688327312469482,0.5187024474143982,0.9768754243850708,0.5209996104240417
2743,1749,1,4.8732388773231605e-06,0.2870059311389923,0.9894641637802124,0.28969883918762207,0.9930834770202637
2744,1750,1,1.66766248668182e-05,0.40925854444503784,0.9176657199859619,0.4113105535507202,0.9339196681976318
2745,1751,1,1.0099056250822969e-05,0.936582088470459,0.7400915622711182,0.9499081373214722,0.7416072487831116
2746,1752,1,1.2713240407080661e-06,0.9909420609474182,0.4767352044582367,0.9932316541671753,0.4778457283973694
2747,1755,1,1.5806549436003792e-06,0.12130030244588852,0.9894641637802124,0.12208734452724457,0.9934808611869812
2748,1758,1,1.708969366198687e-05,0.9538223147392273,0.6010230779647827,0.9650743007659912,0.604060709476471
2749,1759,1,1.7560206885036678e-05,0.9373157024383545,0.9377778172492981,0.9402651786804199,0.9496851563453674
2750,1768,1,4.772639979222504e-05,0.5146289467811584,0.9176657199859619,0.5206049084663391,0.9336385130882263
2751,1771,1,2.0582573768024304e-05,0.9180300831794739,0.8352682590484619,0.9323180317878723,0.83814936876297
2752,1773,1,1.0367209085870854e-05,0.8573160171508789,0.967793881893158,0.859673023223877,0.9765908122062683
2753,1777,1,1.1989205059848018e-05,0.9688327312469482,0.8017796874046326,0.9763444662094116,0.8049718141555786
2754,1780,1,1.988459653645691e-05,0.1460624486207962,0.9677938222885132,0.1502753645181656,0.9772336483001709
2755,1782,1,7.491046327245954e-06,0.9538221955299377,0.5966297388076782,0.9651799201965332,0.5979488492012024
2756,1783,1,1.1873267169448809e-05,0.9688326120376587,0.2114233672618866,0.9772547483444214,0.21424290537834167
2757,1786,1,1.1464044532782935e-05,0.20153826475143433,0.9677938222885132,0.20395982265472412,0.9772621989250183
2758,1788,1,3.104511610452221e-05,0.894639253616333,0.7540383338928223,0.9134578108787537,0.757337749004364
2759,1790,1,3.720765623604905e-05,0.8946393728256226,0.5237658023834229,0.9137600064277649,0.527657687664032
2760,1794,1,3.44971907182412e-05,0.43146511912345886,0.967793881893158,0.4391939640045166,0.9767207503318787
2761,1797,1,1.7506669460765067e-05,0.14600899815559387,0.9176658391952515,0.14808742702007294,0.9345118999481201
2762,1807,1,1.0378166042102066e-05,0.913011908531189,0.8959178924560547,0.9142327308654785,0.912919819355011
2763,1813,1,6.433141575001855e-07,0.6596696376800537,0.9377778172492981,0.6597729325294495,0.9502336978912354
2764,1814,1,1.5976590805877322e-07,0.44865942001342773,0.9806401133537292,0.44872233271598816,0.9857190847396851
2765,1816,1,2.3183576378649207e-05,0.1532849818468094,0.8959178328514099,0.1557941883802414,0.9143966436386108
2766,1817,1,5.158473952882048e-05,0.8366196751594543,0.2058960348367691,0.8632673025131226,0.2097676545381546
2767,1818,1,2.3244696847335433e-05,0.341248095035553,0.8959178328514099,0.3438046872615814,0.9141019582748413
2768,1819,1,1.0875863658554863e-05,0.9688325524330139,0.0753917545080185,0.9774042963981628,0.07792936265468597
2769,1820,1,1.1669655828328018e-05,0.6011253595352173,0.9539369940757751,0.6034329533576965,0.9640511274337769
2770,1821,1,1.4026760084107082e-05,0.8366197347640991,0.41487014293670654,0.8627558946609497,0.4159435033798218
2771,1825,1,1.3270341804094699e-05,0.05920207500457764,0.9677939414978027,0.06197494640946388,0.9773654937744141
2772,1826,1,2.251094563732181e-05,0.9538223147392273,0.8660524487495422,0.9646132588386536,0.87022465467453
2773,1827,1,1.608401056252262e-05,0.27319058775901794,0.9677938222885132,0.2766316533088684,0.9771420955657959
2774,1830,1,1.4698428252302165e-05,0.9538223743438721,0.31571030616760254,0.9654393196105957,0.31824082136154175
2775,1831,1,2.430905045258669e-06,0.9909420013427734,0.15511454641819,0.9934461116790771,0.1570560783147812
2776,1833,1,4.161131241176008e-05,0.9365819692611694,0.4068835377693176,0.9500628709793091,0.4130569100379944
2777,1835,1,5.122551295144717e-05,0.9180300831794739,0.7583994269371033,0.9322418570518494,0.7656083106994629
2778,1838,1,1.1717769599073335e-07,0.9909420609474182,0.3372036814689636,0.9933910369873047,0.3372993767261505
2779,1840,1,5.633998867438095e-08,0.9909420609474182,0.5366281867027283,0.99325031042099,0.5366770029067993
2780,1859,1,1.0032948583926782e-05,0.9805992245674133,0.3025226891040802,0.9872838258743286,0.3055244982242584
2781,1864,1,8.478377999665554e-08,0.9909420013427734,0.9152236580848694,0.9927346110343933,0.9153182506561279
2782,1866,1,1.991924012401114e-07,0.9909420013427734,0.9579715728759766,0.99271160364151,0.9581966996192932
2783,1867,1,1.6796544066721708e-07,0.990942120552063,0.0897289589047432,0.9936018586158752,0.08985526114702225
2784,1875,1,2.1451354559332003e-07,0.9909420609474182,0.18578504025936127,0.9935171008110046,0.18595165014266968
2785,1881,1,6.314760270242914e-08,0.5675444006919861,0.9894641041755676,0.5675813555717468,0.9928816556930542
2786,1886,1,3.5148481458691094e-07,0.8256769776344299,0.9894641041755676,0.8259082436561584,0.9925037622451782
2787,1887,1,1.0960850850949555e-05,0.9688326716423035,0.8398066759109497,0.9763143658638,0.8427367210388184
2788,1890,1,1.6165974829007723e-05,0.9805991053581238,0.15012753009796143,0.9874969124794006,0.15481480956077576
2789,1891,1,7.787496201672184e-06,0.7542943358421326,0.980640172958374,0.7577866911888123,0.9850999116897583
2790,1892,1,3.0831756703264546e-08,0.5038195252418518,0.9806400537490845,0.5038318037986755,0.9856621026992798
2791,1897,1,1.5966000577183337e-05,0.9688325524330139,0.10976928472518921,0.9772874712944031,0.11354602128267288
2792,1898,1,1.0067557258963689e-05,0.8991807103157043,0.967793881893158,0.9014798402786255,0.9765515923500061
2793,1899,1,2.492631961992231e-05,0.16780681908130646,0.9539369344711304,0.17257969081401825,0.9643819332122803
2794,1900,1,1.6890446374873136e-05,0.9538223147392273,0.8175082802772522,0.9647448658943176,0.8206010460853577
2795,1901,1,3.3077419913318806e-05,0.9688326716423035,0.14899234473705292,0.977055549621582,0.15703757107257843
2796,1902,1,1.5653772180712622e-06,0.9688326120376587,0.8887237310409546,0.9763480424880981,0.8891403079032898
2797,1903,1,3.4905096413240244e-07,0.7981395125389099,0.9806400537490845,0.7982925772666931,0.9852008819580078
2798,1905,1,7.716848104522e-06,0.9805991649627686,0.4862936735153198,0.9869751334190369,0.4887142777442932
2799,1914,1,1.1871502862526029e-05,0.306643545627594,0.967793881893158,0.309190958738327,0.9771143198013306
2800,1920,1,1.4530080466812478e-05,0.6689289808273315,0.9539368748664856,0.671830952167511,0.9639508128166199
2801,1922,1,1.821140596458548e-05,0.9365820288658142,0.47167086601257324,0.9500997066497803,0.47436532378196716
2802,1923,1,1.4962815729546719e-05,0.9365820288658142,0.3118707239627838,0.9503546953201294,0.3140435516834259
2803,1924,1,4.941714099615524e-05,0.31521251797676086,0.9176657199859619,0.3212955594062805,0.9339132308959961
2804,1925,1,4.533363488334885e-05,0.6421984434127808,0.9176657795906067,0.6479354500770569,0.9334697127342224
2805,1927,1,3.1571681624598114e-07,0.19157461822032928,0.9806401133537292,0.19168974459171295,0.9861248135566711
2806,1931,1,1.2996534573872509e-05,0.9444379806518555,0.967793881893158,0.947438657283783,0.9764562845230103
2807,1933,1,2.0706294563410665e-05,0.9688326716423035,0.5564093589782715,0.9766533374786377,0.5617046356201172
2808,1934,1,3.063279632087301e-05,0.9180301427841187,0.7796143293380737,0.9323661923408508,0.7838878631591797
2809,1935,1,2.2353630384941425e-05,0.9538223147392273,0.7207220792770386,0.9648362994194031,0.7247812151908875
2810,1936,1,1.3046811204731057e-05,0.9688326716423035,0.0657755583524704,0.977392852306366,0.06882381439208984
2811,1937,1,2.2934021721709996e-05,0.43615052103996277,0.8959178924560547,0.4387070834636688,0.9138591885566711
2812,1938,1,5.6408772628913084e-05,0.8490280508995056,0.9176657199859619,0.8563998341560364,0.9329696893692017
2813,1942,1,2.274275327995845e-05,0.10793621838092804,0.9377778768539429,0.11146906763315201,0.9506528973579407
2814,1943,1,1.4677614454505772e-05,0.3174600899219513,0.967793881893158,0.3206343650817871,0.9770417809486389
2815,1946,1,6.968444892230252e-07,0.990942120552063,0.0784834697842598,0.993610143661499,0.07900583744049072
2816,1956,1,5.9450500389246486e-05,0.9365819692611694,0.28406015038490295,0.950069010257721,0.29287609457969666
2817,1960,1,1.0404257348994861e-05,0.9688325524330139,0.6727445125579834,0.9766156077384949,0.6754180788993835
2818,1968,1,2.8480727429780472e-06,0.900542140007019,0.980640172958374,0.9018669724464417,0.984939694404602
2819,1969,1,1.7862754830844096e-06,0.8924424052238464,0.9894641041755676,0.893695592880249,0.992314875125885
2820,1973,1,7.673524162754575e-06,0.9688327312469482,0.7118311524391174,0.9765718579292297,0.7138141989707947
2821,1974,1,2.5156672473158892e-05,0.9180300831794739,0.8112219572067261,0.9323568344116211,0.8147338032722473
2822,1976,1,1.1804120145342267e-05,0.9365820288658142,0.33108973503112793,0.9503700137138367,0.3328019678592682
2823,1978,1,1.3440914070628196e-05,0.9688326120376587,0.1884959191083908,0.9772566556930542,0.19168700277805328
2824,1980,1,1.2443579286980366e-05,0.7673345804214478,0.9539369344711304,0.7698343992233276,0.9638925194740295
2825,1981,1,6.052010982138256e-05,0.29034891724586487,0.8959178328514099,0.29706236720085144,0.913947343826294
2826,1983,1,6.333997060181673e-05,0.5131531953811646,0.8959178328514099,0.520350456237793,0.9135189652442932
2827,1984,1,1.0896020121720085e-05,0.9688326120376587,0.3772953152656555,0.9770499467849731,0.3799472749233246
2828,1985,1,4.194055966877386e-05,0.8946391940116882,0.4449668824672699,0.9139235019683838,0.4493165910243988
2829,1986,1,2.4626496895052696e-05,0.894639253616333,0.5181260704994202,0.9138383269309998,0.520691454410553
2830,1987,1,2.9520096731516787e-05,0.3592188060283661,0.8959178328514099,0.3624812066555023,0.914014995098114
2831,1988,1,2.3238235682399022e-05,0.894639253616333,0.348746657371521,0.9142777323722839,0.3511132597923279
2832,1989,1,1.534749238629729e-05,0.9538222551345825,0.9103093147277832,0.964629054069519,0.9131496548652649
2833,1990,1,2.9001439610709667e-05,0.08154068142175674,0.967793881893158,0.08772743493318558,0.9771692156791687
2834,1991,1,4.532973292725728e-05,0.13009454309940338,0.9377777576446533,0.13724471628665924,0.9504570960998535
2835,1996,1,1.1274447508924368e-07,0.28622308373451233,0.9967201948165894,0.2863823175430298,0.9981362819671631
2836,1997,1,1.3526559072829514e-07,0.11542873829603195,0.9967202544212341,0.11559431999921799,0.9983540773391724
2837,2000,1,5.725616495588781e-06,0.9805991649627686,0.4814327657222748,0.9870083928108215,0.4832194447517395
2838,2003,1,1.2096982260345612e-07,0.9909420609474182,0.7891791462898254,0.992875874042511,0.789304256439209
2839,2006,1,2.364814687894068e-05,0.9365820288658142,0.7191839814186096,0.9498193860054016,0.7227569222450256
2840,2007,1,6.334298952026529e-08,0.33891889452934265,0.9967201948165894,0.3390156328678131,0.9980297684669495
2841,2014,1,8.180153088233055e-07,0.990942120552063,0.6190093755722046,0.9931021928787231,0.6197667717933655
2842,2017,1,1.2034991883069779e-06,0.9150137901306152,0.9806400537490845,0.915569543838501,0.9849711060523987
2843,2019,1,3.2790843573771156e-07,0.0978071466088295,0.9967202544212341,0.09820714592933655,0.9983597993850708
2844,2027,1,1.6328404628396243e-07,0.16957615315914154,0.9967201948165894,0.1697845160961151,0.9982874989509583
2845,2032,1,7.980898431014793e-08,0.18608106672763824,0.9967201948165894,0.18618349730968475,0.9982784986495972
2846,2033,1,8.374581028647299e-08,0.12175725400447845,0.9967202544212341,0.12185996025800705,0.9983510375022888
2847,2044,1,3.6336661857205854e-07,0.9909420013427734,0.40778088569641113,0.9933108687400818,0.40808767080307007
2848,2051,1,5.7233151620650347e-05,0.9365820288658142,0.23593918979167938,0.9501249194145203,0.2443913221359253
2849,2060,1,1.504362689885852e-05,0.9538223743438721,0.8931264281272888,0.964654803276062,0.8959039449691772
2850,2061,1,2.4071186606189343e-05,0.9365820288658142,0.15945588052272797,0.9505099058151245,0.16291242837905884
2851,2063,1,1.695006305624247e-05,0.6628471612930298,0.9377778172492981,0.6655995845794678,0.9500942826271057
2852,2066,1,1.6160373878193468e-05,0.4685681462287903,0.9677938222885132,0.4721171259880066,0.9769008755683899
2853,2069,1,1.6100951238939842e-07,0.26718729734420776,0.9806401133537292,0.26724693179130554,0.9860399961471558
2854,2070,1,8.359370622912365e-05,0.9180300235748291,0.7433701753616333,0.9320145845413208,0.7553253173828125
2855,2078,1,3.7547398470914872e-06,0.0015371734043583274,0.9894642233848572,0.0033552106469869614,0.993594765663147
2856,2079,1,5.836216132593108e-06,0.8548314571380615,0.980640172958374,0.8575392961502075,0.9849507808685303
2857,2081,1,4.157300717011481e-06,0.980599045753479,0.9726837277412415,0.9863130450248718,0.9741388559341431
2858,2083,1,7.1958074983058395e-06,0.9805991649627686,0.8726155161857605,0.9863929748535156,0.8750994801521301
2859,2084,1,1.590059108491637e-05,0.9538222551345825,0.09132005274295807,0.9655924439430237,0.09402189403772354
2860,2087,1,8.087104804488376e-06,0.9805991649627686,0.6916609406471252,0.986637532711029,0.6943395137786865
2861,2095,1,3.921554512231751e-07,0.025052888318896294,0.9806401133537292,0.025189297273755074,0.9863898158073425
2862,2096,1,5.286620119449026e-08,0.21226942539215088,0.9806400537490845,0.21228881180286407,0.9860939979553223
2863,2099,1,3.822549015453092e-05,0.6724885106086731,0.9176658391952515,0.6773297190666199,0.9334575533866882
2864,2100,1,2.648068957444849e-05,0.12191281467676163,0.9176658391952515,0.12506213784217834,0.9344826936721802
2865,2101,1,6.832629499697873e-05,0.9180301427841187,0.8963394165039062,0.9318830966949463,0.9062039256095886
2866,2103,1,1.5340592085522076e-05,0.5226783156394958,0.9677938222885132,0.526063859462738,0.9768562316894531
2867,2105,1,2.8995819707944293e-05,0.894639253616333,0.4133068919181824,0.9140958786010742,0.41628745198249817
2868,2107,1,1.2708946044881486e-05,0.5955360531806946,0.9539369344711304,0.598051130771637,0.964043140411377
2869,2108,1,4.9388101333036616e-05,0.23445680737495422,0.8706486225128174,0.23898430168628693,0.8924655914306641
2870,2110,1,6.792800055777093e-05,0.8670146465301514,0.7600634098052979,0.889443039894104,0.7661207318305969
2871,2112,1,7.529643575310274e-05,0.27688363194465637,0.8706486225128174,0.28386855125427246,0.8922083377838135
2872,2117,1,2.0367733337245397e-05,0.3296484053134918,0.9677939414978027,0.3340873718261719,0.9769707322120667
2873,2119,1,1.2999595600859948e-05,0.9365819692611694,0.5619559288024902,0.9500705599784851,0.5638834238052368
2874,2120,1,4.8641100200086385e-05,0.5735065340995789,0.8959178328514099,0.5790528655052185,0.9134577512741089
2875,2127,1,4.788082410556171e-07,0.9909420609474182,0.38039371371269226,0.993320643901825,0.38079631328582764
2876,2132,1,4.437840885884725e-07,0.9909420609474182,0.754359781742096,0.9929296374320984,0.7548063397407532
2877,2136,1,4.894312333192374e-07,0.9909420609474182,0.18902596831321716,0.9934943318367004,0.18940949440002441
2878,2141,1,3.536881474364151e-07,0.990942120552063,0.12204352766275406,0.9935621619224548,0.12231351435184479
2879,2143,1,4.234198911490239e-07,0.9909420609474182,0.2030823975801468,0.9934864044189453,0.20341522991657257
2880,2144,1,2.1676035721895914e-06,0.8489394783973694,0.9894641637802124,0.8504251837730408,0.9923821091651917
2881,2145,1,7.99172307708318e-06,0.019134625792503357,0.9806400537490845,0.021978653967380524,0.9862600564956665
2882,2147,1,7.144407271120201e-06,0.15441663563251495,0.9176657795906067,0.15526507794857025,0.9345070123672485
2883,2154,1,7.287064912597785e-08,0.00932490173727274,0.9967202544212341,0.009408587589859962,0.9984617829322815
2884,2158,1,5.874100253322467e-05,0.15833941102027893,0.9176657199859619,0.16545192897319794,0.9341833591461182
2885,2160,1,1.4589938501785582e-07,0.5691461563110352,0.9806400537490845,0.5692058205604553,0.9855307340621948
2886,2164,1,4.543943589396804e-05,0.9365820288658142,0.6256483793258667,0.9497513771057129,0.6325491666793823
2887,2172,1,1.9959781294431878e-07,0.1189374327659607,0.980640172958374,0.11900855600833893,0.9862529039382935
2888,2175,1,1.0864728494652809e-07,0.9909420013427734,0.5230813026428223,0.9932551980018616,0.5231752395629883
2889,2177,1,3.917977810630191e-06,0.683836042881012,0.9894641637802124,0.6863259673118591,0.9926112294197083
2890,2179,1,5.525607443601643e-06,0.9186437129974365,0.9806401133537292,0.9212645888328552,0.9848567247390747
2891,2182,1,1.1673656885591299e-07,0.9909420609474182,0.27536290884017944,0.9934417605400085,0.2754563093185425
2892,2186,1,7.646405357775166e-06,0.4517967700958252,0.980640172958374,0.4549052119255066,0.9855599403381348
2893,2187,1,2.395761917739492e-07,0.28280892968177795,0.9967202544212341,0.28314879536628723,0.9981300830841064
2894,2188,1,1.1761020157763369e-08,0.11866861581802368,0.9967201948165894,0.11868296563625336,0.9983593821525574
2895,2189,1,3.9637940929537763e-07,0.990942120552063,0.8137814402580261,0.9928169846534729,0.8142042756080627
2896,2190,1,4.666871346614698e-05,0.894639253616333,0.6448484063148499,0.9135158061981201,0.6497930288314819
2897,2191,1,3.419406642635181e-05,0.2166966050863266,0.9176657795906067,0.2208329737186432,0.9341991543769836
2898,2192,1,7.452983119549117e-05,0.5361470580101013,0.8959178328514099,0.544673502445221,0.913399875164032
2899,2193,1,1.6457870863462176e-05,0.3780066668987274,0.9677938222885132,0.3815992772579193,0.9769558906555176
2900,2194,1,4.776933824501839e-05,0.9365819692611694,0.7087907791137695,0.9496357440948486,0.7161096334457397
2901,2195,1,2.415127768129466e-05,0.936582088470459,0.21604354679584503,0.950395405292511,0.21954035758972168
2902,2197,1,7.762275191680601e-05,0.936582088470459,0.26290643215179443,0.9499316215515137,0.2745357155799866
2903,2198,1,2.452283618836759e-05,0.5821272134780884,0.8959178328514099,0.5849041938781738,0.9135793447494507
2904,2201,1,8.089384095910646e-07,0.8359402418136597,0.9894641041755676,0.8364802598953247,0.9924600720405579
2905,2202,1,1.393819365524962e-05,0.9688326120376587,0.4456115663051605,0.9769768714904785,0.4490343928337097
2906,2204,1,1.659459159419896e-05,0.8177902102470398,0.9539370536804199,0.821161150932312,0.9637827277183533
2907,2205,1,7.826503097163595e-05,0.24973063170909882,0.8959178328514099,0.2584255337715149,0.9139203429222107
2908,2206,1,7.997808431525755e-05,0.894639253616333,0.7664502859115601,0.913167417049408,0.7750834226608276
2909,2207,1,9.194534647249952e-05,0.8334025144577026,0.8706485629081726,0.8425279259681702,0.8908000588417053
2910,2210,1,2.036590251108805e-06,0.990942120552063,0.2671569585800171,0.9933646321296692,0.2688383460044861
2911,2212,1,2.0071272643917837e-07,0.30907851457595825,0.9967202544212341,0.3093753457069397,0.998072624206543
2912,2218,1,2.3037476593046335e-07,0.9909420609474182,0.032668568193912506,0.9936826825141907,0.032836686819791794
2913,2219,1,1.1709834701889577e-07,0.9837378263473511,0.9894641637802124,0.9838219285011292,0.9922488331794739
2914,2224,1,3.2973761676657887e-07,0.9909420609474182,0.7923785448074341,0.9928602576255798,0.7927223443984985
2915,2225,1,1.2564605356146785e-07,0.9909420609474182,0.8493995666503906,0.9927911758422852,0.8495354652404785
2916,2230,1,1.557329083468062e-07,0.2960415482521057,0.9967202544212341,0.29616883397102356,0.9981223344802856
2917,2232,1,3.638415595474953e-07,0.14861802756786346,0.9967201948165894,0.14896804094314575,0.9982975721359253
2918,2233,1,3.495090283855973e-07,0.24229176342487335,0.9967201948165894,0.2425810694694519,0.9982132911682129
2919,2236,1,3.5479742344080023e-07,0.41792598366737366,0.9967201948165894,0.41829025745391846,0.9978830218315125
2920,2240,1,2.9645618182527755e-07,0.20547911524772644,0.9967201948165894,0.20576731860637665,0.9982582926750183
2921,2242,1,4.3076369315997454e-07,0.37859880924224854,0.9967202544212341,0.3790207505226135,0.997938871383667
2922,2243,1,4.871171839226918e-07,0.9909420013427734,0.9644417762756348,0.9927011728286743,0.9647846221923828
2923,2245,1,2.7253282830486114e-07,0.3718794286251068,0.9967201948165894,0.3721010684967041,0.9979604482650757
2924,2246,1,2.631053774848624e-07,0.33562418818473816,0.9967202544212341,0.33584460616111755,0.9980242252349854
2925,2248,1,2.4827523914083827e-05,0.3725230395793915,0.9539369344711304,0.37528562545776367,0.9642599821090698
2926,2252,1,1.2208111854761228e-07,0.9909420609474182,0.615875244140625,0.9931402206420898,0.6159350275993347
2927,2254,1,2.935873579801296e-07,0.9909420609474182,0.17910735309123993,0.9935232996940613,0.17929907143115997
2928,2255,1,4.7305315753476407e-07,0.9909420013427734,0.4011937081813812,0.9933196306228638,0.40149423480033875
2929,2260,1,4.435643852218618e-07,0.9909420609474182,0.1518159806728363,0.9935339689254761,0.15204022824764252
2930,2261,1,6.462741213297818e-07,0.9909420609474182,0.4445815682411194,0.993290364742279,0.4448624849319458
2931,2264,1,7.172805123190074e-07,0.9909420013427734,0.8311486840248108,0.9927898645401001,0.8315913677215576
2932,2268,1,5.719787292690626e-07,0.9909420609474182,0.8594264984130859,0.9927546381950378,0.8598834872245789
2933,2269,1,7.130496875637493e-05,0.8946393132209778,0.001537180389277637,0.9149557948112488,0.005747642833739519
2934,2271,1,4.024610333885903e-06,0.990942120552063,0.48408937454223633,0.9931834936141968,0.4860898554325104
2935,2274,1,7.653818267616685e-05,0.9180300831794739,0.41951844096183777,0.9327523112297058,0.4253459572792053
2936,2275,1,1.2463662315553847e-06,0.9909420609474182,0.6120673418045044,0.9931142330169678,0.6128009557723999
2937,2276,1,1.1857219579525236e-06,0.9909420609474182,0.6565049290657043,0.9930311441421509,0.6570883989334106
2938,2279,1,1.208440254529819e-07,0.4605589509010315,0.9967201948165894,0.46077173948287964,0.9977980852127075
2939,2280,1,1.3998174051010892e-06,0.9909420013427734,0.9215216636657715,0.992696225643158,0.9223482012748718
2940,2282,1,1.6640166411452384e-07,0.042455945163965225,0.9967202544212341,0.04255349934101105,0.9984320998191833
2941,2287,1,1.9505405557396216e-06,0.8450639247894287,0.9894642233848572,0.8458651900291443,0.9924286603927612
2942,2289,1,3.8678248714951735e-06,0.9909420609474182,0.04393003135919571,0.9936048984527588,0.045547738671302795
2943,2294,1,2.546183957008452e-07,0.9909420013427734,0.8562118411064148,0.9927707314491272,0.8563521504402161
2944,2298,1,1.8354020703270635e-07,0.9909420609474182,0.9776164293289185,0.9927002787590027,0.9777297973632812
2945,2302,1,5.363221637910698e-06,0.9909420013427734,0.17366963624954224,0.9934155941009521,0.17603304982185364
2946,2310,1,2.898571255993687e-05,0.42123377323150635,0.967793881893158,0.424873411655426,0.976926863193512
2947,2314,1,1.138276726209142e-07,0.9909420013427734,0.8206015229225159,0.9928244352340698,0.8206826448440552
2948,2315,1,5.075936471143905e-08,0.9909420013427734,0.7248227596282959,0.9929817318916321,0.724869430065155
2949,2316,1,2.433940836876758e-05,0.48605430126190186,0.967793881893158,0.4888434410095215,0.9769076108932495
2950,2317,1,2.5336514650753372e-05,0.9538223743438721,0.45043331384658813,0.9653289914131165,0.45273667573928833
2951,2318,1,2.2320522768737305e-05,0.6578496098518372,0.9677938222885132,0.6605244874954224,0.9767747521400452
2952,2327,1,8.993017139857784e-07,0.9909420609474182,0.7707380056381226,0.9928786158561707,0.771293580532074
2953,2328,1,1.045675972477511e-06,0.9909420013427734,0.7106270790100098,0.9929671883583069,0.711162269115448
2954,2332,1,1.6163788014722513e-06,0.9157759547233582,0.9894641041755676,0.916486382484436,0.992286205291748
2955,2343,1,6.347809424767092e-07,0.16237623989582062,0.9967202544212341,0.16282512247562408,0.9982813000679016
2956,2347,1,5.310490376331245e-07,0.1589074283838272,0.9967202544212341,0.1593019664287567,0.9982906579971313
2957,2349,1,2.425970482278217e-07,0.990942120552063,0.43134579062461853,0.9933018684387207,0.4314897656440735
2958,2350,1,1.0283862774684849e-06,0.818946361541748,0.9894641041755676,0.8193906545639038,0.9925024509429932
2959,2351,1,3.233324097351442e-07,0.990942120552063,0.8172785639762878,0.9928206205368042,0.8175272345542908
2960,2352,1,6.438599780267396e-05,0.42749059200286865,0.8959178328514099,0.43307626247406006,0.9137322902679443
2961,2353,1,3.7365519478527176e-06,0.9909420609474182,0.5606277585029602,0.9931149482727051,0.5625568628311157
2962,2354,1,5.257278128389942e-07,0.9909420609474182,0.19609512388706207,0.9934864044189453,0.1964804232120514
2963,2363,1,4.741904225014082e-05,0.8152860999107361,0.9176657795906067,0.8188520669937134,0.9331735372543335
2964,2364,1,1.4950247102518688e-06,0.990942120552063,0.5262494683265686,0.9932231903076172,0.5269700288772583
2965,2365,1,4.462175015795822e-05,0.6244710087776184,0.9176657795906067,0.6282938122749329,0.9335812330245972
2966,2368,1,1.547210342423e-05,0.9805991649627686,0.081520214676857,0.9877203106880188,0.08419900387525558
2967,2371,1,1.4129677776253402e-05,0.9805991053581238,0.17828679084777832,0.9875929355621338,0.18044143915176392
2968,2373,1,4.835254731139216e-05,0.8946391940116882,0.0690096914768219,0.9147467017173767,0.07355761528015137
2969,2376,1,2.2513194890549926e-05,0.9180300831794739,0.4455675482749939,0.9328954815864563,0.44784092903137207
2970,2377,1,2.5576285295064727e-05,0.012030651792883873,0.9677937626838684,0.015317746438086033,0.9774090051651001
2971,2378,1,1.116686669533351e-05,0.9538222551345825,0.8989782929420471,0.9646535515785217,0.9015868306159973
2972,2380,1,0.00011169745243577722,0.5797133445739746,0.798340380191803,0.5856702327728271,0.8307247161865234
2973,2381,1,7.057987480507677e-05,0.8946393728256226,0.8230472207069397,0.9130956530570984,0.8307501673698425
2974,2382,1,2.4959345041430936e-05,0.37197256088256836,0.9677937626838684,0.37493231892585754,0.9769953489303589
2975,2387,1,2.8084077403622842e-05,0.10412594676017761,0.967793881893158,0.10748562961816788,0.9773016571998596
2976,2391,1,3.0596272715399664e-07,0.25871741771698,0.9967203736305237,0.2589680552482605,0.9981853365898132
2977,2393,1,3.2836258387902717e-06,0.9909420609474182,0.49975869059562683,0.9931849241256714,0.5014880299568176
2978,2394,1,2.610606594899423e-06,0.9909420609474182,0.38387054204940796,0.9932705760002136,0.3852463364601135
2979,2396,1,3.861819027756175e-07,0.005975003354251385,0.9967202544212341,0.006250621285289526,0.9984532594680786
2980,2397,1,4.3195591103994957e-07,0.9909420013427734,0.9384644031524658,0.9927172064781189,0.938725471496582
2981,2398,1,4.018833879015915e-07,0.05235739052295685,0.9967202544212341,0.05263383686542511,0.998416543006897
2982,2400,1,6.163321106811281e-07,0.9909420609474182,0.6228410601615906,0.9931187629699707,0.6231906414031982
2983,2401,1,1.6032172793334354e-05,0.12888692319393158,0.9806401133537292,0.13302645087242126,0.9860448837280273
2984,2403,1,3.5819438259920844e-07,0.9909420609474182,0.9451421499252319,0.9927175641059875,0.9453831315040588
2985,2407,1,5.5252995547760975e-06,0.9575474262237549,0.9894641637802124,0.9596983790397644,0.9921644926071167
2986,2408,1,4.679668332840947e-05,0.20541132986545563,0.8959178328514099,0.208234503865242,0.9142850041389465
2987,2409,1,5.852871015576966e-05,0.611113429069519,0.8959178328514099,0.6151117086410522,0.9134673476219177
2988,2410,1,6.6995156089433294e-06,0.9538223147392273,0.5172002911567688,0.9652003049850464,0.5200821757316589
2989,2412,1,2.499059294436279e-05,0.4118044376373291,0.9539369344711304,0.4142725467681885,0.9642563462257385
2990,2413,1,1.9819119412289865e-07,0.29270264506340027,0.9967202544212341,0.2929672598838806,0.9981198310852051
2991,2414,1,4.31968699956542e-05,0.7443537712097168,0.9176657199859619,0.7471978664398193,0.9333886504173279
2992,2415,1,5.173368700095438e-07,0.08388209342956543,0.9967201948165894,0.08434931933879852,0.9983811974525452
2993,2417,1,0.00010694686094403494,0.07771259546279907,0.8706485629081726,0.08543454110622406,0.8926335573196411
2994,2418,1,3.810249111335651e-05,0.3027176260948181,0.8706485629081726,0.3058297336101532,0.8923866748809814
2995,2419,1,2.8913498004712324e-05,0.9538223147392273,0.543922483921051,0.9649055004119873,0.551913321018219
2996,2421,1,3.9720502556406245e-05,0.9365820288658142,0.3358761966228485,0.9502168297767639,0.34006813168525696
2997,2422,1,1.867052181481199e-05,0.9180300831794739,0.5459636449813843,0.9326539635658264,0.549018919467926
2998,2427,1,1.6047466822044498e-07,0.06622792780399323,0.9967202544212341,0.06632379442453384,0.9984132051467896
2999,2428,1,1.3636541662531698e-07,0.03554858639836311,0.9967202544212341,0.03564624860882759,0.998439610004425
3000,2429,1,5.840708547921736e-07,0.19238479435443878,0.9967202544212341,0.1928618997335434,0.9982591271400452
3001,2430,1,1.0789335934902056e-05,0.13945570588111877,0.9894641637802124,0.14273157715797424,0.9933379292488098
3002,2432,1,6.526623792524333e-07,0.990942120552063,0.7412994503974915,0.9929477572441101,0.7417616844177246
3003,2434,1,3.6549079052150546e-07,0.36499571800231934,0.9967201948165894,0.36544540524482727,0.9979546666145325
3004,2436,1,4.4674440147218775e-08,0.5301796197891235,0.9967202544212341,0.5303300023078918,0.9971604347229004
3005,2441,1,4.0680929558334356e-07,0.9909420013427734,0.8629577159881592,0.9927516579627991,0.8633900880813599
3006,2447,1,2.701851030906255e-05,0.9688326120376587,0.13252519071102142,0.9771066904067993,0.139674574136734
3007,2450,1,3.6070664055642965e-07,0.06292933225631714,0.9967202544212341,0.06315361708402634,0.9984113574028015
3008,2456,1,1.8903909548839692e-07,0.36851966381073,0.9967201948165894,0.3688051104545593,0.9979583621025085
3009,2461,1,5.262793995042259e-06,0.9909420609474182,0.053965453058481216,0.9935770630836487,0.056081272661685944
3010,2464,1,3.511025330338313e-05,0.9180300831794739,0.19047603011131287,0.9332123398780823,0.19400601089000702
3011,2465,1,3.411513875217764e-05,0.9365819692611694,0.19938364624977112,0.9504340887069702,0.2035926729440689
3012,2466,1,1.44358294917879e-06,0.3310927748680115,0.9894641041755676,0.3316556215286255,0.9931355118751526
3013,2468,1,5.082118299526428e-07,0.23884929716587067,0.9967201948165894,0.23921748995780945,0.9982166886329651
3014,2475,1,7.221737412521634e-07,0.9909420609474182,0.9317519068717957,0.9927091002464294,0.932221531867981
3015,2478,1,6.171821809175526e-07,0.1414674073457718,0.9967202544212341,0.14190839231014252,0.9983082413673401
3016,2479,1,1.0969631056401141e-05,0.9688326120376587,0.008722660131752491,0.9774877429008484,0.01086392067372799
3017,2480,1,4.550986679685565e-05,0.15106186270713806,0.9539368748664856,0.15980173647403717,0.9642255902290344
3018,2481,1,5.906393587595815e-05,0.9365820288658142,0.13414110243320465,0.9502703547477722,0.14269743859767914
3019,2482,1,2.957788930135763e-05,0.8946393132209778,0.46656566858291626,0.913933515548706,0.469606876373291
3020,2485,1,1.9594318372284647e-05,0.9805991053581238,0.13068102300167084,0.9875847101211548,0.13379567861557007
3021,2487,1,3.462893056216387e-05,0.51214998960495,0.9677938222885132,0.5196040868759155,0.9766546487808228
3022,2488,1,1.641577836064556e-05,0.9805991649627686,0.22747987508773804,0.9874961972236633,0.23024320602416992
3023,2493,1,2.1140593213786474e-05,0.7800961136817932,0.9677938222885132,0.7829207181930542,0.9766493439674377
3024,2498,1,1.5641344254468947e-05,0.9805992245674133,0.24748897552490234,0.9874576330184937,0.25010162591934204
3025,2500,1,1.877109330195026e-07,0.44394344091415405,0.9967202544212341,0.44425448775291443,0.9978206753730774
3026,2503,1,2.6181463397279003e-07,0.9909420013427734,0.9055095911026001,0.9927324652671814,0.9056792855262756
3027,2506,1,7.594107422903562e-07,0.9909420609474182,0.888460636138916,0.9927328824996948,0.8888968229293823
3028,2509,1,0.00020953916916344184,0.41795843839645386,0.8364201188087463,0.43147972226142883,0.8653163909912109
3029,2511,1,9.540208322489363e-05,0.8946391940116882,0.14015820622444153,0.9143744707107544,0.1495308130979538
3030,2513,1,1.3034543551171396e-05,0.9688327312469482,0.7382495403289795,0.9764721989631653,0.7409456968307495
3031,2515,1,7.814893706381554e-06,0.8939222693443298,0.9677938222885132,0.896106481552124,0.9765673875808716
3032,2518,1,2.219640541767376e-05,0.9805991649627686,0.44102340936660767,0.986952543258667,0.44505926966667175
3033,2519,1,1.6521720507617355e-05,0.012892414815723896,0.9806400537490845,0.016060302034020424,0.9862625002861023
3034,2523,1,7.662336312108664e-07,0.23518504202365875,0.9967202544212341,0.23577502369880676,0.9982100129127502
3035,2531,1,2.1131751879011063e-05,0.7369219660758972,0.9539369344711304,0.7406142354011536,0.9638607501983643
3036,2532,1,2.4799239795036954e-06,0.9909420609474182,0.24548950791358948,0.9933874607086182,0.24692323803901672
3037,2536,1,4.157822139916334e-07,0.7940099239349365,0.9894641637802124,0.7941840887069702,0.9925497770309448
3038,2539,1,7.52153927363608e-07,0.9909420609474182,0.11140710860490799,0.993565559387207,0.1118464469909668
3039,2550,1,1.262293647386059e-07,0.4473287761211395,0.9967202544212341,0.44753798842430115,0.9978159666061401
3040,2553,1,7.38416474632686e-08,0.5006986856460571,0.9967202544212341,0.500796914100647,0.9974991083145142
3041,2555,1,6.929193396842948e-08,0.5202105045318604,0.9967202544212341,0.5203537344932556,0.9973423480987549
3042,2557,1,1.9978630394490438e-07,0.315790593624115,0.9967202544212341,0.31598150730133057,0.9980754256248474
3043,2559,1,1.0633360503220501e-07,0.35851767659187317,0.9967201948165894,0.3586439788341522,0.9979862570762634
3044,2562,1,1.4526501600616026e-05,0.0015371136832982302,0.9806401133537292,0.0044139414094388485,0.9862812757492065
3045,2567,1,1.6784738932074106e-06,0.9909420609474182,0.55340975522995,0.9931695461273193,0.5542537569999695
3046,2573,1,3.233256906121085e-05,0.756456732749939,0.9377777576446533,0.7598201632499695,0.9498910903930664
3047,2575,1,3.194843701592731e-05,0.9688327312469482,0.7929218411445618,0.9762449860572815,0.7987053394317627
3048,2577,1,8.417648373892916e-06,0.9805991649627686,0.7013347744941711,0.9864606261253357,0.7068899273872375
3049,2578,1,2.943607791983105e-05,0.036389950662851334,0.9539368748664856,0.03979891911149025,0.964632511138916
3050,2579,1,2.8275949693155195e-05,0.9688325524330139,0.0015371242770925164,0.9773932695388794,0.00564837921410799
3051,2581,1,2.977710491514074e-06,0.9909420013427734,0.4176150858402252,0.9932461977005005,0.41899073123931885
3052,2583,1,2.9424466610805666e-05,0.9365820288658142,0.4508066475391388,0.9500411152839661,0.4551761746406555
3053,2586,1,8.91841848371655e-07,0.8044936656951904,0.9894641637802124,0.805050790309906,0.9925225377082825
3054,2588,1,2.6287252939738437e-05,0.29824304580688477,0.9539369344711304,0.3008725047111511,0.9643489122390747
3055,2590,1,2.4763151431184127e-05,0.24555517733097076,0.9377778172492981,0.2476460337638855,0.9506057500839233
3056,2591,1,3.001600814700467e-05,0.14031897485256195,0.9377778172492981,0.1428438276052475,0.9506773948669434
3057,2592,1,3.523643019143208e-05,0.9365820288658142,0.7446815371513367,0.9498398900032043,0.7474911212921143
3058,2593,1,0.000102121321047699,0.0464320182800293,0.8706486225128174,0.054523665457963943,0.8926964998245239
3059,2594,1,2.0851262974019846e-05,0.9688326120376587,0.2838166654109955,0.9772093296051025,0.2864229381084442
3060,2595,1,2.049350961641494e-05,0.9688326716423035,0.48876872658729553,0.9769665598869324,0.49145838618278503
3061,2599,1,3.335926122005617e-07,0.17618265748023987,0.9967202544212341,0.17645466327667236,0.9982801675796509
3062,2607,1,8.401928752732601e-08,0.5268473029136658,0.9967201948165894,0.5271053314208984,0.9972363114356995
3063,2610,1,3.6514461511316654e-05,0.9365820288658142,0.8724921941757202,0.9496749639511108,0.8755934834480286
3064,2616,1,3.4706560001041e-05,0.789842426776886,0.9377777576446533,0.7929719090461731,0.9498807787895203
3065,2620,1,8.579574739542295e-07,0.9909420609474182,0.8526097536087036,0.9927588701248169,0.8531375527381897
3066,2626,1,1.0272353634377396e-08,0.5558057427406311,0.9967202544212341,0.5558774471282959,0.9969320893287659
3067,2638,1,1.7445849209707376e-08,0.5589516758918762,0.9967202544212341,0.5590747594833374,0.9969251751899719
3068,2639,1,7.188133832158883e-06,0.38897567987442017,0.9894642233848572,0.391239732503891,0.992956280708313
3069,2640,1,6.305894730829209e-06,0.7598879337310791,0.9894641041755676,0.7622353434562683,0.9924992918968201
3070,2642,1,4.1743477297018217e-07,0.990942120552063,0.36569899320602417,0.9933415651321411,0.3659120202064514
3071,2644,1,1.0268649930367246e-08,0.5621491074562073,0.9967202544212341,0.5622526407241821,0.9969186186790466
3072,2649,1,2.7834076240296213e-05,0.5896283984184265,0.9539369940757751,0.5924617052078247,0.9640323519706726
3073,2651,1,1.636169447394309e-05,0.9805991053581238,0.3460787236690521,0.987226665019989,0.3487405478954315
3074,2652,1,3.4349497827435016e-05,0.7327645421028137,0.9176657199859619,0.7366210222244263,0.9334311485290527
3075,2655,1,1.4695127950048459e-05,0.9805992245674133,0.9412257075309753,0.9862699508666992,0.9443867802619934
3076,2658,1,1.0318528254060766e-08,0.5716364979743958,0.9967201948165894,0.5717796087265015,0.9968858361244202
3077,2660,1,1.4940024257725781e-06,0.8631239533424377,0.9894641637802124,0.8637585639953613,0.9924028515815735
3078,2670,1,5.2700642072522896e-08,0.5334042906761169,0.9967201948165894,0.5336164236068726,0.9971437454223633
3079,2671,1,3.7862423960532965e-06,0.4812464118003845,0.9894641637802124,0.4825657606124878,0.992901623249054
3080,2673,1,2.210154788073737e-07,0.13157501816749573,0.9967201948165894,0.13175271451473236,0.9983404278755188
3081,2675,1,2.5846071586510533e-05,0.9688326120376587,0.03632195666432381,0.9774216413497925,0.03951384499669075
3082,2676,1,2.8117521609360985e-05,0.9805991053581238,0.03403313830494881,0.9875750541687012,0.04070562869310379
3083,2677,1,5.367216218132853e-07,0.9909420609474182,0.6763393878936768,0.9930189847946167,0.6767058372497559
3084,2678,1,3.7511269839640704e-05,0.9180301427841187,0.5402289628982544,0.9327006936073303,0.542889416217804
3085,2679,1,3.0902882354855166e-05,0.11678645014762878,0.9176657795906067,0.11883848160505295,0.9345443248748779
3086,2682,1,3.0946650686480837e-05,0.3716092109680176,0.9377777576446533,0.37490683794021606,0.9504046440124512
3087,2683,1,2.9289440810487122e-05,0.9538222551345825,0.8548449277877808,0.9647118449211121,0.857681393623352
3088,2684,1,4.936550803691375e-06,0.9538222551345825,0.2550240755081177,0.9654651284217834,0.25792357325553894
3089,2685,1,1.6387285763030945e-05,0.9805991649627686,0.8927340507507324,0.9863263368606567,0.8958080410957336
3090,2687,1,7.519824797519448e-06,0.268417090177536,0.9894641041755676,0.27117305994033813,0.9930930137634277
3091,2688,1,3.5141864138665824e-05,0.42958348989486694,0.9176657199859619,0.43243953585624695,0.9338714480400085
3092,2690,1,9.385506474579586e-05,0.8266711235046387,0.798340380191803,0.8314092755317688,0.8294917941093445
3093,2691,1,0.00013301089727857374,0.8670147061347961,0.41628432273864746,0.8903133869171143,0.4273143708705902
3094,2693,1,1.803690263812996e-07,0.38535675406455994,0.9967202544212341,0.3855106830596924,0.9979448914527893
3095,2695,1,1.3101545803806403e-07,0.3986296057701111,0.9967201948165894,0.3987603783607483,0.997933566570282
3096,2696,1,8.245973504017456e-08,0.4083383083343506,0.9967202544212341,0.40842270851135254,0.9979044795036316
3097,2697,1,6.178451172900168e-08,0.4671471118927002,0.9967201352119446,0.4672476351261139,0.9977927803993225
3098,2698,1,1.0227288349540231e-07,0.4407748281955719,0.9967202544212341,0.44086915254592896,0.9978358745574951
3099,2701,1,1.1726765247743742e-07,0.4147109389305115,0.9967202544212341,0.41485169529914856,0.9978955388069153
3100,2703,1,1.2491113743351434e-07,0.43099039793014526,0.9967202544212341,0.43110910058021545,0.9978508949279785
3101,2704,1,2.1741035993727564e-07,0.4018346667289734,0.9967202544212341,0.4020421504974365,0.9979130625724792
3102,2705,1,1.8283207079861086e-05,0.9538223147392273,0.8607557415962219,0.9647114276885986,0.8629782199859619
3103,2708,1,3.326058822494815e-05,0.9365820288658142,0.6502519845962524,0.9499172568321228,0.6530395746231079
3104,2710,1,3.2655927553193465e-05,0.9365820288658142,0.379639208316803,0.9502449631690979,0.3826062083244324
3105,2711,1,5.935398293388516e-05,0.9538222551345825,0.35245659947395325,0.9650822281837463,0.3613731265068054
3106,2713,1,3.127679197378885e-05,0.9365819692611694,0.008486753329634666,0.9507479071617126,0.01168074831366539
3107,2714,1,2.179480986796989e-05,0.7621595859527588,0.9176658391952515,0.7642958164215088,0.9333508610725403
3108,2721,1,1.4144401958127162e-05,0.9805991649627686,0.13687001168727875,0.987609326839447,0.1394595205783844
3109,2723,1,1.2853563529091616e-06,0.8969734907150269,0.9806401133537292,0.8974677324295044,0.9849879145622253
3110,2724,1,1.185918083734805e-06,0.9857960343360901,0.9806400537490845,0.9862659573554993,0.9848684668540955
3111,2725,1,3.951364131893342e-06,0.6128896474838257,0.9806401133537292,0.6145122647285461,0.9853988885879517
3112,2729,1,1.6145564259772982e-05,0.46343445777893066,0.9677938222885132,0.4654938578605652,0.9769923686981201
3113,2731,1,3.081512471236891e-05,0.2964306175708771,0.9677937626838684,0.3001750707626343,0.9771050214767456
3114,2732,1,5.823500209611865e-05,0.08850882202386856,0.8706485629081726,0.09197037667036057,0.89284348487854
3115,2734,1,3.7640075931655304e-05,0.37798115611076355,0.9377778172492981,0.38239601254463196,0.9503408670425415
3116,2736,1,2.9988701363947712e-05,0.9538222551345825,0.7312191128730774,0.9647894501686096,0.7358747124671936
3117,2738,1,3.2780153524925026e-07,0.21872776746749878,0.9967202544212341,0.2190098911523819,0.9982418417930603
3118,2742,1,3.692176786529444e-07,0.08053535223007202,0.9967202544212341,0.08080781996250153,0.998393714427948
3119,2747,1,1.3746111386936377e-06,0.06939805299043655,0.9967201948165894,0.07034667581319809,0.9983700513839722
3120,2748,1,1.0265340346649054e-06,0.26874229311943054,0.9967202544212341,0.26953306794166565,0.9981334805488586
3121,2758,1,5.6942006027682623e-05,0.6004541516304016,0.9377777576446533,0.6091710329055786,0.949845016002655
3122,2760,1,9.149497209293145e-05,0.8670147061347961,0.55362468957901,0.8900715708732605,0.5623757243156433
3123,2763,1,4.293016569789643e-06,0.789300262928009,0.9894641637802124,0.7909356951713562,0.9924828410148621
3124,2764,1,4.768130371424206e-06,0.9909420609474182,0.22719906270503998,0.9933835864067078,0.22925594449043274
3125,2773,1,1.4283568106066014e-08,0.5748540163040161,0.9967202544212341,0.574951708316803,0.9968683123588562
3126,2786,1,8.843636756239448e-08,0.5137295722961426,0.9967201948165894,0.513964056968689,0.997348964214325
3127,2791,1,1.7390176598741647e-07,0.03234115242958069,0.9967202544212341,0.03247430548071861,0.9984402656555176
3128,2792,1,1.6941089464594938e-07,0.212127223610878,0.9967201948165894,0.21224693953990936,0.9982596039772034
3129,2796,1,1.9541382183518863e-06,0.6384932994842529,0.9894641637802124,0.639382541179657,0.9927335381507874
3130,2797,1,5.04011854474129e-07,0.990942120552063,0.9874505400657654,0.992681086063385,0.9877488613128662
3131,2799,1,3.707429865441869e-05,0.9365819692611694,0.0015371254412457347,0.9507141709327698,0.005412471946328878
3132,2800,1,1.267475363775361e-06,0.9909420609474182,0.11823747307062149,0.9935423731803894,0.11896926909685135
3133,2805,1,4.032801186326651e-07,0.9909420609474182,0.8419468402862549,0.9927896857261658,0.8421699404716492
3134,2808,1,5.367821178658971e-07,0.09437853842973709,0.9967202544212341,0.0947328507900238,0.9983626008033752
3135,2812,1,3.717545555836921e-07,0.9909420609474182,0.07033953815698624,0.9936556816101074,0.07048144191503525
3136,2813,1,3.393992020761516e-07,0.3885849714279175,0.9967202544212341,0.3889579772949219,0.9979335069656372
3137,2814,1,3.0149382190813867e-07,0.3420899212360382,0.9967202544212341,0.3423742353916168,0.9980162978172302
3138,2815,1,3.045855931915753e-07,0.2654407024383545,0.9967201948165894,0.26566800475120544,0.9981812238693237
3139,2818,1,8.01933531136001e-07,0.9627727270126343,0.9894641637802124,0.9631177186965942,0.9922411441802979
3140,2824,1,8.755815795069566e-06,0.581697940826416,0.980640172958374,0.5841161608695984,0.9853965044021606
3141,2827,1,5.0978102690280025e-06,0.9909420013427734,0.25846317410469055,0.9933316111564636,0.26084408164024353
3142,2828,1,4.44461689319553e-06,0.9909420609474182,0.42206504940986633,0.9932035207748413,0.42428669333457947
3143,2832,1,1.015601687903711e-05,0.7118083834648132,0.980640172958374,0.7143091559410095,0.9852256178855896
3144,2833,1,2.9725228758437083e-06,0.29916316270828247,0.9894641637802124,0.30053967237472534,0.9931403398513794
3145,2834,1,2.7845274104265627e-06,0.9909420609474182,0.3967703580856323,0.993269681930542,0.39811939001083374
3146,2836,1,2.076277477058852e-06,0.9909420609474182,0.32002022862434387,0.9933615922927856,0.3210615813732147
3147,2840,1,2.4307976878024107e-06,0.9909420609474182,0.009652639739215374,0.9936612844467163,0.010760745964944363
3148,2841,1,2.041203801539382e-06,0.9909420609474182,0.14740386605262756,0.9934836626052856,0.14874167740345
3149,2853,1,7.675706346965683e-06,0.2490515112876892,0.9894641637802124,0.2516162097454071,0.9931214451789856
3150,2858,1,1.9094195357283184e-05,0.4422682225704193,0.967793881893158,0.4462682902812958,0.9769029021263123
3151,2860,1,9.318945349612306e-06,0.22451476752758026,0.9894642233848572,0.22780004143714905,0.9931313991546631
3152,2861,1,6.157436995835042e-07,0.9909420609474182,0.3101505637168884,0.9934041500091553,0.31047213077545166
3153,2862,1,5.790894483936881e-07,0.9909420013427734,0.5757325887680054,0.9931918382644653,0.5760366320610046
3154,2866,1,8.64502568947989e-06,0.029420267790555954,0.9894642233848572,0.03247038647532463,0.9934866428375244
3155,2869,1,6.383975614809856e-06,0.32162484526634216,0.9894641637802124,0.32482850551605225,0.9930121302604675
3156,2872,1,5.522920135447862e-06,0.6196815967559814,0.9894641041755676,0.6223139762878418,0.9926827549934387
3157,2878,1,4.5121932341629645e-06,0.4006868600845337,0.9894641041755676,0.40206411480903625,0.9929891228675842
3158,2882,1,0.00010716014152833964,0.547747790813446,0.8959177732467651,0.557960569858551,0.9133130311965942
3159,2884,1,2.2051735657058202e-05,0.7599759101867676,0.9539369344711304,0.7642603516578674,0.9638124108314514
3160,2886,1,2.0141596142053686e-06,0.9909420609474182,0.7849448323249817,0.9928274154663086,0.7861049175262451
3161,2887,1,9.937213643951281e-06,0.9688326716423035,0.5781525373458862,0.9767965078353882,0.5800175666809082
3162,2888,1,1.6162916001150052e-06,0.9909420609474182,0.7209131121635437,0.9929441809654236,0.7217484712600708
3163,2891,1,3.706107179490825e-05,0.01671391725540161,0.9377778172492981,0.02037052996456623,0.9507444500923157
3164,2892,1,3.416533527200727e-07,0.1827775090932846,0.9967202544212341,0.18300680816173553,0.9982755184173584
3165,2893,1,3.7989877910149517e-07,0.17285875976085663,0.9967202544212341,0.17310835421085358,0.9982823729515076
3166,2898,1,5.621442662473441e-07,0.1379745900630951,0.9967201948165894,0.13839313387870789,0.9983230829238892
3167,2902,1,5.302350167823988e-07,0.12812365591526031,0.9967201948165894,0.12850074470043182,0.9983316659927368
3168,2906,1,2.9422440078974432e-05,0.9688326716423035,0.8080461025238037,0.9761872291564941,0.8143355846405029
3169,2907,1,1.1645490394229796e-05,0.9805991649627686,0.4626736342906952,0.9869693517684937,0.4656583070755005
3170,2914,1,1.927078336905197e-07,0.4904189109802246,0.9967202544212341,0.49071168899536133,0.9975252151489258
3171,2915,1,3.7882476089379225e-07,0.48321038484573364,0.9967202544212341,0.48373544216156006,0.9976329803466797
3172,2916,1,3.834750685882682e-07,0.48680973052978516,0.9967201948165894,0.4873446524143219,0.9975813031196594
3173,2924,1,2.339418384011971e-07,0.029128435999155045,0.9967202544212341,0.02926684357225895,0.9984411597251892
3174,2925,1,1.7127491513946325e-07,0.12493422627449036,0.9967202544212341,0.1250493824481964,0.9983482956886292
3175,2932,1,1.8848154351935875e-05,0.9688327312469482,0.48297667503356934,0.9769848585128784,0.48569437861442566
3176,2934,1,7.332869438325673e-07,0.07342096418142319,0.9967201948165894,0.07392849028110504,0.9983904957771301
3177,2935,1,9.317319094037657e-07,0.9909420013427734,0.8951327800750732,0.9927161335945129,0.8957033753395081
3178,2937,1,3.244362236642928e-07,0.9909420609474182,0.6968843936920166,0.9929936528205872,0.6970731616020203
3179,2938,1,8.961741053692407e-07,0.0387205146253109,0.9967202544212341,0.039381664246320724,0.9984048008918762
3180,2940,1,8.605809682649124e-07,0.990942120552063,0.8698089122772217,0.9927329421043396,0.8705086708068848
3181,2945,1,2.0501704893760575e-05,0.9538221955299377,0.45581093430519104,0.9653242826461792,0.4581914246082306
3182,2947,1,5.4613064985886695e-06,0.282272070646286,0.9894641637802124,0.2839316725730896,0.9931393265724182
3183,2948,1,9.19258601506101e-06,0.9534662961959839,0.9806401133537292,0.9565900564193726,0.9847743511199951
3184,2949,1,2.2006423423981403e-05,0.3425668478012085,0.9539368748664856,0.34577494859695435,0.9642777442932129
3185,2951,1,9.091347482836909e-06,0.5353302359580994,0.9894641637802124,0.5385556221008301,0.9927452802658081
3186,2953,1,8.569017635462473e-06,0.07166723906993866,0.9894641041755676,0.0748622715473175,0.9934241771697998
3187,2955,1,2.5965435632713252e-05,0.8858489394187927,0.967793881893158,0.8908479809761047,0.9764277338981628
3188,2958,1,7.962822161644567e-07,0.16589942574501038,0.9967202544212341,0.16650186479091644,0.9982682466506958
3189,2959,1,7.763034646224298e-07,0.15525946021080017,0.9967202544212341,0.1558331549167633,0.9982820749282837
3190,2961,1,9.1590647705031e-07,0.025425700470805168,0.9967201948165894,0.02605416812002659,0.9984176754951477
3191,2968,1,5.370636088741776e-06,0.9672042727470398,0.980640172958374,0.9693388342857361,0.9848051071166992
3192,2969,1,1.0971954358840463e-05,0.23414094746112823,0.9894641637802124,0.23776720464229584,0.9931021928787231
3193,2973,1,5.309938627462429e-06,0.8395545482635498,0.9894642233848572,0.8419896364212036,0.9923644661903381
3194,2976,1,7.649594673253546e-07,0.14498268067836761,0.9967201948165894,0.14554372429847717,0.9982917904853821
3195,2977,1,1.9900409444773004e-06,0.6750362515449524,0.9894641637802124,0.6758955717086792,0.9926987886428833
3196,2978,1,6.9038607029559e-06,0.01781967096030712,0.9894641041755676,0.02089267037808895,0.9934982061386108
3197,2988,1,5.945867426859763e-06,0.5764162540435791,0.9806400537490845,0.5786235928535461,0.9854108691215515
3198,2990,1,7.192181716408896e-06,0.09702681750059128,0.9894642233848572,0.09974432736635208,0.9933968186378479
3199,2999,1,1.262644495625409e-07,0.4799995422363281,0.9967202544212341,0.48013609647750854,0.9976965188980103
3200,3003,1,7.757415687592584e-08,0.5038712024688721,0.9967201948165894,0.504000723361969,0.997400164604187
3201,3007,1,6.427661475072455e-06,0.7325246930122375,0.9894641637802124,0.7350885272026062,0.9925426244735718
3202,3009,1,3.323368230834234e-06,0.9909420013427734,0.07355574518442154,0.9935603141784668,0.07540920376777649
3203,3019,1,9.757142560573584e-07,0.9909420013427734,0.6327455043792725,0.9930974841117859,0.6332321166992188
3204,3020,1,9.490488093177873e-07,0.9909420609474182,0.6797800064086914,0.9930011034011841,0.680242121219635
3205,3021,1,6.9178914472445285e-06,0.46265944838523865,0.9894641637802124,0.46535295248031616,0.9928572177886963
3206,3022,1,5.851528221967328e-07,0.9909420013427734,0.45163998007774353,0.9932758808135986,0.45212939381599426
3207,3023,1,1.9666464030621e-06,0.6858460307121277,0.9806400537490845,0.68662428855896,0.9853474497795105
3208,3025,1,1.7344416871623025e-06,0.926173985004425,0.9894641637802124,0.9270235300064087,0.9922738075256348
3209,3032,1,2.4038012028881894e-05,0.8366197347640991,0.48859238624572754,0.8621987104415894,0.492371141910553
3210,3034,1,9.862112548830737e-07,0.9909420013427734,0.8814250230789185,0.992722749710083,0.882188618183136
3211,3035,1,2.6690915806426574e-06,0.16926656663417816,0.967793881893158,0.1697368323802948,0.97739577293396
3212,3052,1,1.7985671423303984e-06,0.9909420609474182,0.8452441692352295,0.9927454590797424,0.8463252782821655
3213,3053,1,1.8834560151503865e-06,0.990942120552063,0.8237568736076355,0.9927689433097839,0.8249170184135437
3214,3055,1,1.3666240761267545e-07,0.5234280228614807,0.9967202544212341,0.5237730145454407,0.9972764253616333
3215,3057,1,5.32166568589787e-07,0.9909420609474182,0.5300443172454834,0.993233859539032,0.530433714389801
3216,3058,1,8.784942433504028e-06,0.13403978943824768,0.9894641637802124,0.13638149201869965,0.9933887124061584
3217,3059,1,7.928042577987071e-08,0.5104497075080872,0.9967202544212341,0.5106552243232727,0.9973856806755066
3218,3064,1,7.014977292385538e-07,0.9909420609474182,0.6497475504875183,0.9930334687232971,0.6502925157546997
3219,3065,1,4.45395216441824e-05,0.4463494122028351,0.9176657795906067,0.45032885670661926,0.9337813854217529
3220,3066,1,1.2849533860270768e-06,0.058956995606422424,0.9967202544212341,0.059855055063962936,0.9983809590339661
3221,3068,1,1.479692567585289e-06,0.9909420013427734,0.6833164691925049,0.9929789304733276,0.6841184496879578
3222,3069,1,3.162200741257948e-07,0.25524666905403137,0.9967201948165894,0.25564315915107727,0.9981896281242371
3223,3070,1,5.892043401978242e-05,0.8366197347640991,0.2322179526090622,0.8630874156951904,0.2364782840013504
3224,3071,1,2.0317231461675078e-05,0.9688326716423035,0.5077602863311768,0.976938009262085,0.5103617310523987
3225,3072,1,3.507713116246425e-06,0.9909420609474182,0.024728888645768166,0.9936281442642212,0.02622039243578911
3226,3076,1,5.984721642704471e-07,0.9909420609474182,0.3166780471801758,0.9934017658233643,0.3169459104537964
3227,3077,1,1.9357419134280462e-06,0.9909420609474182,0.427360862493515,0.9932637810707092,0.42827147245407104
3228,3078,1,1.7539628327511991e-06,0.9909420013427734,0.4924326539039612,0.9932355284690857,0.49333325028419495
3229,3080,1,1.8364605836040937e-08,0.5494856238365173,0.9967201948165894,0.5496111512184143,0.9969403743743896
3230,3084,1,4.3367168434116365e-07,0.9909420609474182,0.34354913234710693,0.9933756589889526,0.3438209593296051
3231,3085,1,5.358594981075271e-07,0.9909420609474182,0.2889325022697449,0.9934229850769043,0.28922367095947266
3232,3095,1,1.333875410125529e-08,0.5431643128395081,0.9967202544212341,0.5432678461074829,0.9969779253005981
3233,3097,1,1.0983912659412454e-06,0.9003302454948425,0.9894641041755676,0.9009572267532349,0.9923408031463623
3234,3105,1,8.870446556841216e-06,0.1541009396314621,0.9894641041755676,0.15664952993392944,0.9933493137359619
3235,3106,1,1.0276820520793706e-05,0.3596055209636688,0.9806401133537292,0.36195695400238037,0.9857295751571655
3236,3108,1,1.1306415785838908e-06,0.9909420609474182,0.5431618690490723,0.993200957775116,0.5438442826271057
3237,3110,1,8.710592767080527e-07,0.9909420609474182,0.20965303480625153,0.9934660196304321,0.2101888358592987
3238,3119,1,3.240759724398856e-05,0.9538222551345825,0.19531574845314026,0.9654983282089233,0.19838939607143402
3239,3126,1,2.7589307848963074e-05,0.22159580886363983,0.9539368748664856,0.22633817791938782,0.9643225073814392
3240,3127,1,2.007099114909039e-05,0.30706000328063965,0.9377778172492981,0.3093041479587555,0.9505478739738464
3241,3129,1,3.584801966383111e-07,0.9909420013427734,0.5573279857635498,0.9932001829147339,0.5575534105300903
3242,3130,1,1.8613440033732331e-07,0.990942120552063,0.3625052273273468,0.9933485984802246,0.36262473464012146
3243,3136,1,2.64609341882327e-06,0.9909420013427734,0.10304489731788635,0.9935329556465149,0.1041904166340828
3244,3137,1,2.9842155663400982e-06,0.9909420609474182,0.0015371436020359397,0.9936652779579163,0.0027905323076993227
3245,3143,1,1.2277336480792655e-08,0.5780259966850281,0.9967201948165894,0.5781479477882385,0.9968663454055786
3246,3152,1,2.922000067684394e-06,0.9909420609474182,0.461802214384079,0.9932209849357605,0.46328166127204895
3247,3156,1,1.2364298029865495e-07,0.5070749521255493,0.9967202544212341,0.5073754787445068,0.9973909854888916
3248,3161,1,1.5295026409845036e-05,0.9688326716423035,0.4521087408065796,0.9769594073295593,0.45564591884613037
3249,3162,1,2.4338947843816072e-05,0.16851948201656342,0.9377777576446533,0.17345894873142242,0.9505276679992676
3250,3166,1,5.3113551594208275e-05,0.7138947248458862,0.9176657795906067,0.7216193675994873,0.9332501292228699
3251,3168,1,1.7215065874154334e-05,0.9805991649627686,0.25705093145370483,0.9874380230903625,0.2596789002418518
3252,3169,1,2.0148666116881486e-05,0.9805991649627686,0.45269399881362915,0.9869576096534729,0.456238329410553
3253,3170,1,1.3289650567571698e-05,0.9805991649627686,0.6739843487739563,0.9866640567779541,0.676497220993042
3254,3171,1,2.0356844251168127e-05,0.37835991382598877,0.9539369344711304,0.38288211822509766,0.9641678333282471
3255,3172,1,1.7512944896935778e-05,0.9805991053581238,0.29290175437927246,0.987308144569397,0.29576176404953003
3256,3176,1,3.2484468626137186e-05,0.5425621271133423,0.9539369344711304,0.5472244024276733,0.9639736413955688
3257,3179,1,5.734819773633992e-05,0.006899117026478052,0.9377777576446533,0.013639664277434349,0.950596809387207
3258,3180,1,3.238642334491004e-05,0.26081132888793945,0.9377778172492981,0.2653641998767853,0.9504779577255249
3259,3182,1,4.08850665944982e-06,0.9909420013427734,0.35348981618881226,0.9932519793510437,0.35576680302619934
3260,3183,1,6.213901961871215e-07,0.9909420609474182,0.5397512912750244,0.9932246804237366,0.5400875806808472
3261,3184,1,1.0241262060617373e-06,0.990942120552063,0.6363063454627991,0.9930616617202759,0.6369942426681519
3262,3185,1,3.0029895576877408e-05,0.9805991649627686,0.04900456964969635,0.9875627756118774,0.05584293603897095
3263,3186,1,2.0983111249428532e-05,0.9180300831794739,0.14308232069015503,0.9332844614982605,0.14579497277736664
3264,3187,1,6.158824546353969e-05,0.9538222551345825,0.32131510972976685,0.9651021957397461,0.33048251271247864
3265,3189,1,8.501904801505589e-06,0.9538223147392273,0.46706393361091614,0.9653050303459167,0.46963247656822205
3266,3190,1,4.953803576768223e-05,0.9180300831794739,0.39399006962776184,0.9327380061149597,0.4001350402832031
3267,3193,1,3.592489409420807e-05,0.7729086875915527,0.9539368152618408,0.7792771458625793,0.9636882543563843
3268,3195,1,2.1825709618283895e-05,0.9688326120376587,0.6097749471664429,0.9765945076942444,0.6148833632469177
3269,3196,1,2.0424125916740365e-05,0.9805991649627686,0.09926857054233551,0.9876571297645569,0.10256830602884293
3270,3197,1,8.999642098217464e-08,0.9909420013427734,0.9548017382621765,0.9927191138267517,0.9548973441123962
3271,3200,1,3.946325345438595e-05,0.8366197347640991,0.33763042092323303,0.8627919554710388,0.3409983217716217
3272,3201,1,3.2144775019560257e-07,0.990942120552063,0.73143470287323,0.9929690957069397,0.7316805124282837
3273,3202,1,1.9338994494688677e-07,0.4638460874557495,0.9967201948165894,0.4640728533267975,0.9977895021438599
3274,3204,1,2.785000319249775e-07,0.4703219532966614,0.9967202544212341,0.47063013911247253,0.9977579712867737
3275,3205,1,2.732321107146163e-07,0.45395880937576294,0.9967202544212341,0.45426738262176514,0.9978023171424866
3276,3211,1,1.8638792642633462e-07,0.3820950388908386,0.9967202544212341,0.38228246569633484,0.9979491829872131
3277,3214,1,3.7280974307662973e-07,0.4372781217098236,0.9967202544212341,0.4377005696296692,0.997821033000946
3278,3216,1,2.52377873266596e-07,0.3617182672023773,0.9967201948165894,0.36192139983177185,0.9979672431945801
3279,3217,1,1.5744001723660972e-05,0.28351616859436035,0.9806401133537292,0.28686150908470154,0.9858343601226807
3280,3219,1,7.139285362223191e-06,0.0392661914229393,0.9894641637802124,0.04224841296672821,0.9934859871864319
3281,3221,1,2.0891115869225985e-05,0.9805991649627686,0.3681364059448242,0.9870428442955017,0.37331318855285645
3282,3223,1,1.1144942959617765e-06,0.8289825320243835,0.9894641041755676,0.8295169472694397,0.9924800395965576
3283,3226,1,4.523042872239813e-05,0.4235440194606781,0.9176657199859619,0.42650920152664185,0.9338701367378235
3284,3227,1,1.9671109931174158e-05,0.9688326120376587,0.47160622477531433,0.9769802093505859,0.47449183464050293
3285,3229,1,1.0695514756520197e-05,0.2540968656539917,0.9806400537490845,0.2564874589443207,0.9859433770179749
3286,3230,1,1.1966849378097777e-05,0.9805992245674133,0.8193322420120239,0.9864452481269836,0.8223133683204651
3287,3232,1,5.8567899686501335e-05,0.894639253616333,0.48493701219558716,0.9138065576553345,0.4886012375354767
3288,3233,1,7.289089364093115e-06,0.8946393132209778,0.4328922927379608,0.9140580296516418,0.435219407081604
3289,3236,1,1.3085481862185055e-05,0.9805991053581238,0.043779827654361725,0.9877990484237671,0.04593021050095558
3290,3237,1,1.5991660204051072e-05,0.9805991649627686,0.6099748015403748,0.9867478013038635,0.6126803159713745
3291,3238,1,1.8275157129821196e-05,0.9805991649627686,0.355141818523407,0.9871663451194763,0.35834425687789917
3292,3239,1,1.4006758950024789e-05,0.9805992245674133,0.3129264712333679,0.9873001575469971,0.31524890661239624
3293,3240,1,1.4598004363746558e-05,0.9805991053581238,0.0015371241606771946,0.9878677129745483,0.003744254820048809
3294,3241,1,1.7410838584197563e-05,0.9805991649627686,0.5472421050071716,0.9868214726448059,0.5508373975753784
3295,3242,1,8.773383795457335e-06,0.9805991649627686,0.37638741731643677,0.9871760606765747,0.37882182002067566
3296,3244,1,0.0001048916821932977,0.9180300831794739,0.4736160933971405,0.9324951767921448,0.48357027769088745
3297,3245,1,3.500734858885579e-05,0.9180300831794739,0.3340625762939453,0.9330358505249023,0.3365517556667328
3298,3252,1,1.6878140704612576e-05,0.9805992245674133,0.3368890583515167,0.9872491955757141,0.33958548307418823
3299,3253,1,1.6587243550247877e-05,0.9805991649627686,0.6540235280990601,0.9866888523101807,0.6570665240287781
3300,3258,1,1.2278591087433455e-05,0.21895280480384827,0.9806400537490845,0.22168748080730438,0.9859499335289001
3301,3259,1,1.7008634179305204e-05,0.9805991053581238,0.2870984971523285,0.9873269200325012,0.28982746601104736
3302,3264,1,1.0749321761149844e-05,0.1660458743572235,0.9894641041755676,0.16932107508182526,0.9933004379272461
3303,3274,1,1.9922155136686825e-07,0.0557081438601017,0.9967202544212341,0.05588274076581001,0.9984191656112671
3304,3282,1,1.3464201199298031e-05,0.9805992841720581,0.737891674041748,0.9865791201591492,0.7402166128158569
3305,3283,1,3.5454065223206044e-05,0.9283969402313232,0.9539368748664856,0.9349019527435303,0.9634569883346558
3306,3286,1,4.677218954785012e-05,0.016971295699477196,0.9539368748664856,0.025397231802344322,0.964393138885498
3307,3289,1,3.6148453091300325e-05,0.9538222551345825,0.782749354839325,0.9647682905197144,0.7864391207695007
3308,3290,1,3.3965391778245646e-05,0.9538222551345825,0.3425022065639496,0.9653876423835754,0.34558385610580444
3309,3291,1,3.7391821257948266e-05,0.9538222551345825,0.3037891387939453,0.9653910994529724,0.30755794048309326
3310,3292,1,1.7301818033388372e-05,0.9805991649627686,0.9162060022354126,0.9862968921661377,0.9195472002029419
3311,3294,1,1.2298470615235146e-06,0.9909420013427734,0.3588411509990692,0.9933305978775024,0.3594309389591217
3312,3296,1,3.008791247527398e-05,0.9688327312469482,0.3302551805973053,0.9769279360771179,0.33666348457336426
3313,3298,1,1.8790655964551206e-06,0.9538223147392273,0.7278555035591125,0.965013861656189,0.7281447649002075
3314,3299,1,1.7408018493370037e-07,0.9688326716423035,0.08100362122058868,0.9775248765945435,0.08104468882083893
3315,3300,1,2.1817431417048283e-07,0.9909420013427734,0.7142364978790283,0.9929864406585693,0.7143809795379639
3316,3303,1,3.837594739763972e-07,0.9909420609474182,0.6400685906410217,0.99306720495224,0.6403473615646362
3317,3304,1,1.811264181528216e-05,0.9805991649627686,0.24129459261894226,0.9874613881111145,0.24441474676132202
3318,3305,1,6.341831523926089e-06,0.7685181498527527,0.9894641637802124,0.7709201574325562,0.9924779534339905
3319,3307,1,5.019674823358855e-06,0.9074642658233643,0.9894642233848572,0.9093148708343506,0.9922518730163574
3320,3311,1,5.531251865420472e-07,0.9909420609474182,0.7347548604011536,0.9929622411727905,0.735077977180481
3321,3314,1,8.339356445397073e-07,0.9909420609474182,0.18237338960170746,0.993511974811554,0.18271082639694214
3322,3315,1,7.80941041611527e-07,0.9909420609474182,0.7071130871772766,0.9929723143577576,0.7075527310371399
3323,3316,1,5.8682902839279905e-06,0.5771245956420898,0.9894641637802124,0.5792303681373596,0.9927616715431213
3324,3317,1,0.00010343761898568005,0.9180301427841187,0.5911619067192078,0.9321277141571045,0.6042114496231079
3325,3318,1,3.95051832295934e-05,0.9180301427841187,0.861040472984314,0.9321965575218201,0.8656870722770691
3326,3319,1,5.288764003275048e-05,0.4739435017108917,0.8959178328514099,0.47994503378868103,0.9136518836021423
3327,3320,1,8.220869160524558e-05,0.9365820288658142,0.45825037360191345,0.9497241973876953,0.46859657764434814
3328,3323,1,1.4225158456504516e-05,0.9538222551345825,0.4612657427787781,0.9653044939041138,0.4639897346496582
3329,3324,1,4.1921999325733594e-05,0.13421425223350525,0.9539369344711304,0.1398681253194809,0.9643822312355042
3330,3325,1,3.217056309434696e-05,0.38595643639564514,0.9539369344711304,0.392925888299942,0.9640413522720337
3331,3326,1,3.0151303636039017e-05,0.9538222551345825,0.4830990135669708,0.9652666449546814,0.4861007034778595
3332,3327,1,1.4831184391717045e-06,0.9909420013427734,0.1428830623626709,0.9934815764427185,0.1443295180797577
3333,3329,1,6.826538926674175e-05,0.9538223743438721,0.4259450435638428,0.9649521708488464,0.4359372556209564
3334,3331,1,2.3566307074673887e-05,0.9141024351119995,0.9539368748664856,0.9174362421035767,0.9636462330818176
3335,3333,1,2.3752652437654398e-05,0.001537167001515627,0.9377778172492981,0.003824836341664195,0.9508481621742249
3336,3334,1,4.519428786764479e-07,0.27933675050735474,0.9967202544212341,0.27973464131355286,0.9981290102005005
3337,3335,1,1.9866145155589265e-05,0.9538222551345825,0.47270676493644714,0.9652901291847229,0.4754572808742523
3338,3336,1,1.552279102567944e-05,0.11055991053581238,0.967793881893158,0.11443354934453964,0.9772721529006958
3339,3339,1,4.034664726759729e-07,0.21532122790813446,0.9967202544212341,0.2156534641981125,0.9982484579086304
3340,3340,1,2.5572786910288414e-07,0.3291489779949188,0.9967201948165894,0.3294149339199066,0.9980440735816956
3341,3341,1,3.683797338283057e-07,0.9909420013427734,0.7996494174003601,0.9928426146507263,0.7998784184455872
3342,3342,1,3.6910416612023766e-07,0.08742360025644302,0.9967202544212341,0.08766713738441467,0.9983733892440796
3343,3343,1,6.29350406455842e-07,0.9909420013427734,0.33381879329681396,0.9933848977088928,0.3341294229030609
3344,3344,1,5.390331129895287e-06,0.342782586812973,0.9894641637802124,0.3445977568626404,0.993035614490509
